t_s,I_A,SOC_static,Vt_static_V,SOC_dynamic,Vt_dynamic_V,V1_V,V2_V
0.0,0.0,0.85,13.26421481264182,0.85,13.26421481264182,0.0,0.0
1.0,0.0,0.85,13.26421481264182,0.85,13.26421481264182,0.0,0.0
2.0,0.0,0.85,13.26421481264182,0.85,13.26421481264182,0.0,0.0
3.0,0.0,0.85,13.26421481264182,0.85,13.26421481264182,0.0,0.0
4.0,0.0,0.85,13.26421481264182,0.85,13.26421481264182,0.0,0.0
5.0,0.0,0.85,13.26421481264182,0.85,13.26421481264182,0.0,0.0
6.0,0.0,0.85,13.26421481264182,0.85,13.26421481264182,0.0,0.0
7.0,0.0,0.85,13.26421481264182,0.85,13.26421481264182,0.0,0.0
8.0,0.0,0.85,13.26421481264182,0.85,13.26421481264182,0.0,0.0
9.0,0.0,0.85,13.26421481264182,0.85,13.26421481264182,0.0,0.0
10.0,0.0,0.85,13.26421481264182,0.85,13.26421481264182,0.0,0.0
11.0,0.0,0.85,13.26421481264182,0.85,13.26421481264182,0.0,0.0
12.0,0.0,0.85,13.26421481264182,0.85,13.26421481264182,0.0,0.0
13.0,0.0,0.85,13.26421481264182,0.85,13.26421481264182,0.0,0.0
14.0,0.0,0.85,13.26421481264182,0.85,13.26421481264182,0.0,0.0
15.0,0.0,0.85,13.26421481264182,0.85,13.26421481264182,0.0,0.0
16.0,0.0,0.85,13.26421481264182,0.85,13.26421481264182,0.0,0.0
17.0,0.0,0.85,13.26421481264182,0.85,13.26421481264182,0.0,0.0
18.0,0.0,0.85,13.26421481264182,0.85,13.26421481264182,0.0,0.0
19.0,0.0,0.85,13.26421481264182,0.85,13.26421481264182,0.0,0.0
20.0,0.0,0.85,13.26421481264182,0.85,13.26421481264182,0.0,0.0
21.0,0.0,0.85,13.26421481264182,0.85,13.26421481264182,0.0,0.0
22.0,0.0,0.85,13.26421481264182,0.85,13.26421481264182,0.0,0.0
23.0,0.0,0.85,13.26421481264182,0.85,13.26421481264182,0.0,0.0
24.0,0.0,0.85,13.26421481264182,0.85,13.26421481264182,0.0,0.0
25.0,0.0,0.85,13.26421481264182,0.85,13.26421481264182,0.0,0.0
26.0,0.0,0.85,13.26421481264182,0.85,13.26421481264182,0.0,0.0
27.0,0.0,0.85,13.26421481264182,0.85,13.26421481264182,0.0,0.0
28.0,0.0,0.85,13.26421481264182,0.85,13.26421481264182,0.0,0.0
29.0,0.0,0.85,13.26421481264182,0.85,13.26421481264182,0.0,0.0
30.0,0.0,0.85,13.26421481264182,0.85,13.26421481264182,0.0,0.0
31.0,0.0,0.85,13.26421481264182,0.85,13.26421481264182,0.0,0.0
32.0,0.0,0.85,13.26421481264182,0.85,13.26421481264182,0.0,0.0
33.0,0.0,0.85,13.26421481264182,0.85,13.26421481264182,0.0,0.0
34.0,0.0,0.85,13.26421481264182,0.85,13.26421481264182,0.0,0.0
35.0,0.0,0.85,13.26421481264182,0.85,13.26421481264182,0.0,0.0
36.0,0.0,0.85,13.26421481264182,0.85,13.26421481264182,0.0,0.0
37.0,0.0,0.85,13.26421481264182,0.85,13.26421481264182,0.0,0.0
38.0,0.0,0.85,13.26421481264182,0.85,13.26421481264182,0.0,0.0
39.0,0.0,0.85,13.26421481264182,0.85,13.26421481264182,0.0,0.0
40.0,0.0,0.85,13.26421481264182,0.85,13.26421481264182,0.0,0.0
41.0,0.0,0.85,13.26421481264182,0.85,13.26421481264182,0.0,0.0
42.0,0.0,0.85,13.26421481264182,0.85,13.26421481264182,0.0,0.0
43.0,0.0,0.85,13.26421481264182,0.85,13.26421481264182,0.0,0.0
44.0,0.0,0.85,13.26421481264182,0.85,13.26421481264182,0.0,0.0
45.0,0.0,0.85,13.26421481264182,0.85,13.26421481264182,0.0,0.0
46.0,0.0,0.85,13.26421481264182,0.85,13.26421481264182,0.0,0.0
47.0,0.0,0.85,13.26421481264182,0.85,13.26421481264182,0.0,0.0
48.0,0.0,0.85,13.26421481264182,0.85,13.26421481264182,0.0,0.0
49.0,0.0,0.85,13.26421481264182,0.85,13.26421481264182,0.0,0.0
50.0,0.0,0.85,13.26421481264182,0.85,13.26421481264182,0.0,0.0
51.0,0.0,0.85,13.26421481264182,0.85,13.26421481264182,0.0,0.0
52.0,0.0,0.85,13.26421481264182,0.85,13.26421481264182,0.0,0.0
53.0,0.0,0.85,13.26421481264182,0.85,13.26421481264182,0.0,0.0
54.0,0.0,0.85,13.26421481264182,0.85,13.26421481264182,0.0,0.0
55.0,0.0,0.85,13.26421481264182,0.85,13.26421481264182,0.0,0.0
56.0,0.0,0.85,13.26421481264182,0.85,13.26421481264182,0.0,0.0
57.0,0.0,0.85,13.26421481264182,0.85,13.26421481264182,0.0,0.0
58.0,0.0,0.85,13.26421481264182,0.85,13.26421481264182,0.0,0.0
59.0,0.0,0.85,13.26421481264182,0.85,13.26421481264182,0.0,0.0
60.0,0.0,0.85,13.26421481264182,0.85,13.26421481264182,0.0,0.0
61.0,0.0,0.85,13.26421481264182,0.85,13.26421481264182,0.0,0.0
62.0,0.0,0.85,13.26421481264182,0.85,13.26421481264182,0.0,0.0
63.0,0.0,0.85,13.26421481264182,0.85,13.26421481264182,0.0,0.0
64.0,0.0,0.85,13.26421481264182,0.85,13.26421481264182,0.0,0.0
65.0,0.0,0.85,13.26421481264182,0.85,13.26421481264182,0.0,0.0
66.0,0.0,0.85,13.26421481264182,0.85,13.26421481264182,0.0,0.0
67.0,0.0,0.85,13.26421481264182,0.85,13.26421481264182,0.0,0.0
68.0,0.0,0.85,13.26421481264182,0.85,13.26421481264182,0.0,0.0
69.0,0.0,0.85,13.26421481264182,0.85,13.26421481264182,0.0,0.0
70.0,0.0,0.85,13.26421481264182,0.85,13.26421481264182,0.0,0.0
71.0,0.0,0.85,13.26421481264182,0.85,13.26421481264182,0.0,0.0
72.0,0.0,0.85,13.26421481264182,0.85,13.26421481264182,0.0,0.0
73.0,0.0,0.85,13.26421481264182,0.85,13.26421481264182,0.0,0.0
74.0,0.0,0.85,13.26421481264182,0.85,13.26421481264182,0.0,0.0
75.0,0.0,0.85,13.26421481264182,0.85,13.26421481264182,0.0,0.0
76.0,0.0,0.85,13.26421481264182,0.85,13.26421481264182,0.0,0.0
77.0,0.0,0.85,13.26421481264182,0.85,13.26421481264182,0.0,0.0
78.0,0.0,0.85,13.26421481264182,0.85,13.26421481264182,0.0,0.0
79.0,0.0,0.85,13.26421481264182,0.85,13.26421481264182,0.0,0.0
80.0,0.0,0.85,13.26421481264182,0.85,13.26421481264182,0.0,0.0
81.0,0.0,0.85,13.26421481264182,0.85,13.26421481264182,0.0,0.0
82.0,0.0,0.85,13.26421481264182,0.85,13.26421481264182,0.0,0.0
83.0,0.0,0.85,13.26421481264182,0.85,13.26421481264182,0.0,0.0
84.0,0.0,0.85,13.26421481264182,0.85,13.26421481264182,0.0,0.0
85.0,0.0,0.85,13.26421481264182,0.85,13.26421481264182,0.0,0.0
86.0,0.0,0.85,13.26421481264182,0.85,13.26421481264182,0.0,0.0
87.0,0.0,0.85,13.26421481264182,0.85,13.26421481264182,0.0,0.0
88.0,0.0,0.85,13.26421481264182,0.85,13.26421481264182,0.0,0.0
89.0,0.0,0.85,13.26421481264182,0.85,13.26421481264182,0.0,0.0
90.0,0.0,0.85,13.26421481264182,0.85,13.26421481264182,0.0,0.0
91.0,0.0,0.85,13.26421481264182,0.85,13.26421481264182,0.0,0.0
92.0,0.0,0.85,13.26421481264182,0.85,13.26421481264182,0.0,0.0
93.0,0.0,0.85,13.26421481264182,0.85,13.26421481264182,0.0,0.0
94.0,0.0,0.85,13.26421481264182,0.85,13.26421481264182,0.0,0.0
95.0,0.0,0.85,13.26421481264182,0.85,13.26421481264182,0.0,0.0
96.0,0.0,0.85,13.26421481264182,0.85,13.26421481264182,0.0,0.0
97.0,0.0,0.85,13.26421481264182,0.85,13.26421481264182,0.0,0.0
98.0,0.0,0.85,13.26421481264182,0.85,13.26421481264182,0.0,0.0
99.0,0.0,0.85,13.26421481264182,0.85,13.26421481264182,0.0,0.0
100.0,0.0,0.85,13.26421481264182,0.85,13.26421481264182,0.0,0.0
101.0,0.0,0.85,13.26421481264182,0.85,13.26421481264182,0.0,0.0
102.0,0.0,0.85,13.26421481264182,0.85,13.26421481264182,0.0,0.0
103.0,0.0,0.85,13.26421481264182,0.85,13.26421481264182,0.0,0.0
104.0,0.0,0.85,13.26421481264182,0.85,13.26421481264182,0.0,0.0
105.0,0.0,0.85,13.26421481264182,0.85,13.26421481264182,0.0,0.0
106.0,0.0,0.85,13.26421481264182,0.85,13.26421481264182,0.0,0.0
107.0,0.0,0.85,13.26421481264182,0.85,13.26421481264182,0.0,0.0
108.0,0.0,0.85,13.26421481264182,0.85,13.26421481264182,0.0,0.0
109.0,0.0,0.85,13.26421481264182,0.85,13.26421481264182,0.0,0.0
110.0,0.0,0.85,13.26421481264182,0.85,13.26421481264182,0.0,0.0
111.0,0.0,0.85,13.26421481264182,0.85,13.26421481264182,0.0,0.0
112.0,0.0,0.85,13.26421481264182,0.85,13.26421481264182,0.0,0.0
113.0,0.0,0.85,13.26421481264182,0.85,13.26421481264182,0.0,0.0
114.0,0.0,0.85,13.26421481264182,0.85,13.26421481264182,0.0,0.0
115.0,0.0,0.85,13.26421481264182,0.85,13.26421481264182,0.0,0.0
116.0,0.0,0.85,13.26421481264182,0.85,13.26421481264182,0.0,0.0
117.0,0.0,0.85,13.26421481264182,0.85,13.26421481264182,0.0,0.0
118.0,0.0,0.85,13.26421481264182,0.85,13.26421481264182,0.0,0.0
119.0,0.0,0.85,13.26421481264182,0.85,13.26421481264182,0.0,0.0
120.0,30.0,0.85,13.143690869169806,0.85,13.146690869169806,0.0,0.0
121.0,30.0,0.84993961352657,13.143674789545091,0.84993961352657,13.146620333147647,5.120910427425042e-05,3.2472931706695213e-06
122.0,30.0,0.84987922705314,13.143658709920379,0.84987922705314,13.146552300030624,9.99207110622427e-05,6.489178693679413e-06
123.0,30.0,0.84981884057971,13.143642630295664,0.84981884057971,13.146486648005336,0.00014625662475368966,9.725665574269324e-06
124.0,30.0,0.84975845410628,13.143626550670952,0.84975845410628,13.146423261198882,0.00019033270926811953,1.2956762802682672e-05
125.0,30.0,0.84969806763285,13.143610471046237,0.84969806763285,13.146362029389108,0.00023225917777502548,1.618247935419161e-05
126.0,30.0,0.8496376811594201,13.143594391421525,0.8496376811594201,13.14630284772905,0.0002721408682841969,1.9402824189121968e-05
127.0,30.0,0.8495772946859901,13.14357831179681,0.8495772946859901,13.146245616484762,0.00031007750579535164,2.2617806252878138e-05
128.0,30.0,0.8495169082125601,13.1435622321721,0.8495169082125601,13.14619024078596,0.00034616395166257955,2.5827434475967917e-05
129.0,30.0,0.8494565217391301,13.143546152547385,0.8494565217391301,13.146136630388813,0.00038049044079713895,2.9031717774027325e-05
130.0,30.0,0.8493961352657001,13.143530072922673,0.8493961352657001,13.146084699450324,0.0004131428073017359,3.2230665047845354e-05
131.0,30.0,0.8493357487922701,13.143513993297958,0.8493357487922701,13.146034366313675,0.00044420269910049005,3.542428518338872e-05
132.0,30.0,0.8492753623188402,13.143497913673245,0.8492753623188402,13.145985553304094,0.0004737477821012734,3.861258705182652e-05
133.0,30.0,0.8492149758454102,13.143481834048531,0.8492149758454102,13.145938186534622,0.0005018519344009343,4.1795579509554875e-05
134.0,30.0,0.8491545893719802,13.143465754423818,0.8491545893719802,13.145892195721402,0.0005285854310190213,4.497327139822155e-05
135.0,30.0,0.8490942028985502,13.143449674799104,0.8490942028985502,13.145847514007936,0.000554015119621936,4.81456715447505e-05
136.0,30.0,0.8490338164251202,13.143433595174391,0.8490338164251202,13.145804077797953,0.0005782045876769189,5.1312788761366395e-05
137.0,30.0,0.8489734299516902,13.143417515549677,0.8489734299516902,13.145761826596377,0.0006012143214538387,5.44746318456191e-05
138.0,30.0,0.8489130434782602,13.143401435924964,0.8489130434782602,13.145720702858112,0.0006231018572723727,5.76312095804081e-05
139.0,30.0,0.8488526570048303,13.14338535630025,0.8488526570048303,13.145680651844142,0.0006439219253727756,6.0782530734006915e-05
140.0,30.0,0.8487922705314003,13.143369276675537,0.8487922705314003,13.145641621484707,0.0006637265867699875,6.392860406008743e-05
141.0,30.0,0.8487318840579703,13.143353197050823,0.8487318840579703,13.145603562249091,0.0006825653634332889,6.706943829774425e-05
142.0,30.0,0.8486714975845403,13.14333711742611,0.8486714975845403,13.145566427021823,0.0007004853621170186,7.020504217151896e-05
143.0,30.0,0.8486111111111103,13.143321037801396,0.8486111111111103,13.145530170984854,0.0007175313921519963,7.333542439142431e-05
144.0,30.0,0.8485507246376803,13.143304958176683,0.8485507246376803,13.145494751505538,0.00073374607749219,7.646059365296848e-05
145.0,30.0,0.8484903381642503,13.14328887855197,0.8484903381642503,13.145460128030036,0.0007491699632968027,7.958055863717922e-05
146.0,30.0,0.8484299516908204,13.143272798927258,0.8484299516908204,13.145426261981934,0.0007638416173142891,8.269532801062793e-05
147.0,30.0,0.8483695652173904,13.143256719302544,0.8483695652173904,13.145393116665797,0.0007777977263218163,8.580491042545377e-05
148.0,30.0,0.8483091787439604,13.143240639677831,0.8483091787439604,13.145360657175452,0.0007910731878613156,8.890931451938765e-05
149.0,30.0,0.8482487922705304,13.143224560053117,0.8482487922705304,13.1453288503067,0.0008037011975015149,9.20085489157763e-05
150.0,30.0,0.8481884057971004,13.143208480428404,0.8481884057971004,13.145297664474334,0.0008157133318441511,9.510262222360612e-05
151.0,30.0,0.8481280193236704,13.14319240080369,0.8481280193236704,13.14526706963317,0.0008271396274819223,9.819154303752719e-05
152.0,30.0,0.8480676328502404,13.143176321178977,0.8480676328502404,13.145237037202932,0.0008380086561056144,0.00010127531993787709
153.0,30.0,0.8480072463768105,13.143160241554263,0.8480072463768105,13.145207539996823,0.0008483475959482108,0.00010435396149070474
154.0,30.0,0.8479468599033805,13.143144161929548,0.8479468599033805,13.145178552153556,0.0008581822997446312,0.00010742747624779423
155.0,30.0,0.8478864734299505,13.143128082304836,0.8478864734299505,13.145150049072711,0.0008675373593770352,0.00011049587274668851
156.0,30.0,0.8478260869565205,13.143112002680121,0.8478260869565205,13.145122007353244,0.0008764361673673368,0.00011355915951071317
157.0,30.0,0.8477657004830905,13.143095923055409,0.8477657004830905,13.14509440473499,0.0008849009753706937,0.00011661734504900007
158.0,30.0,0.8477053140096605,13.143079843430694,0.8477053140096605,13.145067220043023,0.0008929529498162359,0.00011967043785651102
159.0,30.0,0.8476449275362306,13.143063763805982,0.8476449275362306,13.145040433134733,0.0009006122248341635,0.0001227184464140613
160.0,30.0,0.8475845410628006,13.143047684181267,0.8475845410628006,13.145014024849479,0.0009078979526015594,0.00012576137918834335
161.0,30.0,0.8475241545893706,13.143031604556557,0.8475241545893706,13.144987976960692,0.0009148283512328084,0.00012879924463195017
162.0,30.0,0.8474637681159406,13.143015524931842,0.8474637681159406,13.144962272130325,0.0009214207503343718,0.0001318320511833988
163.0,30.0,0.8474033816425106,13.14299944530713,0.8474033816425106,13.144936893865525,0.0009276916343378311,0.00013485980726715384
164.0,30.0,0.8473429951690806,13.142983365682415,0.8473429951690806,13.144911826477403,0.0009336566837195524,0.00013788252129365083
165.0,30.0,0.8472826086956506,13.142967286057702,0.8472826086956506,13.144887055041833,0.0009393308142100455,0.00014090020165931954
166.0,30.0,0.8472222222222207,13.142951206432988,0.8472222222222207,13.144862565362152,0.0009447282140910592,0.0001439128567466074
167.0,30.0,0.8471618357487907,13.142935126808275,0.8471618357487907,13.144838343933678,0.000949862379673676,0.00014692049492400264
168.0,30.0,0.8471014492753607,13.142919047183561,0.8471014492753607,13.144814377909968,0.00095474614904612,0.00014992312454605776
169.0,30.0,0.8470410628019307,13.142902967558848,0.8470410628019307,13.14479065507072,0.0009593917341756641,0.0001529207539534125
170.0,30.0,0.8469806763285007,13.142886887934134,0.8469806763285007,13.144767163791217,0.0009638107514449095,0.00015591339147281712
171.0,30.0,0.8469202898550707,13.142870808309421,0.8469202898550707,13.144743893013306,0.0009680142506987925,0.00015890104541715555
172.0,30.0,0.8468599033816407,13.142854728684707,0.8468599033816407,13.144720832217747,0.0009720127428749527,0.00016188372408546846
173.0,30.0,0.8467995169082108,13.142838649059994,0.8467995169082108,13.144697971397944,0.0009758162262865522,0.0001648614357629763
174.0,30.0,0.8467391304347808,13.14282256943528,0.8467391304347808,13.144675301034935,0.000979434211623266,0.00016783418872110228
175.0,30.0,0.8466787439613508,13.142806489810567,0.8466787439613508,13.144652812073618,0.0009828757457329602,0.00017080199121749545
176.0,30.0,0.8466183574879208,13.142790410185853,0.8466183574879208,13.144630495900113,0.0009861494342435244,0.00017376485149605352
177.0,30.0,0.8465579710144908,13.142774330561142,0.8465579710144908,13.144608344320273,0.0009892634630814228,0.00017672277778694583
178.0,30.0,0.8464975845410608,13.142758250936428,0.8464975845410608,13.14458634953918,0.0009922256189407756,0.00017967577830663623
179.0,30.0,0.8464371980676308,13.142742171311715,0.8464371980676308,13.144564504141703,0.0009950433087541491,0.00018262386125790582
180.0,30.0,0.8463768115942009,13.142726091687,0.8463768115942009,13.144542801073957,0.000997723578213746,0.0001855670348298758
181.0,30.0,0.8463164251207709,13.142710012062288,0.8463164251207709,13.144521233625701,0.0010002731293893051,0.00018850530719803022
182.0,30.0,0.8462560386473409,13.142693932437574,0.8462560386473409,13.144499795413562,0.0010026983374867673,0.00019143868652423865
183.0,30.0,0.8461956521739109,13.142677852812861,0.8461956521739109,13.144478480365116,0.0010050052667896108,0.0001943671809567789
184.0,30.0,0.8461352657004809,13.142661773188147,0.8461352657004809,13.144457282703694,0.0010071996858227183,0.00019729079863035957
185.0,30.0,0.8460748792270509,13.142645693563434,0.8460748792270509,13.144436196933992,0.0010092870817766948,0.0002002095476661428
186.0,30.0,0.846014492753621,13.14262961393872,0.846014492753621,13.14441521782832,0.0010112726742287008,0.00020312343617176663
187.0,30.0,0.845954106280191,13.142613534314007,0.845954106280191,13.144394340413571,0.0010131614281941154,0.00020603247224136768
188.0,30.0,0.845893719806761,13.142597454689293,0.845893719806761,13.144373559958796,0.0010149580665416603,0.00020893666395560358
189.0,30.0,0.845833333333331,13.14258137506458,0.845833333333331,13.144352871963395,0.0010166670818030313,0.0002118360193816754
190.0,30.0,0.845772946859901,13.142565295439866,0.845772946859901,13.144332272145885,0.0010182927474065681,0.00021473054657335008
191.0,30.0,0.845712560386471,13.142549215815153,0.845712560386471,13.14431175643322,0.0010198391283630511,0.0002176202535709828
192.0,30.0,0.845652173913041,13.142533136190439,0.845652173913041,13.144291320950607,0.0010213100914303454,0.00022050514840153928
193.0,30.0,0.845591787439611,13.142517056565728,0.845591787439611,13.144270962011868,0.0010227093147823095,0.00022338523907861814
194.0,30.0,0.8455314009661811,13.142500976941013,0.8455314009661811,13.144250676110204,0.0010240402972061461,0.0002262605336024731
195.0,30.0,0.8454710144927511,13.1424848973163,0.8454710144927511,13.14423045990949,0.001025306366851193,0.00022913103996003527
196.0,30.0,0.8454106280193211,13.142468817691586,0.8454106280193211,13.144210310235911,0.0010265106895510287,0.00023199676612493524
197.0,30.0,0.8453502415458911,13.142452738066874,0.8453502415458911,13.144190224070076,0.0010276562767397065,0.00023485772005752532
198.0,30.0,0.8452898550724611,13.14243665844216,0.8452898550724611,13.144170198539472,0.001028745992981908,0.0002377139097049016
199.0,30.0,0.8452294685990311,13.142420578817447,0.8452294685990311,13.144150230911311,0.0010297825631358465,0.00024056534300092604
200.0,30.0,0.8451690821256012,13.142404499192732,0.8451690821256012,13.1441303185857,0.001030768579166832,0.00024341202786624854
201.0,30.0,0.8451086956521712,13.14238841956802,0.8451086956521712,13.144110459089184,0.0010317065066285348,0.00024625397220832886
202.0,30.0,0.8450483091787412,13.142372339943305,0.8450483091787412,13.144090650068556,0.0010325986908281536,0.0002490911839214587
203.0,30.0,0.8449879227053112,13.142356260318593,0.8449879227053112,13.144070889285015,0.0010334473626909058,0.0002519236708867835
204.0,30.0,0.8449275362318812,13.142340180693878,0.8449275362318812,13.144051174608569,0.0010342546443385015,0.00025475144097232447
205.0,30.0,0.8448671497584512,13.142324101069166,0.8448671497584512,13.144031504012736,0.0010350225543955538,0.0002575745020330003
206.0,30.0,0.8448067632850212,13.142308021444451,0.8448067632850212,13.144011875569504,0.0010357530130371921,0.0002603928619106491
207.0,30.0,0.8447463768115913,13.142291941819739,0.8447463768115913,13.143992287444513,0.0010364478467904993,0.00026320652843405014
208.0,30.0,0.8446859903381613,13.142275862195024,0.8446859903381613,13.143972737892504,0.0010371087931017812,0.00026601550941894554
209.0,30.0,0.8446256038647313,13.14225978257031,0.8446256038647313,13.143953225252961,0.0010377375046810879,0.000268819812668062
210.0,30.0,0.8445652173913013,13.1422437029456,0.8445652173913013,13.143933747945994,0.0010383355536348487,0.0002716194459711327
211.0,30.0,0.8445048309178713,13.142227623320885,0.8445048309178713,13.143914304468383,0.0010389044353969579,0.00027441441710491854
212.0,30.0,0.8444444444444413,13.142211543696172,0.8444444444444413,13.14389489338987,0.001039445572468138,0.00027720473383323005
213.0,30.0,0.8443840579710113,13.142195464071458,0.8443840579710113,13.143875513349577,0.0010399603179729326,0.00027999040390694883
214.0,30.0,0.8443236714975814,13.142179384446745,0.8443236714975814,13.143856163052638,0.0010404499590432228,0.0002827714350640491
215.0,30.0,0.8442632850241514,13.14216330482203,0.8442632850241514,13.143836841266966,0.0010409157200367268,0.00028554783502961916
216.0,30.0,0.8442028985507214,13.142147225197318,0.8442028985507214,13.143817546820204,0.0010413587655985323,0.00028831961151588295
217.0,30.0,0.8441425120772914,13.142131145572604,0.8441425120772914,13.143798278596808,0.0010417802035733164,0.00029108677222222136
218.0,30.0,0.8440821256038614,13.142115065947891,0.8440821256038614,13.14377903553528,0.0010421810877755328,0.0002938493248351937
219.0,30.0,0.8440217391304314,13.142098986323177,0.8440217391304314,13.143759816625524,0.0010425624206244987,0.000296607277028559
220.0,30.0,0.8439613526570015,13.142082906698464,0.8439613526570015,13.14374062090635,0.0010429251556509636,0.00029936063646329736
221.0,30.0,0.8439009661835715,13.14206682707375,0.8439009661835715,13.143721447463081,0.0010432701998814341,0.0003021094107876312
222.0,30.0,0.8438405797101415,13.142050747449037,0.8438405797101415,13.143702295425292,0.001043598416106212,0.0003048536076370465
223.0,30.0,0.8437801932367115,13.142034667824323,0.8437801932367115,13.143683163964653,0.001043910625036819,0.00030759323463431403
224.0,30.0,0.8437198067632815,13.14201858819961,0.8437198067632815,13.143664052292863,0.0010442076073582044,0.00031032829938951065
225.0,30.0,0.8436594202898515,13.142002508574896,0.8436594202898515,13.143644959659715,0.0010444901056808628,0.00031305880950004014
226.0,30.0,0.8435990338164215,13.141986428950185,0.8435990338164215,13.143625885351236,0.0010447588263977476,0.0003157847725506546
227.0,30.0,0.8435386473429916,13.14197034932547,0.8435386473429916,13.143606828687908,0.0010450144414506212,0.00031850619611347526
228.0,30.0,0.8434782608695616,13.141954269700758,0.8434782608695616,13.143587789022998,0.00104525759001026,0.00032122308774801386
229.0,30.0,0.8434178743961316,13.141938190076043,0.8434178743961316,13.143568765740968,0.0010454888800747134,0.0003239354550011934
230.0,30.0,0.8433574879227016,13.14192211045133,0.8433574879227016,13.143549758255935,0.001045708889989616,0.000326643305407369
231.0,30.0,0.8432971014492716,13.141906030826616,0.8432971014492716,13.143530766010233,0.0010459181698943534,0.00032934664648834913
232.0,30.0,0.8432367149758416,13.141889951201904,0.8432367149758416,13.143511788473052,0.0010461172430976963,0.00033204548575341633
233.0,30.0,0.8431763285024116,13.14187387157719,0.8431763285024116,13.143492825139104,0.0010463066073863457,0.00033473983069934804
234.0,30.0,0.8431159420289817,13.141857791952477,0.8431159420289817,13.143473875527397,0.0010464867362696586,0.0003374296888104375
235.0,30.0,0.8430555555555517,13.141841712327762,0.8430555555555517,13.14345493918004,0.0010466580801636682,0.00034011506755851455
236.0,30.0,0.8429951690821217,13.14182563270305,0.8429951690821217,13.14343601566113,0.0010468210675173588,0.0003427959744029663
237.0,30.0,0.8429347826086917,13.141809553078335,0.8429347826086917,13.14341710455566,0.0010469761058840108,0.000345472416790758
238.0,30.0,0.8428743961352617,13.141793473453623,0.8428743961352617,13.143398205468525,0.0010471235829402966,0.0003481444021564535
239.0,30.0,0.8428140096618317,13.141777393828908,0.8428140096618317,13.14337931802353,0.0010472638674556744,0.00035081193792223605
240.0,30.0,0.8427536231884017,13.141761314204196,0.8427536231884017,13.143360441862484,0.0010473973102145036,0.000353475031497929
241.0,30.0,0.8426932367149718,13.141745234579481,0.8426932367149718,13.143341576644309,0.0010475242448931886,0.0003561336902810162
242.0,30.0,0.8426328502415418,13.14172915495477,0.8426328502415418,13.14332272204422,0.0010476449888945432,0.0003587879216566627
243.0,30.0,0.8425724637681118,13.141713075330056,0.8425724637681118,13.143303877752917,0.0010477598441414636,0.0003614377329977351
244.0,30.0,0.8425120772946818,13.141696995705344,0.8425120772946818,13.143285043475847,0.0010478690978318926,0.00036408313166482213
245.0,30.0,0.8424516908212518,13.14168091608063,0.8424516908212518,13.143266218932466,0.001047973023156964,0.00036672412500625515
246.0,30.0,0.8423913043478218,13.141664836455917,0.8423913043478218,13.143247403855575,0.0010480718799841227,0.00036936072035812845
247.0,30.0,0.8423309178743918,13.141648756831202,0.8423309178743918,13.143228597990651,0.001048165915506929,0.0003719929250443197
248.0,30.0,0.8422705314009619,13.14163267720649,0.8422705314009619,13.143209801095251,0.0010482553648631706,0.00037462074637651033
249.0,30.0,0.8422101449275319,13.141616597581775,0.8422101449275319,13.143191012938399,0.0010483404517228302,0.0003772441916542057
250.0,30.0,0.8421497584541019,13.141600517957063,0.8421497584541019,13.14317223330005,0.0010484213888473767,0.00037986326816475546
251.0,30.0,0.8420893719806719,13.141584438332348,0.8420893719806719,13.143153461970543,0.00104849837862178,0.0003824779831833739
252.0,30.0,0.8420289855072419,13.141568358707636,0.8420289855072419,13.143134698750101,0.0010485716135605779,0.0003850883439731599
253.0,30.0,0.8419685990338119,13.141552279082921,0.8419685990338119,13.143115943448347,0.001048641276789264,0.00038769435778511735
254.0,30.0,0.841908212560382,13.141536199458209,0.841908212560382,13.143097195883849,0.001048707542502196,0.0003902960318581752
255.0,30.0,0.841847826086952,13.141520119833494,0.841847826086952,13.143078455883677,0.0010487705763981725,0.00039289337341920756
256.0,30.0,0.841787439613522,13.141504040208781,0.841787439613522,13.143059723283004,0.0010488305360947662,0.00039548638968305374
257.0,30.0,0.841727053140092,13.141487960584067,0.841727053140092,13.143040997924691,0.0010488875715224503,0.00039807508785253835
258.0,30.0,0.841666666666662,13.141471880959356,0.841666666666662,13.143022279658936,0.0010489418252995024,0.0004006594751184913
259.0,30.0,0.841606280193232,13.141455801334642,0.841606280193232,13.143003568342893,0.0010489934330886247,0.0004032395586597678
260.0,30.0,0.841545893719802,13.14143972170993,0.841545893719802,13.142984863840347,0.0010490425239361712,0.00040581534564326826
261.0,30.0,0.841485507246372,13.141423642085215,0.841485507246372,13.142966166021395,0.001049089220594831,0.0004083868432239581
262.0,30.0,0.8414251207729421,13.141407562460502,0.8414251207729421,13.142947474762126,0.0010491336398305742,0.0004109540585448879
263.0,30.0,0.8413647342995121,13.141391482835788,0.8413647342995121,13.142928789944337,0.001049175892714627,0.00041351699873721294
264.0,30.0,0.8413043478260821,13.141375403211075,0.8413043478260821,13.142910111455253,0.0010492160849012078,0.0004160756709202132
265.0,30.0,0.8412439613526521,13.14135932358636,0.8412439613526521,13.142891439187268,0.0010492543168917187,0.00041863008220131294
266.0,30.0,0.8411835748792221,13.141343243961646,0.8411835748792221,13.142872773037684,0.00104929068428605,0.00042118023967610085
267.0,30.0,0.8411231884057921,13.141327164336934,0.8411231884057921,13.142854112908484,0.00104932527802163,0.0004237261504283492
268.0,30.0,0.8410628019323622,13.14131108471222,0.8410628019323622,13.14283545870609,0.0010493581846008173,0.0004262678215300341
269.0,30.0,0.8410024154589322,13.141295005087507,0.8410024154589322,13.14281681034116,0.0010493894863072,0.00042880526004135454
270.0,30.0,0.8409420289855022,13.141278925462792,0.8409420289855022,13.14279816772837,0.0010494192614113483,0.0004313384730107525
271.0,30.0,0.8408816425120722,13.14126284583808,0.8408816425120722,13.142779530786239,0.0010494475843665317,0.00043386746747493235
272.0,30.0,0.8408212560386422,13.141246766213365,0.8408212560386422,13.142760899436912,0.001049474525994891,0.00043639225045888027
273.0,30.0,0.8407608695652122,13.141230686588653,0.8407608695652122,13.142742273606013,0.0010495001536645302,0.000438912828975884
274.0,30.0,0.8407004830917822,13.141214606963938,0.8407004830917822,13.142723653222452,0.0010495245314579725,0.0004414292100275521
275.0,30.0,0.8406400966183523,13.141198527339228,0.8406400966183523,13.14270503821829,0.001049547720332399,0.0004439414006038337
276.0,30.0,0.8405797101449223,13.141182447714513,0.8405797101449223,13.142686428528558,0.0010495697782720748,0.0004464494076830374
277.0,30.0,0.8405193236714923,13.1411663680898,0.8405193236714923,13.142667824091136,0.0010495907604333382,0.0004489532382318512
278.0,30.0,0.8404589371980623,13.141150288465086,0.8404589371980623,13.142649224846597,0.0010496107192825216,0.0004514528992053616
279.0,30.0,0.8403985507246323,13.141134208840374,0.8403985507246323,13.142630630738099,0.001049629704727144,0.0004539483975470729
280.0,30.0,0.8403381642512023,13.14111812921566,0.8403381642512023,13.14261204171123,0.0010496477642407062,0.00045643974018892653
281.0,30.0,0.8402777777777724,13.141102049590947,0.8402777777777724,13.142593457713915,0.0010496649429813985,0.0004589269340513203
282.0,30.0,0.8402173913043424,13.141085969966232,0.8402173913043424,13.142574878696283,0.001049681283905021,0.00046140998604312766
283.0,30.0,0.8401570048309124,13.14106989034152,0.8401570048309124,13.142556304610586,0.0010496968278723943,0.00046388890306171685
284.0,30.0,0.8400966183574824,13.141053810716805,0.8400966183574824,13.14253773541106,0.0010497116137515331,0.0004663636919929701
285.0,30.0,0.8400362318840524,13.141037731092092,0.8400362318840524,13.142519171053866,0.001049725678514837,0.0004688343597113027
286.0,30.0,0.8399758454106224,13.14102206372698,0.8399758454106224,13.14250102375657,0.0010497390573315404,0.0004713009130796821
287.0,30.0,0.8399154589371924,13.14100701475127,0.8399154589371924,13.142483499608666,0.0010497517836556536,0.000473763358949647
288.0,30.0,0.8398550724637625,13.140991965775562,0.8398550724637625,13.142465980182092,0.001049763889309616,0.00047622170416132645
289.0,30.0,0.8397946859903325,13.140976916799854,0.8397946859903325,13.142448465439747,0.0010497754045638676,0.00047867595554345867
290.0,30.0,0.8397342995169025,13.140961867824142,0.8397342995169025,13.142430955346017,0.0010497863582125426,0.0004811261199134102
291.0,30.0,0.8396739130434725,13.140946818848434,0.8396739130434725,13.142413449866712,0.0010497967776454677,0.0004835722040771948
292.0,30.0,0.8396135265700425,13.140931769872724,0.8396135265700425,13.142395948968979,0.0010498066889166528,0.00048601421482949225
293.0,30.0,0.8395531400966125,13.140916720897016,0.8395531400966125,13.142378452621251,0.0010498161168094383,0.0004884521589536674
294.0,30.0,0.8394927536231825,13.140901671921306,0.8394927536231825,13.142360960793185,0.0010498250848984668,0.0004908860432217887
295.0,30.0,0.8394323671497526,13.140886622945596,0.8394323671497526,13.142343473455593,0.0010498336156086322,0.0004933158743946474
296.0,30.0,0.8393719806763226,13.140871573969886,0.8393719806763226,13.142325990580392,0.0010498417302711536,0.0004957416592217762
297.0,30.0,0.8393115942028926,13.140856524994177,0.8393115942028926,13.142308512140557,0.0010498494491769138,0.0004981634044414677
298.0,30.0,0.8392512077294626,13.140841476018469,0.8392512077294626,13.14229103811006,0.0010498567916271979,0.0005005811167807935
299.0,30.0,0.8391908212560326,13.140826427042757,0.8391908212560326,13.14227356846382,0.0010498637759819558,0.0005029948029556229
300.0,30.0,0.8391304347826026,13.140811378067049,0.8391304347826026,13.142256103177672,0.0010498704197057127,0.0005054044696706411
301.0,30.0,0.8390700483091726,13.140796329091339,0.8390700483091726,13.142238642228309,0.0010498767394112386,0.0005078101236193685
302.0,30.0,0.8390096618357427,13.14078128011563,0.8390096618357427,13.142221185593245,0.001049882750901089,0.0005102117714841785
303.0,30.0,0.8389492753623127,13.14076623113992,0.8389492753623127,13.142203733250778,0.0010498884692071197,0.0005126094199363169
304.0,30.0,0.8388888888888827,13.14075118216421,0.8388888888888827,13.142186285179948,0.0010498939086280746,0.0005150030756359197
305.0,30.0,0.8388285024154527,13.1407361331885,0.8388285024154527,13.142168841360503,0.001049899082765339,0.0005173927452320322
306.0,30.0,0.8387681159420227,13.140721084212792,0.8387681159420227,13.142151401772873,0.0010499040045569513,0.000519778435362627
307.0,30.0,0.8387077294685927,13.140706035237082,0.8387077294685927,13.142133966398118,0.0010499086863099542,0.0005221601526546225
308.0,30.0,0.8386473429951627,13.140690986261374,0.8386473429951627,13.14211653521792,0.0010499131397311689,0.0005245379037239018
309.0,30.0,0.8385869565217328,13.140675937285664,0.8385869565217328,13.142099108214532,0.001049917375956468,0.0005269116951753303
310.0,30.0,0.8385265700483028,13.140660888309954,0.8385265700483028,13.142081685370773,0.0010499214055786214,0.0005292815336027749
311.0,30.0,0.8384661835748728,13.140645839334246,0.8384661835748728,13.142064266669983,0.0010499252386737832,0.0005316474255891215
312.0,30.0,0.8384057971014428,13.140630790358536,0.8384057971014428,13.142046852096003,0.001049928884826688,0.0005340093777062938
313.0,30.0,0.8383454106280128,13.140615741382828,0.8383454106280128,13.142029441633158,0.0010499323531546173,0.0005363673965152714
314.0,30.0,0.8382850241545828,13.140600692407116,0.8382850241545828,13.14201203526622,0.0010499356523301976,0.0005387214885661082
315.0,30.0,0.8382246376811529,13.140585643431407,0.8382246376811529,13.141994632980406,0.001049938790603086,0.0005410716603979503
316.0,30.0,0.8381642512077229,13.140570594455697,0.8381642512077229,13.141977234761338,0.0010499417758205998,0.0005434179185390541
317.0,30.0,0.8381038647342929,13.14055554547999,0.8381038647342929,13.141959840595035,0.0010499446154473373,0.0005457602695068051
318.0,30.0,0.8380434782608629,13.14054049650428,0.8380434782608629,13.141942450467885,0.0010499473165838447,0.000548098719807735
319.0,30.0,0.8379830917874329,13.140525447528569,0.8379830917874329,13.141925064366646,0.00104994988598437,0.0005504332759375407
320.0,30.0,0.8379227053140029,13.14051039855286,0.8379227053140029,13.141907682278406,0.0010499523300737529,0.0005527639443811019
321.0,30.0,0.8378623188405729,13.14049534957715,0.8378623188405729,13.141890304190575,0.0010499546549634902,0.0005550907316124992
322.0,30.0,0.837801932367143,13.140480300601443,0.837801932367143,13.14187293009088,0.001049956866467017,0.0005574136440950316
323.0,30.0,0.837741545893713,13.14046525162573,0.837741545893713,13.141855559967336,0.001049958970114244,0.0005597326882812357
324.0,30.0,0.837681159420283,13.140450202650023,0.837681159420283,13.141838193808244,0.0010499609711653853,0.0005620478706129021
325.0,30.0,0.837620772946853,13.140435153674312,0.837620772946853,13.141820831602168,0.0010499628746241108,0.0005643591975210944
326.0,30.0,0.837560386473423,13.140420104698604,0.837560386473423,13.141803473337927,0.0010499646852500588,0.0005666666754261666
327.0,30.0,0.837499999999993,13.140405055722896,0.837499999999993,13.141786119004585,0.0010499664075707372,0.000568970310737781
328.0,30.0,0.837439613526563,13.140390006747184,0.837439613526563,13.141768768591437,0.001049968045892845,0.0005712701098549262
329.0,30.0,0.8373792270531331,13.140374957771476,0.8373792270531331,13.141751422087996,0.0010499696043130406,0.0005735660791659344
330.0,30.0,0.8373188405797031,13.140359908795766,0.8373188405797031,13.14173407948399,0.0010499710867281865,0.0005758582250484997
331.0,30.0,0.8372584541062731,13.140344859820058,0.8372584541062731,13.141716740769342,0.0010499724968450926,0.0005781465538696955
332.0,30.0,0.8371980676328431,13.140329810844348,0.8371980676328431,13.14169940593417,0.0010499738381897856,0.0005804310719859922
333.0,30.0,0.8371376811594131,13.140314761868638,0.8371376811594131,13.141682074968779,0.001049975114116326,0.0005827117857432749
334.0,30.0,0.8370772946859831,13.140299712892928,0.8370772946859831,13.141664747863636,0.001049976327815195,0.0005849887014768609
335.0,30.0,0.8370169082125531,13.14028466391722,0.8370169082125531,13.141647424609387,0.0010499774823212714,0.0005872618255115178
336.0,30.0,0.8369565217391232,13.14026961494151,0.8369565217391232,13.141630105196827,0.001049978580521422,0.0005895311641614804
337.0,30.0,0.8368961352656932,13.1402545659658,0.8368961352656932,13.141612789616907,0.0010499796251617192,0.0005917967237304688
338.0,30.0,0.8368357487922632,13.140239516990091,0.8368357487922632,13.141595477860726,0.0010499806188543081,0.0005940585105117052
339.0,30.0,0.8367753623188332,13.140224468014381,0.8367753623188332,13.14157816991951,0.0010499815640839375,0.0005963165307879323
340.0,30.0,0.8367149758454032,13.140209419038673,0.8367149758454032,13.141560865784626,0.001049982463214174,0.0005985707908314301
341.0,30.0,0.8366545893719732,13.140194370062963,0.8366545893719732,13.141543565447565,0.0010499833184933111,0.0006008212969040333
342.0,30.0,0.8365942028985432,13.140179321087253,0.8365942028985432,13.141526268899936,0.0010499841320599926,0.0006030680552571494
343.0,30.0,0.8365338164251133,13.140164272111543,0.8365338164251133,13.141508976133462,0.001049984905948559,0.0006053110721317751
344.0,30.0,0.8364734299516833,13.140149223135834,0.8364734299516833,13.141491687139983,0.0010499856420941344,0.0006075503537585143
345.0,30.0,0.8364130434782533,13.140134174160124,0.8364130434782533,13.14147440191143,0.0010499863423374667,0.0006097859063575953
346.0,30.0,0.8363526570048233,13.140119125184416,0.8363526570048233,13.14145712043985,0.0010499870084295286,0.0006120177361388877
347.0,30.0,0.8362922705313933,13.140104076208706,0.8362922705313933,13.141439842717366,0.0010499876420358974,0.00061424584930192
348.0,30.0,0.8362318840579633,13.140089027232996,0.8362318840579633,13.14142256873622,0.001049988244740919,0.0006164702520358972
349.0,30.0,0.8361714975845334,13.140073978257288,0.8361714975845334,13.141405298488717,0.0010499888180516696,0.0006186909505197169
350.0,30.0,0.8361111111111034,13.140058929281578,0.8361111111111034,13.141388031967255,0.001049989363401725,0.0006209079509219877
351.0,30.0,0.8360507246376734,13.14004388030587,0.8360507246376734,13.141370769164313,0.0010499898821547445,0.0006231212594010453
352.0,30.0,0.8359903381642434,13.140028831330158,0.8359903381642434,13.141353510072445,0.0010499903756078805,0.0006253308821049702
353.0,30.0,0.8359299516908134,13.14001378235445,0.8359299516908134,13.141336254684282,0.0010499908449950232,0.0006275368251716048
354.0,30.0,0.8358695652173834,13.13999873337874,0.8358695652173834,13.141319002992521,0.0010499912914898846,0.0006297390947285701
355.0,30.0,0.8358091787439534,13.139983684403031,0.8358091787439534,13.141301754989929,0.001049991716208935,0.0006319376968932828
356.0,30.0,0.8357487922705235,13.139968635427323,0.8357487922705235,13.141284510669335,0.0010499921202141926,0.0006341326377729728
357.0,30.0,0.8356884057970935,13.139953586451611,0.8356884057970935,13.141267270023631,0.0010499925045158814,0.0006363239234646994
358.0,30.0,0.8356280193236635,13.139938537475903,0.8356280193236635,13.141250033045774,0.0010499928700749557,0.0006385115600553686
359.0,30.0,0.8355676328502335,13.139923488500193,0.8355676328502335,13.141232799728765,0.0010499932178055036,0.0006406955536217504
360.0,30.0,0.8355072463768035,13.139908439524485,0.8355072463768035,13.141215570065677,0.0010499935485770325,0.0006428759102304947
361.0,30.0,0.8354468599033735,13.139893390548773,0.8354468599033735,13.141198344049618,0.0010499938632166435,0.0006450526359381492
362.0,30.0,0.8353864734299435,13.139878341573064,0.8353864734299435,13.141181121673762,0.0010499941625110997,0.0006472257367911755
363.0,30.0,0.8353260869565136,13.139863292597354,0.8353260869565136,13.14116390293132,0.001049994447208793,0.0006493952188259662
364.0,30.0,0.8352657004830836,13.139848243621646,0.8352657004830836,13.141146687815555,0.001049994718021616,0.0006515610880688619
365.0,30.0,0.8352053140096536,13.139833194645936,0.8352053140096536,13.141129476319772,0.0010499949756267418,0.0006537233505361674
366.0,30.0,0.8351449275362236,13.139818145670226,0.8351449275362236,13.141112268437324,0.0010499952206683174,0.0006558820122341686
367.0,30.0,0.8350845410627936,13.139803096694518,0.8350845410627936,13.1410950641616,0.0010499954537590741,0.0006580370791591495
368.0,30.0,0.8350241545893636,13.139788047718808,0.8350241545893636,13.141077863486029,0.0010499956754818605,0.0006601885572974083
369.0,30.0,0.8349637681159336,13.1397729987431,0.8349637681159336,13.141060666404083,0.0010499958863910992,0.0006623364526252747
370.0,30.0,0.8349033816425037,13.13975794976739,0.8349033816425037,13.141043472909267,0.0010499960870141729,0.000664480771109126
371.0,30.0,0.8348429951690737,13.13974290079168,0.8348429951690737,13.14102628299512,0.0010499962778527437,0.0006666215187054039
372.0,30.0,0.8347826086956437,13.13972785181597,0.8347826086956437,13.141009096655225,0.0010499964593840077,0.0006687587013606307
373.0,30.0,0.8347222222222137,13.139712802840261,0.8347222222222137,13.140991913883187,0.0010499966320618875,0.0006708923250114263
374.0,30.0,0.8346618357487837,13.139697753864551,0.8346618357487837,13.140974734672648,0.0010499967963181677,0.0006730223955845245
375.0,30.0,0.8346014492753537,13.139682704888843,0.8346014492753537,13.140957559017282,0.0010499969525635745,0.0006751489189967892
376.0,30.0,0.8345410628019237,13.139667655913133,0.8345410628019237,13.140940386910787,0.001049997101188803,0.0006772719011552315
377.0,30.0,0.8344806763284938,13.139652606937423,0.8344806763284938,13.1409232183469,0.0010499972425654935,0.0006793913479570253
378.0,30.0,0.8344202898550638,13.139637557961715,0.8344202898550638,13.140906053319378,0.0010499973770471615,0.0006815072652895242
379.0,30.0,0.8343599033816338,13.139622508986005,0.8343599033816338,13.140888891822005,0.0010499975049700812,0.0006836196590302777
380.0,30.0,0.8342995169082038,13.139607460010295,0.8342995169082038,13.140871733848595,0.0010499976266541264,0.0006857285350470476
381.0,30.0,0.8342391304347738,13.139592411034585,0.8342391304347738,13.140854579392983,0.0010499977424035707,0.0006878338991978241
382.0,30.0,0.8341787439613438,13.139577362058876,0.8341787439613438,13.140837428449037,0.001049997852507848,0.0006899357573308423
383.0,30.0,0.8341183574879139,13.139562313083166,0.8341183574879139,13.14082028101064,0.0010499979572422763,0.0006920341152845984
384.0,30.0,0.8340579710144839,13.139547264107458,0.8340579710144839,13.140803137071702,0.0010499980568687464,0.0006941289788878659
385.0,30.0,0.8339975845410539,13.139532215131746,0.8339975845410539,13.14078599662615,0.001049998151636376,0.0006962203539597116
386.0,30.0,0.8339371980676239,13.139517166156038,0.8339371980676239,13.140768859667945,0.001049998241782134,0.0006983082463095122
387.0,30.0,0.8338768115941939,13.13950211718033,0.8338768115941939,13.140751726191063,0.0010499983275314314,0.0007003926617369699
388.0,30.0,0.8338164251207639,13.13948706820462,0.8338164251207639,13.140734596189489,0.001049998409098686,0.0007024736060321289
389.0,30.0,0.8337560386473339,13.139472019228911,0.8337560386473339,13.140717469657249,0.0010499984866878588,0.0007045510849753914
390.0,30.0,0.833695652173904,13.1394569702532,0.833695652173904,13.14070034658837,0.001049998560492963,0.0007066251043375335
391.0,30.0,0.833635265700474,13.139441921277491,0.833635265700474,13.140683226976913,0.0010499986306985497,0.0007086956698797215
392.0,30.0,0.833574879227044,13.139426872301781,0.833574879227044,13.140666110816948,0.0010499986974801697,0.0007107627873535277
393.0,30.0,0.833514492753614,13.139411823326073,0.833514492753614,13.140648998102568,0.0010499987610048116,0.0007128264625009465
394.0,30.0,0.833454106280184,13.139396774350363,0.833454106280184,13.140631888827878,0.0010499988214313202,0.0007148867010544099
395.0,30.0,0.833393719806754,13.139381725374653,0.833393719806754,13.140614782987006,0.0010499988789107932,0.0007169435087368044
396.0,30.0,0.833333333333324,13.139366676398945,0.833333333333324,13.140597680574094,0.0010499989335869592,0.0007189968912614858
397.0,30.0,0.8332729468598941,13.139351627423235,0.8332729468598941,13.140580581583306,0.001049998985596537,0.0007210468543322958
398.0,30.0,0.8332125603864641,13.139336578447526,0.8332125603864641,13.140563486008814,0.001049999035069578,0.0007230934036435776
399.0,30.0,0.8331521739130341,13.139321529471815,0.8331521739130341,13.140546393844806,0.00104999908212979,0.0007251365448801918
400.0,30.0,0.8330917874396041,13.139306480496106,0.8330917874396041,13.140529305085494,0.0010499991268948486,0.000727176283717532
401.0,30.0,0.8330314009661741,13.139291431520396,0.8330314009661741,13.1405122197251,0.0010499991694766894,0.0007292126258215406
402.0,30.0,0.8329710144927441,13.139276382544688,0.8329710144927441,13.140495137757856,0.0010499992099817894,0.0007312455768487249
403.0,30.0,0.8329106280193141,13.139261333568978,0.8329106280193141,13.14047805917802,0.0010499992485114324,0.0007332751424461723
404.0,30.0,0.8328502415458842,13.139246284593268,0.8328502415458842,13.140460983979855,0.0010499992851619624,0.0007353013282515664
405.0,30.0,0.8327898550724542,13.13923123561756,0.8327898550724542,13.140443912157641,0.0010499993200250252,0.0007373241398932023
406.0,30.0,0.8327294685990242,13.13921618664185,0.8327294685990242,13.140426843705672,0.001049999353187796,0.0007393435829900027
407.0,30.0,0.8326690821255942,13.139201137666142,0.8326690821255942,13.140409778618256,0.0010499993847331998,0.0007413596631515328
408.0,30.0,0.8326086956521642,13.139186088690431,0.8326086956521642,13.140392716889714,0.0010499994147401158,0.0007433723859780169
409.0,30.0,0.8325483091787342,13.139171039714721,0.8325483091787342,13.140375658514378,0.0010499994432835774,0.0007453817570603527
410.0,30.0,0.8324879227053043,13.139155990739011,0.8324879227053043,13.140358603486597,0.001049999470434958,0.0007473877819801281
411.0,30.0,0.8324275362318743,13.139140941763303,0.8324275362318743,13.140341551800732,0.0010499994962621499,0.0007493904663096356
412.0,30.0,0.8323671497584443,13.139125892787593,0.8323671497584443,13.140324503451152,0.0010499995208297348,0.0007513898156118887
413.0,30.0,0.8323067632850143,13.139110843811885,0.8323067632850143,13.140307458432245,0.0010499995441991445,0.0007533858354406367
414.0,30.0,0.8322463768115843,13.139095794836173,0.8322463768115843,13.140290416738404,0.0010499995664288147,0.0007553785313403803
415.0,30.0,0.8321859903381543,13.139080745860465,0.8321859903381543,13.140273378364045,0.001049999587574331,0.0007573679088463874
416.0,30.0,0.8321256038647243,13.139065696884757,0.8321256038647243,13.140256343303582,0.0010499996076885683,0.0007593539734847076
417.0,30.0,0.8320652173912944,13.139050647909047,0.8320652173912944,13.140239311551452,0.0010499996268218228,0.0007613367307721886
418.0,30.0,0.8320048309178644,13.139035598933338,0.8320048309178644,13.140222283102101,0.0010499996450219374,0.0007633161862164908
419.0,30.0,0.8319444444444344,13.139020549957626,0.8319444444444344,13.140205257949976,0.001049999662334422,0.0007652923453161027
420.0,30.0,0.8318840579710044,13.139005500981918,0.8318840579710044,13.140188236089555,0.0010499996788025667,0.0007672652135603566
421.0,30.0,0.8318236714975744,13.138990452006208,0.8318236714975744,13.140171217515311,0.0010499996944675506,0.0007692347964294432
422.0,30.0,0.8317632850241444,13.1389754030305,0.8317632850241444,13.140154202221737,0.0010499997093685442,0.0007712010993944273
423.0,30.0,0.8317028985507144,13.138960354054788,0.8317028985507144,13.140137190203328,0.0010499997235428077,0.0007731641279172628
424.0,30.0,0.8316425120772845,13.13894530507908,0.8316425120772845,13.140120181454604,0.0010499997370257842,0.0007751238874508081
425.0,30.0,0.8315821256038545,13.138930256103372,0.8315821256038545,13.14010317597008,0.0010499997498511881,0.0007770803834388409
426.0,30.0,0.8315217391304245,13.138915207127662,0.8315217391304245,13.140086173744294,0.0010499997620510898,0.0007790336213160734
427.0,30.0,0.8314613526569945,13.138900158151953,0.8314613526569945,13.140069174771789,0.0010499997736559952,0.0007809836065081678
428.0,30.0,0.8314009661835645,13.138885109176242,0.8314009661835645,13.140052179047116,0.0010499997846949228,0.0007829303444317507
429.0,30.0,0.8313405797101345,13.138870060200533,0.8313405797101345,13.140035186564843,0.0010499997951954755,0.0007848738404944289
430.0,30.0,0.8312801932367045,13.138855011224823,0.8312801932367045,13.140018197319543,0.0010499998051839102,0.0007868141000948037
431.0,30.0,0.8312198067632746,13.138839962249115,0.8312198067632746,13.140001211305808,0.0010499998146852032,0.0007887511286224864
432.0,30.0,0.8311594202898446,13.138824913273405,0.8311594202898446,13.139984228518225,0.0010499998237231128,0.000790684931458113
433.0,30.0,0.8310990338164146,13.138809864297695,0.8310990338164146,13.139967248951402,0.0010499998323202381,0.0007926155139733594
434.0,30.0,0.8310386473429846,13.138794815321987,0.8310386473429846,13.139950272599956,0.0010499998404980768,0.000794542881530956
435.0,30.0,0.8309782608695546,13.138779766346277,0.8309782608695546,13.139933299458514,0.0010499998482770775,0.0007964670394847026
436.0,30.0,0.8309178743961246,13.138764717370568,0.8309178743961246,13.13991632952171,0.0010499998556766919,0.000798387993179484
437.0,30.0,0.8308574879226946,13.138749668394858,0.8308574879226946,13.139899362784192,0.0010499998627154228,0.0008003057479512837
438.0,30.0,0.8307971014492647,13.138734619419148,0.8307971014492647,13.13988239924061,0.0010499998694108708,0.0008022203091271995
439.0,30.0,0.8307367149758347,13.138719570443438,0.8307367149758347,13.139865438885632,0.001049999875779778,0.0008041316820254582
440.0,30.0,0.8306763285024047,13.13870452146773,0.8306763285024047,13.139848481713937,0.0010499998818380698,0.0008060398719554301
441.0,30.0,0.8306159420289747,13.13868947249202,0.8306159420289747,13.139831527720203,0.0010499998876008954,0.0008079448842176442
442.0,30.0,0.8305555555555447,13.13867442351631,0.8305555555555447,13.139814576899123,0.0010499998930826645,0.0008098467241038023
443.0,30.0,0.8304951690821147,13.1386593745406,0.8304951690821147,13.139797629245406,0.0010499998982970847,0.0008117453968967943
444.0,30.0,0.8304347826086848,13.138644325564892,0.8304347826086848,13.139780684753765,0.0010499999032571945,0.0008136409078707123
445.0,30.0,0.8303743961352548,13.138629276589183,0.8303743961352548,13.139763743418916,0.001049999907975397,0.000815533262290866
446.0,30.0,0.8303140096618248,13.138614227613473,0.8303140096618248,13.139746805235596,0.00104999991246349,0.0008174224654137966
447.0,30.0,0.8302536231883948,13.138599178637763,0.8302536231883948,13.139729870198543,0.001049999916732696,0.0008193085224872918
448.0,30.0,0.8301932367149648,13.138584129662053,0.8301932367149648,13.139712938302509,0.0010499999207936907,0.0008211914387504001
449.0,30.0,0.8301328502415348,13.138569080686345,0.8301328502415348,13.139696009542256,0.0010499999246566282,0.0008230712194334459
450.0,30.0,0.8300724637681048,13.138554031710635,0.8300724637681048,13.139679083912547,0.001049999928331168,0.0008249478697580432
451.0,30.0,0.8300120772946749,13.138538982734927,0.8300120772946749,13.139662161408163,0.0010499999318264984,0.0008268213949371108
452.0,30.0,0.8299516908212449,13.138523933759215,0.8299516908212449,13.139645242023889,0.0010499999351513594,0.0008286918001748866
453.0,30.0,0.8298913043478149,13.138508884783507,0.8298913043478149,13.139628325754526,0.0010499999383140651,0.000830559090666942
454.0,30.0,0.8298309178743849,13.138493835807799,0.8298309178743849,13.139611412594874,0.0010499999413225239,0.000832423271600196
455.0,30.0,0.8297705314009549,13.138478786832088,0.8297705314009549,13.139594502539751,0.0010499999441842584,0.0008342843481529303
456.0,30.0,0.8297101449275249,13.138463737856378,0.8297101449275249,13.139577595583978,0.0010499999469064244,0.0008361423254948032
457.0,30.0,0.8296497584540949,13.138448688880668,0.8296497584540949,13.139560691722385,0.0010499999494958288,0.000837997208786864
458.0,30.0,0.829589371980665,13.13843363990496,0.829589371980665,13.13954379094982,0.0010499999519589464,0.0008398490031815676
459.0,30.0,0.829528985507235,13.13841859092925,0.829528985507235,13.139526893261126,0.0010499999543019363,0.0008416977138227884
460.0,30.0,0.829468599033805,13.138403541953542,0.829468599033805,13.139509998651166,0.0010499999565306574,0.0008435433458458349
461.0,30.0,0.829408212560375,13.13838849297783,0.829408212560375,13.139493107114802,0.0010499999586506825,0.000845385904377464
462.0,30.0,0.829347826086945,13.138373444002122,0.829347826086945,13.13947621864692,0.0010499999606673127,0.000847225394535895
463.0,30.0,0.829287439613515,13.138358395026414,0.829287439613515,13.139459333242398,0.0010499999625855907,0.000849061821430824
464.0,30.0,0.829227053140085,13.138343346050704,0.829227053140085,13.13944245089613,0.0010499999644103131,0.0008508951901634379
465.0,30.0,0.8291666666666551,13.138328297074994,0.8291666666666551,13.139425571603022,0.0010499999661460428,0.0008527255058264288
466.0,30.0,0.8291062801932251,13.138313248099283,0.8291062801932251,13.139408695357982,0.0010499999677971198,0.0008545527735040082
467.0,30.0,0.8290458937197951,13.138298199123575,0.8290458937197951,13.139391822155936,0.001049999969367673,0.0008563769982719207
468.0,30.0,0.8289855072463651,13.138283150147865,0.8289855072463651,13.139374951991806,0.0010499999708616294,0.0008581981851974585
469.0,30.0,0.8289251207729351,13.138268101172157,0.8289251207729351,13.139358084860534,0.0010499999722827246,0.0008600163393394754
470.0,30.0,0.8288647342995051,13.138253052196445,0.8288647342995051,13.139341220757062,0.0010499999736345122,0.0008618314657484006
471.0,30.0,0.8288043478260751,13.138238003220737,0.8288043478260751,13.13932435967635,0.0010499999749203723,0.0008636435694662533
472.0,30.0,0.8287439613526452,13.138222954245029,0.8287439613526452,13.13930750161336,0.0010499999761435204,0.000865452655526656
473.0,30.0,0.8286835748792152,13.138207905269319,0.8286835748792152,13.139290646563058,0.0010499999773070149,0.0008672587289548489
474.0,30.0,0.8286231884057852,13.138192856293609,0.8286231884057852,13.139273794520427,0.001049999978413765,0.0008690617947677039
475.0,30.0,0.8285628019323552,13.138177807317899,0.8285628019323552,13.139256945480458,0.0010499999794665383,0.0008708618579737381
476.0,30.0,0.8285024154589252,13.13816275834219,0.8285024154589252,13.13924009943815,0.0010499999804679673,0.0008726589235731282
477.0,30.0,0.8284420289854952,13.13814770936648,0.8284420289854952,13.139223256388503,0.001049999981420556,0.0008744529965577245
478.0,30.0,0.8283816425120653,13.138132660390772,0.8283816425120653,13.139206416326534,0.0010499999823266864,0.0008762440819110642
479.0,30.0,0.8283212560386353,13.138117611415062,0.8283212560386353,13.139189579247263,0.0010499999831886243,0.0008780321846083854
480.0,30.0,0.8282608695652053,13.138102562439352,0.8282608695652053,13.139172745145727,0.0010499999840085249,0.0008798173096166412
481.0,30.0,0.8282004830917753,13.138087513463644,0.8282004830917753,13.13915591401696,0.0010499999847884385,0.0008815994618945134
482.0,30.0,0.8281400966183453,13.138072464487934,0.8281400966183453,13.13913908585601,0.0010499999855303154,0.000883378646392426
483.0,30.0,0.8280797101449153,13.138057415512224,0.8280797101449153,13.139122260657935,0.0010499999862360104,0.0008851548680525595
484.0,30.0,0.8280193236714853,13.138042366536514,0.8280193236714853,13.139105438417797,0.0010499999869072883,0.0008869281318088639
485.0,30.0,0.8279589371980554,13.138027317560805,0.8279589371980554,13.139088619130673,0.0010499999875458277,0.0008886984425870732
486.0,30.0,0.8278985507246254,13.138012268585095,0.8278985507246254,13.139071802791637,0.001049999988153225,0.0008904658053047183
487.0,30.0,0.8278381642511954,13.137997219609387,0.8278381642511954,13.139054989395786,0.0010499999887309992,0.0008922302248711413
488.0,30.0,0.8277777777777654,13.137982170633677,0.8277777777777654,13.13903817893821,0.001049999989280595,0.0008939917061875088
489.0,30.0,0.8277173913043354,13.137967121657967,0.8277173913043354,13.139021371414017,0.0010499999898033866,0.0008957502541468255
490.0,30.0,0.8276570048309054,13.137952072682259,0.8276570048309054,13.139004566818324,0.0010499999903006815,0.0008975058736339481
491.0,30.0,0.8275966183574754,13.137937023706549,0.8275966183574754,13.13898776514625,0.001049999990773723,0.0008992585695255986
492.0,30.0,0.8275362318840455,13.137921974730839,0.8275362318840455,13.138970966392924,0.001049999991223694,0.0009010083466903776
493.0,30.0,0.8274758454106155,13.137906925755129,0.8274758454106155,13.138954170553488,0.0010499999916517198,0.0009027552099887785
494.0,30.0,0.8274154589371855,13.13789187677942,0.8274154589371855,13.138937377623089,0.0010499999920588704,0.0009044991642732004
495.0,30.0,0.8273550724637555,13.13787682780371,0.8273550724637555,13.138920587596877,0.0010499999924461641,0.0009062402143879619
496.0,30.0,0.8272946859903255,13.137861778828002,0.8272946859903255,13.138903800470018,0.0010499999928145693,0.0009079783651693145
497.0,30.0,0.8272342995168955,13.137846729852292,0.8272342995168955,13.138887016237682,0.001049999993165007,0.0009097136214454559
498.0,30.0,0.8271739130434655,13.137831680876582,0.8271739130434655,13.138870234895048,0.0010499999934983537,0.0009114459880365435
499.0,30.0,0.8271135265700356,13.137816631900874,0.8271135265700356,13.138853456437303,0.001049999993815443,0.0009131754697547078
500.0,30.0,0.8270531400966056,13.137801582925164,0.8270531400966056,13.138836680859642,0.0010499999941170676,0.0009149020714040659
501.0,30.0,0.8269927536231756,13.137786533949454,0.8269927536231756,13.13881990815727,0.0010499999944039817,0.0009166257977807345
502.0,30.0,0.8269323671497456,13.137771484973744,0.8269323671497456,13.138803138325393,0.001049999994676903,0.0009183466536728436
503.0,30.0,0.8268719806763156,13.137756435998035,0.8268719806763156,13.138786371359238,0.0010499999949365136,0.0009200646438605496
504.0,30.0,0.8268115942028856,13.137741387022327,0.8268115942028856,13.138769607254027,0.001049999995183463,0.0009217797731160485
505.0,30.0,0.8267512077294557,13.137726338046617,0.8267512077294557,13.138752846004996,0.0010499999954183684,0.0009234920462035893
506.0,30.0,0.8266908212560257,13.137711289070907,0.8266908212560257,13.138736087607386,0.0010499999956418175,0.0009252014678794873
507.0,30.0,0.8266304347825957,13.137696240095197,0.8266304347825957,13.13871933205645,0.0010499999958543688,0.000926908042892137
508.0,30.0,0.8265700483091657,13.137681191119489,0.8265700483091657,13.13870257934745,0.0010499999960565539,0.0009286117759820259
509.0,30.0,0.8265096618357357,13.137666142143779,0.8265096618357357,13.138685829475648,0.0010499999962488781,0.0009303126718817468
510.0,30.0,0.8264492753623057,13.13765109316807,0.8264492753623057,13.138669082436323,0.0010499999964318227,0.0009320107353160118
511.0,30.0,0.8263888888888757,13.137636044192359,0.8263888888888757,13.13865233822475,0.001049999996605845,0.0009337059710016648
512.0,30.0,0.8263285024154458,13.13762099521665,0.8263285024154458,13.138635596836231,0.00104999999677138,0.0009353983836476948
513.0,30.0,0.8262681159420158,13.137605946240942,0.8262681159420158,13.138618858266058,0.0010499999969288418,0.0009370879779552493
514.0,30.0,0.8262077294685858,13.137590897265232,0.8262077294685858,13.138602122509536,0.0010499999970786241,0.0009387747586176467
515.0,30.0,0.8261473429951558,13.137575848289522,0.8261473429951558,13.13858538956198,0.0010499999972211015,0.0009404587303203901
516.0,30.0,0.8260869565217258,13.137560799313812,0.8260869565217258,13.138568659418715,0.0010499999973566303,0.0009421398977411797
517.0,30.0,0.8260265700482958,13.137545750338104,0.8260265700482958,13.138551932075067,0.001049999997485549,0.000943818265549926
518.0,30.0,0.8259661835748658,13.137530701362394,0.8259661835748658,13.138535207526377,0.0010499999976081803,0.000945493838408763
519.0,30.0,0.8259057971014359,13.137515652386686,0.8259057971014359,13.138518485767989,0.001049999997724831,0.0009471666209720608
520.0,30.0,0.8258454106280059,13.137500603410974,0.8258454106280059,13.138501766795251,0.0010499999978357923,0.0009488366178864387
521.0,30.0,0.8257850241545759,13.137485554435266,0.8257850241545759,13.138485050603535,0.0010499999979413422,0.0009505038337907782
522.0,30.0,0.8257246376811459,13.137470505459557,0.8257246376811459,13.138468337188199,0.0010499999980417443,0.0009521682733162354
523.0,30.0,0.8256642512077159,13.137455456483847,0.8256642512077159,13.138451626544624,0.0010499999981372497,0.0009538299410862547
524.0,30.0,0.8256038647342859,13.137440407508137,0.8256038647342859,13.138434918668192,0.0010499999982280972,0.000955488841716581
525.0,30.0,0.825543478260856,13.137425358532427,0.825543478260856,13.138418213554298,0.0010499999983145142,0.0009571449798152725
526.0,30.0,0.825483091787426,13.137410309556719,0.825483091787426,13.138401511198339,0.0010499999983967165,0.000958798359982714
527.0,30.0,0.825422705313996,13.137395260581009,0.825422705313996,13.138384811595722,0.0010499999984749098,0.0009604489868116292
528.0,30.0,0.825362318840566,13.1373802116053,0.825362318840566,13.138368114741864,0.0010499999985492895,0.0009620968648870937
529.0,30.0,0.825301932367136,13.13736516262959,0.825301932367136,13.138351420632182,0.0010499999986200417,0.0009637419987865476
530.0,30.0,0.825241545893706,13.13735011365388,0.825241545893706,13.138334729262114,0.0010499999986873434,0.0009653843930798084
531.0,30.0,0.825181159420276,13.137335064678172,0.825181159420276,13.138318040627093,0.0010499999987513625,0.0009670240523290836
532.0,30.0,0.825120772946846,13.137320015702462,0.825120772946846,13.13830135472256,0.0010499999988122595,0.0009686609810889832
533.0,30.0,0.8250603864734161,13.137304966726752,0.8250603864734161,13.138284671543977,0.0010499999988701865,0.0009702951839065325
534.0,30.0,0.8249999999999861,13.137289917751042,0.8249999999999861,13.138267991086797,0.0010499999989252882,0.000971926665321185
535.0,30.0,0.8249396135265561,13.137274868775334,0.8249396135265561,13.138251313346492,0.0010499999989777027,0.0009735554298648345
536.0,30.0,0.8248792270531261,13.137259819799624,0.8248792270531261,13.138234638318535,0.0010499999990275608,0.0009751814820618279
537.0,30.0,0.8248188405796961,13.137244770823916,0.8248188405796961,13.138217965998411,0.0010499999990749875,0.0009768048264289782
538.0,30.0,0.8247584541062661,13.137229721848206,0.8247584541062661,13.138201296381608,0.0010499999991201011,0.000978425467475576
539.0,30.0,0.8246980676328362,13.137214672872496,0.8246980676328362,13.13818462946363,0.0010499999991630145,0.000980043409703403
540.0,30.0,0.8246376811594062,13.137199623896787,0.8246376811594062,13.138167965239978,0.001049999999203835,0.0009816586576067445
541.0,30.0,0.8245772946859762,13.137184574921077,0.8245772946859762,13.138151303706163,0.0010499999992426646,0.0009832712156724011
542.0,30.0,0.8245169082125462,13.137169525945367,0.8245169082125462,13.138134644857708,0.0010499999992796005,0.000984881088379702
543.0,30.0,0.8244565217391162,13.137154476969657,0.8244565217391162,13.13811798869014,0.001049999999314735,0.0009864882802005164
544.0,30.0,0.8243961352656862,13.137139427993949,0.8243961352656862,13.138101335199002,0.001049999999348156,0.0009880927955992675
545.0,30.0,0.8243357487922562,13.137124379018239,0.8243357487922562,13.138084684379827,0.0010499999993799469,0.0009896946390329435
546.0,30.0,0.8242753623188263,13.13710933004253,0.8242753623188263,13.13806803622817,0.0010499999994101874,0.0009912938149511104
547.0,30.0,0.8242149758453963,13.13709428106682,0.8242149758453963,13.138051390739586,0.001049999999438953,0.0009928903277959245
548.0,30.0,0.8241545893719663,13.13707923209111,0.8241545893719663,13.138034747909643,0.0010499999994663157,0.000994484182002145
549.0,30.0,0.8240942028985363,13.137064183115402,0.8240942028985363,13.138018107733913,0.001049999999492344,0.0009960753819971456
550.0,30.0,0.8240338164251063,13.137049134139692,0.8240338164251063,13.138001470207973,0.0010499999995171028,0.000997663932200927
551.0,30.0,0.8239734299516763,13.137034085163982,0.8239734299516763,13.137984835327416,0.001049999999540654,0.0009992498370261303
552.0,30.0,0.8239130434782463,13.137019036188272,0.8239130434782463,13.137968203087832,0.0010499999995630567,0.001000833100878047
553.0,30.0,0.8238526570048164,13.137003987212564,0.8238526570048164,13.137951573484825,0.001049999999584367,0.0010024137281546338
554.0,30.0,0.8237922705313864,13.136988938236854,0.8237922705313864,13.137934946514003,0.0010499999996046378,0.0010039917232465227
555.0,30.0,0.8237318840579564,13.136973889261146,0.8237318840579564,13.137918322170984,0.0010499999996239201,0.0010055670905370346
556.0,30.0,0.8236714975845264,13.136958840285436,0.8236714975845264,13.137901700451392,0.001049999999642262,0.0010071398344021908
557.0,30.0,0.8236111111110964,13.136943791309726,0.8236111111110964,13.137885081350856,0.0010499999996597092,0.0010087099592107252
558.0,30.0,0.8235507246376664,13.136928742334018,0.8235507246376664,13.137868464865017,0.0010499999996763055,0.0010102774693240965
559.0,30.0,0.8234903381642364,13.136913693358307,0.8234903381642364,13.137851850989518,0.0010499999996920924,0.0010118423690965005
560.0,30.0,0.8234299516908065,13.136898644382597,0.8234299516908065,13.137835239720017,0.0010499999997071094,0.0010134046628748822
561.0,30.0,0.8233695652173765,13.136883595406887,0.8233695652173765,13.137818631052166,0.001049999999721394,0.0010149643549989475
562.0,30.0,0.8233091787439465,13.13686854643118,0.8233091787439465,13.137802024981644,0.001049999999734982,0.0010165214498011753
563.0,30.0,0.8232487922705165,13.136853497455471,0.8232487922705165,13.137785421504116,0.001049999999747907,0.0010180759516068302
564.0,30.0,0.8231884057970865,13.136838448479761,0.8231884057970865,13.137768820615268,0.001049999999760202,0.0010196278647339736
565.0,30.0,0.8231280193236565,13.13682339950405,0.8231280193236565,13.137752222310786,0.0010499999997718972,0.0010211771934934763
566.0,30.0,0.8230676328502265,13.13680835052834,0.8230676328502265,13.13773562658637,0.001049999999783022,0.0010227239421890305
567.0,30.0,0.8230072463767966,13.136793301552633,0.8230072463767966,13.137719033437723,0.0010499999997936043,0.001024268115117161
568.0,30.0,0.8229468599033666,13.136778252576923,0.8229468599033666,13.137702442860551,0.0010499999998036704,0.0010258097165672384
569.0,30.0,0.8228864734299366,13.136763203601213,0.8228864734299366,13.137685854850579,0.0010499999998132457,0.0010273487508214898
570.0,30.0,0.8228260869565066,13.136748154625502,0.8228260869565066,13.137669269403526,0.001049999999822354,0.0010288852221550114
571.0,30.0,0.8227657004830766,13.136733105649794,0.8227657004830766,13.137652686515128,0.0010499999998310181,0.00103041913483578
572.0,30.0,0.8227053140096466,13.136718056674086,0.8227053140096466,13.13763610618112,0.0010499999998392596,0.001031950493124665
573.0,30.0,0.8226449275362167,13.136703007698376,0.8226449275362167,13.137619528397254,0.0010499999998470992,0.0010334793012754407
574.0,30.0,0.8225845410627867,13.136687958722666,0.8225845410627867,13.137602953159275,0.0010499999998545564,0.0010350055635347973
575.0,30.0,0.8225241545893567,13.136672909746956,0.8225241545893567,13.137586380462952,0.0010499999998616499,0.001036529284142353
576.0,30.0,0.8224637681159267,13.136657860771248,0.8224637681159267,13.137569810304049,0.0010499999998683975,0.0010380504673306663
577.0,30.0,0.8224033816424967,13.136642811795538,0.8224033816424967,13.137553242678338,0.001049999999874816,0.001039569117325247
578.0,30.0,0.8223429951690667,13.136627762819828,0.8223429951690667,13.137536677581602,0.0010499999998809214,0.001041085238344568
579.0,30.0,0.8222826086956367,13.136612713844118,0.8222826086956367,13.13752011500963,0.001049999999886729,0.001042598834600078
580.0,30.0,0.8222222222222068,13.13659766486841,0.8222222222222068,13.13750355495822,0.0010499999998922534,0.0010441099102962116
581.0,30.0,0.8221618357487768,13.136582615892701,0.8221618357487768,13.137486997423172,0.0010499999998975086,0.0010456184696304024
582.0,30.0,0.8221014492753468,13.136567566916991,0.8221014492753468,13.137470442400296,0.0010499999999025074,0.001047124516793094
583.0,30.0,0.8220410628019168,13.136552517941281,0.8220410628019168,13.137453889885407,0.0010499999999072623,0.0010486280559677517
584.0,30.0,0.8219806763284868,13.136537468965571,0.8219806763284868,13.137437339874328,0.0010499999999117853,0.0010501290913308742
585.0,30.0,0.8219202898550568,13.136522419989863,0.8219202898550568,13.137420792362896,0.0010499999999160879,0.001051627627052005
586.0,30.0,0.8218599033816268,13.136507371014153,0.8218599033816268,13.13740424734694,0.0010499999999201805,0.0010531236672937446
587.0,30.0,0.8217995169081969,13.136492322038443,0.8217995169081969,13.137387704822306,0.0010499999999240735,0.001054617216211761
588.0,30.0,0.8217391304347669,13.136477273062734,0.8217391304347669,13.137371164784849,0.0010499999999277767,0.0010561082779548022
589.0,30.0,0.8216787439613369,13.136462224087024,0.8216787439613369,13.137354627230428,0.0010499999999312992,0.0010575968566647075
590.0,30.0,0.8216183574879069,13.136447175111316,0.8216183574879069,13.137338092154904,0.00104999999993465,0.0010590829564764185
591.0,30.0,0.8215579710144769,13.136432126135606,0.8215579710144769,13.13732155955415,0.0010499999999378374,0.0010605665815179913
592.0,30.0,0.8214975845410469,13.136417077159896,0.8214975845410469,13.137305029424045,0.0010499999999408693,0.0010620477359106076
593.0,30.0,0.821437198067617,13.136402028184186,0.821437198067617,13.137288501760473,0.0010499999999437533,0.001063526423768586
594.0,30.0,0.821376811594187,13.136386979208478,0.821376811594187,13.137271976559333,0.0010499999999464965,0.0010650026491993937
595.0,30.0,0.821316425120757,13.136371930232768,0.821316425120757,13.137255453816515,0.001049999999949106,0.001066476416303658
596.0,30.0,0.821256038647327,13.136356881257058,0.821256038647327,13.13723893352793,0.0010499999999515884,0.0010679477291751771
597.0,30.0,0.821195652173897,13.13634183228135,0.821195652173897,13.137222415689493,0.0010499999999539495,0.0010694165919009325
598.0,30.0,0.821135265700467,13.13632678330564,0.821135265700467,13.137205900297122,0.0010499999999561956,0.001070883008561099
599.0,30.0,0.821074879227037,13.136311734329931,0.821074879227037,13.137189387346744,0.001049999999958332,0.0010723469832290575
600.0,70.0,0.821014492753607,12.97505995716066,0.821014492753607,12.979936148640729,0.0010499999999603643,0.001073808519971405
601.0,70.0,0.8208735909822705,12.975021802056649,0.8208735909822705,12.979823925903911,0.001118278805661298,0.0010795973470755262
602.0,70.0,0.820732689210934,12.974983646952637,0.820732689210934,12.979715042803752,0.0011832276147137933,0.0010853765341700466
603.0,70.0,0.8205917874395975,12.974945491848626,0.8205917874395975,12.979609336918346,0.001245008832970805,0.0010911460973082676
604.0,70.0,0.820450885668261,12.974907336744614,0.820450885668261,12.979506653746439,0.0013037769456583756,0.0010969060525167571
605.0,70.0,0.8203099838969244,12.974869181640603,0.8203099838969244,12.979406846321139,0.0013596789036691662,0.0011026564157953942
606.0,70.0,0.8201690821255879,12.974831026536593,0.8201690821255879,12.97930977484246,0.0014128544910162338,0.0011083972031174143
607.0,70.0,0.8200281803542514,12.974792871432582,0.8200281803542514,12.979215306327786,0.0014634366743658722,0.001114128430429452
608.0,70.0,0.8198872785829149,12.974753916005243,0.8198872785829149,12.979122513956067,0.0015115519355235385,0.0011198501136515874
609.0,70.0,0.8197463768115784,12.974714760497074,0.8197463768115784,12.979031877640692,0.0015573205877042469,0.0011255622686773884
610.0,70.0,0.8196054750402418,12.974675604988903,0.8196054750402418,12.978943483001151,0.0016008570763782755,0.001131264911373956
611.0,70.0,0.8194645732689053,12.974636449480734,0.8194645732689053,12.978857221157707,0.0016422702654444535,0.001136958057581968
612.0,70.0,0.8193236714975688,12.974597293972563,0.8193236714975688,12.978772988540001,0.0016816637094466133,0.0011426417231157231
613.0,70.0,0.8191827697262323,12.974558138464394,0.8191827697262323,12.978690686628116,0.001719135912513889,0.0011483159237631849
614.0,70.0,0.8190418679548958,12.974518982956225,0.8190418679548958,12.978610221706267,0.0017547805746723475,0.0011539806752860254
615.0,70.0,0.8189009661835592,12.974479827448054,0.8189009661835592,12.97853150462849,0.0017886868261438604,0.0011596359934196692
616.0,70.0,0.8187600644122227,12.974440671939885,0.8187600644122227,12.978454450595793,0.001820939450218084,0.001165281893873337
617.0,70.0,0.8186191626408862,12.974401516431714,0.8186191626408862,12.978378978944129,0.0018516190952548458,0.001170918392330089
618.0,70.0,0.8184782608695497,12.974362360923545,0.8184782608695497,12.978305012942752,0.0018808024763470508,0.0011765455044468692
619.0,70.0,0.8183373590982131,12.974323205415374,0.8183373590982131,12.97823247960237,0.0019085625671483738,0.0011821632458545483
620.0,70.0,0.8181964573268766,12.974284049907205,0.8181964573268766,12.978161309492702,0.001934968782345404,0.0011877716321579668
621.0,70.0,0.8180555555555401,12.974244894399035,0.8180555555555401,12.978091436568869,0.001960087151230517,0.0011933706789359795
622.0,70.0,0.8179146537842036,12.974205738890863,0.8179146537842036,12.978022798006315,0.0019839804828094996,0.0011989604017414975
623.0,70.0,0.8177737520128671,12.974166583382694,0.8177737520128671,12.977955334043738,0.00200670852285678,0.0012045408161015323
624.0,70.0,0.8176328502415305,12.974127427874523,0.8176328502415305,12.977888987833696,0.0020283281033109833,0.0012101119375172386
625.0,70.0,0.817491948470194,12.974088272366354,0.817491948470194,12.977823705300507,0.0020488932843843823,0.001215673781463957
626.0,70.0,0.8173510466988575,12.974049116858183,0.8173510466988575,12.977759435005051,0.002068455489741585,0.0012212263633912576
627.0,70.0,0.817210144927521,12.974009961350013,0.817210144927521,12.977696128016204,0.0020870636350854813,0.0012267696987229829
628.0,70.0,0.8170692431561845,12.973970805841844,0.8170692431561845,12.977633737788516,0.0021047642504719816,0.00123230380285729
629.0,70.0,0.8169283413848479,12.973931650333673,0.8169283413848479,12.977572220045847,0.0021216015966593906,0.0012378286911666938
630.0,70.0,0.8167874396135114,12.973892494825504,0.8167874396135114,12.977511532670722,0.002137617775783359,0.0012433443789981102
631.0,70.0,0.8166465378421749,12.973853339317333,0.8166465378421749,12.977451635599026,0.002152852836634152,0.0012488508816728976
632.0,70.0,0.8165056360708384,12.973814183809164,0.8165056360708384,12.977392490719877,0.002167344874799485,0.0012543482144869002
633.0,70.0,0.8163647342995018,12.973775028300993,0.8163647342995018,12.97733406178036,0.002181130127923337,0.0012598363927104907
634.0,70.0,0.8162238325281653,12.973735872792824,0.8162238325281653,12.977276314294917,0.002194243066318936,0.001265315431588612
635.0,70.0,0.8160829307568288,12.973696717284655,0.8160829307568288,12.97721921545915,0.0022067164791624945,0.0012707853463408201
636.0,70.0,0.8159420289854923,12.973657561776484,0.8159420289854923,12.97716273406784,0.0022185815564832326,0.0012762461521613263
637.0,70.0,0.8158011272141558,12.973618406268315,0.8158011272141558,12.977106840436942,0.002229867967154695,0.0012816978642190388
638.0,70.0,0.8156602254428192,12.973579250760144,0.8156602254428192,12.977051506329405,0.0022406039330823886,0.001287140497657606
639.0,70.0,0.8155193236714827,12.973540095251975,0.8155193236714827,12.976996704884607,0.002250816299773248,0.0012925740675954576
640.0,70.0,0.8153784219001462,12.973500939743804,0.8153784219001462,12.976942410551215,0.0022605306034633845,0.0012979985891258467
641.0,70.0,0.8152375201288097,12.973461784235635,0.8152375201288097,12.976888599023345,0.002269771134971978,0.0013034140773168924
642.0,70.0,0.8150966183574732,12.973422628727466,0.8150966183574732,12.976835247179812,0.002278561000440978,0.0013088205472116209
643.0,70.0,0.8149557165861366,12.973383473219295,0.8149557165861366,12.976782333026353,0.0022869221791124938,0.0013142180138280076
644.0,70.0,0.8148148148148001,12.973344317711126,0.8148148148148001,12.976729835640679,0.0022948755782883474,0.0013196064921590187
645.0,70.0,0.8146739130434636,12.973305162202953,0.8146739130434636,12.976677735120173,0.002302441085609219,0.0013249859971726531
646.0,70.0,0.8145330112721271,12.973266006694784,0.8145330112721271,12.976626012532188,0.0023096376187841075,0.0013303565438119837
647.0,70.0,0.8143921095007906,12.973226851186613,0.8143921095007906,12.976574649866725,0.0023164831728944573,0.001335718146995199
648.0,70.0,0.814251207729454,12.973187695678444,0.814251207729454,12.976523629991439,0.0023229948653912336,0.0013410708216156449
649.0,70.0,0.8141103059581175,12.973148540170275,0.8141103059581175,12.976472936608836,0.0023291889788974677,0.0013464145825418652
650.0,70.0,0.813969404186781,12.973109384662104,0.813969404186781,12.976422554215562,0.002335081001923295,0.0013517494446176439
651.0,70.0,0.8138285024154445,12.973070229153935,0.8138285024154445,12.976372468063676,0.0023406856675952975,0.0013570754226620455
652.0,70.0,0.813687600644108,12.973031073645764,0.813687600644108,12.976322664123797,0.0023460169904969954,0.001362392531469457
653.0,70.0,0.8135466988727714,12.972991918137595,0.8135466988727714,12.976273129050071,0.002351088301712605,0.0013677007858096284
654.0,70.0,0.8134057971014349,12.972952762629424,0.8134057971014349,12.976223850146834,0.0023559122821616933,0.0013730002004277142
655.0,70.0,0.8132648953300984,12.972913607121255,0.8132648953300984,12.976174815336902,0.0023605009943080822,0.001378290790044314
656.0,70.0,0.8131239935587619,12.972874451613086,0.8131239935587619,12.976126013131408,0.0023648659123222913,0.0013835725693555133
657.0,70.0,0.8129830917874253,12.972835296104915,0.8129830917874253,12.976077432601109,0.00236901795077294,0.0013888455530329247
658.0,70.0,0.8128421900160888,12.972796140596746,0.8128421900160888,12.976029063349102,0.0023729674919188556,0.0013941097557237285
659.0,70.0,0.8127012882447523,12.972756985088575,0.8127012882447523,12.975980895484854,0.0023767244116701266,0.0013993651920507135
660.0,70.0,0.8125603864734158,12.972717829580406,0.8125603864734158,12.97593291959951,0.0023802981042830235,0.0014046118766123173
661.0,70.0,0.8124194847020793,12.972678674072235,0.8124194847020793,12.975885126742401,0.002383697505850532,0.001409849823982667
662.0,70.0,0.8122785829307427,12.972639518564065,0.8122785829307427,12.975837508398707,0.00238693111664724,0.0014150790487116197
663.0,70.0,0.8121376811594062,12.972600363055896,0.8121376811594062,12.975790056468187,0.002390007022384452,0.001420299565324803
664.0,70.0,0.8119967793880697,12.972561207547725,0.8119967793880697,12.975742763244973,0.002392932914428678,0.0014255113883236553
665.0,70.0,0.8118558776167332,12.972522052039556,0.8118558776167332,12.975695621398337,0.0023957161090340587,0.0014307145321854663
666.0,70.0,0.8117149758453966,12.972482896531385,0.8117149758453966,12.975648623954385,0.0023983635656368084,0.0014359090113634165
667.0,70.0,0.8115740740740601,12.972443741023216,0.8115740740740601,12.975601764278672,0.0024008819042574325,0.001441094840286618
668.0,70.0,0.8114331723027236,12.972404585515044,0.8114331723027236,12.97555503605963,0.0024032774220542267,0.0014462720333601547
669.0,70.0,0.8112922705313871,12.972365430006874,0.8112922705313871,12.975508433292841,0.002405556109069453,0.0014514406049651216
670.0,70.0,0.8111513687600506,12.972326274498705,0.8111513687600506,12.975461950266041,0.0024077236632075636,0.0014566005694586655
671.0,70.0,0.811010466988714,12.972287118990534,0.811010466988714,12.97541558154488,0.0024097855044829327,0.0014617519411740244
672.0,70.0,0.8108695652173775,12.972247963482365,0.8108695652173775,12.975369321959372,0.002411746788572714,0.0014668947344205674
673.0,70.0,0.810728663446041,12.972208807974194,0.810728663446041,12.975323166591002,0.0024136124197087186,0.0014720289634838346
674.0,70.0,0.8105877616747045,12.972169652466025,0.8105877616747045,12.975277110760459,0.0024153870629405514,0.001477154642625577
675.0,70.0,0.810446859903368,12.972130496957854,0.810446859903368,12.975231150015968,0.0024170751558006617,0.0014822717860837951
676.0,70.0,0.8103059581320314,12.972091341449685,0.8103059581320314,12.975185280122211,0.002418680919400488,0.00148738040807278
677.0,70.0,0.8101650563606949,12.972052185941516,0.8101650563606949,12.975139497049748,0.002420208368985435,0.0014924805227831512
678.0,70.0,0.8100241545893584,12.972013030433345,0.8100241545893584,12.975093796964988,0.0024216613239750784,0.0014975721443818975
679.0,70.0,0.8098832528180219,12.971963079920666,0.8098832528180219,12.975037381216142,0.002423043417513702,0.0015026552870124154
680.0,70.0,0.8097423510466853,12.97191089595878,0.8097423510466853,12.974978807888432,0.002424358105555053,0.001507729964794549
681.0,70.0,0.8096014492753488,12.971858711996898,0.8096014492753488,12.974920307129569,0.0024256086755040256,0.0015127961918246285
682.0,70.0,0.8094605475040123,12.971806528035012,0.8094605475040123,12.9748618757984,0.0024267982544368843,0.0015178539821755102
683.0,70.0,0.8093196457326758,12.971754344073126,0.8093196457326758,12.974803510906309,0.002427929816920586,0.0015229033498966149
684.0,70.0,0.8091787439613393,12.97170216011124,0.8091787439613393,12.974745209609775,0.0024290061924507438,0.0015279443090139672
685.0,70.0,0.8090378421900027,12.971649976149356,0.8090378421900027,12.9746869692033,0.0024300300725268427,0.0015329768735302348
686.0,70.0,0.8088969404186662,12.97159779218747,0.8088969404186662,12.974628787112664,0.002431004017382388,0.0015380010574247668
687.0,70.0,0.8087560386473297,12.971545608225584,0.8087560386473297,12.974570660888542,0.002431930462386824,0.0015430168746536326
688.0,70.0,0.8086151368759932,12.971493424263699,0.8086151368759932,12.974512588200414,0.002432811724135225,0.001548024339149661
689.0,70.0,0.8084742351046567,12.971441240301814,0.8084742351046567,12.974454566830753,0.0024336500062409907,0.0015530234648224793
690.0,70.0,0.8083333333333201,12.971389056339929,0.8083333333333201,12.974396594669525,0.0024344474048460275,0.0015580142655585503
691.0,70.0,0.8081924315619836,12.971336872378044,0.8081924315619836,12.974338669708962,0.0024352059138621944,0.0015629967552212131
692.0,70.0,0.8080515297906471,12.971284688416159,0.8080515297906471,12.97428079003855,0.0024359274299571216,0.0015679709476507197
693.0,70.0,0.8079106280193106,12.971232504454274,0.8079106280193106,12.974222953840313,0.002436613757296867,0.0015729368566642745
694.0,70.0,0.807769726247974,12.971180320492389,0.807769726247974,12.974165159384274,0.002437266612057272,0.0015778944960560723
695.0,70.0,0.8076288244766375,12.971128136530503,0.8076288244766375,12.974107405024188,0.002437887626715295,0.001582843879597337
696.0,70.0,0.807487922705301,12.971075952568617,0.807487922705301,12.97404968919345,0.002438478354131052,0.0015877850210363595
697.0,70.0,0.8073470209339645,12.971023768606733,0.8073470209339645,12.973992010401203,0.00243904027143078,0.0015927179340985357
698.0,70.0,0.807206119162628,12.970971584644847,0.807206119162628,12.97393436722866,0.0024395747837004174,0.001597642632486405
699.0,70.0,0.8070652173912914,12.970919400682961,0.8070652173912914,12.973876758325583,0.002440083227499053,0.0016025591298796885
700.0,70.0,0.8069243156199549,12.970867216721075,0.8069243156199549,12.97381918240694,0.00244056687420102,0.0016074674399353265
701.0,70.0,0.8067834138486184,12.970815032759193,0.8067834138486184,12.97376163824973,0.0024410269331749937,0.0016123675762875166
702.0,70.0,0.8066425120772819,12.970762848797307,0.8066425120772819,12.97370412468995,0.0024414645548080432,0.001617259552547752
703.0,70.0,0.8065016103059454,12.970710664835421,0.8065016103059454,12.973646640619734,0.002441880833382198,0.0016221433823048585
704.0,70.0,0.8063607085346088,12.970658480873535,0.8063607085346088,12.973589184984599,0.002442276809810723,0.0016270190791250333
705.0,70.0,0.8062198067632723,12.970606296911651,0.8062198067632723,12.973531756780858,0.0024426534742409446,0.0016318866565518818
706.0,70.0,0.8060789049919358,12.970554112949765,0.8060789049919358,12.973474355053128,0.002443011768530134,0.0016367461281064555
707.0,70.0,0.8059380032205993,12.97050192898788,0.8059380032205993,12.97341697889199,0.002443352588600642,0.0016415975072872895
708.0,70.0,0.8057971014492628,12.970449745025993,0.8057971014492628,12.973359627431742,0.0024436767866801695,0.0016464408075704403
709.0,70.0,0.8056561996779262,12.97039756106411,0.8056561996779262,12.97330229984827,0.0024439851734327825,0.0016512760424095229
710.0,70.0,0.8055152979065897,12.970345377102223,0.8055152979065897,12.973244995357003,0.0024442785199859946,0.0016561032252357484
711.0,70.0,0.8053743961352532,12.97029319314034,0.8053743961352532,12.973187713211022,0.0024445575598589855,0.001660922369457961
712.0,70.0,0.8052334943639167,12.970241009178453,0.8052334943639167,12.973130452699195,0.0024448229907967837,0.0016657334884626754
713.0,70.0,0.8050925925925801,12.97018882521657,0.8050925925925801,12.973073213144438,0.00244507547651499,0.0016705365956141143
714.0,70.0,0.8049516908212436,12.970136641254683,0.8049516908212436,12.97301599390207,0.002445315648359414,0.001675331704254245
715.0,70.0,0.8048107890499071,12.970084457292797,0.8048107890499071,12.972958794358208,0.0024455441068847667,0.0016801188277028169
716.0,70.0,0.8046698872785706,12.970032273330911,0.8046698872785706,12.972901613928297,0.0024457614233563602,0.0016848979792573981
717.0,70.0,0.8045289855072341,12.969980089369027,0.8045289855072341,12.972844452055655,0.0024459681411785686,0.001689669172193413
718.0,70.0,0.8043880837358975,12.969927905407141,0.8043880837358975,12.972787308210123,0.002446164777253622,0.001694432419764178
719.0,70.0,0.804247181964561,12.969875721445256,0.804247181964561,12.972730181886783,0.002446351823274131,0.0016991877352009394
720.0,70.0,0.8041062801932245,12.96982353748337,0.8041062801932245,12.972673072604705,0.002446529746952575,0.00170393513171291
721.0,70.0,0.803965378421888,12.969771353521487,0.803965378421888,12.97261597990581,0.0024466989931908266,0.0017086746224873055
722.0,70.0,0.8038244766505515,12.969719169559601,0.8038244766505515,12.972558903353718,0.0024468599851926376,0.0017134062206893808
723.0,70.0,0.8036835748792149,12.969666985597716,0.8036835748792149,12.972501842532731,0.0024470131255218694,0.0017181299394624676
724.0,70.0,0.8035426731078784,12.96961480163583,0.8035426731078784,12.972444797046792,0.0024471587971091123,0.0017228457919280095
725.0,70.0,0.8034017713365419,12.969562617673946,0.8034017713365419,12.97238776651855,0.0024472973642092116,0.0017275537911856
726.0,70.0,0.8032608695652054,12.96951043371206,0.8032608695652054,12.972330750588434,0.0024474291733120935,0.001732253950313018
727.0,70.0,0.8031199677938688,12.969458249750174,0.8031199677938688,12.972273748913798,0.002447554554009172,0.001736946282366264
728.0,70.0,0.8029790660225323,12.969406065788288,0.8029790660225323,12.97221676116809,0.0024476738198174973,0.0017416308003795965
729.0,70.0,0.8028381642511958,12.969353881826404,0.8028381642511958,12.972159787040077,0.002447787268963713,0.0017463075173655687
730.0,70.0,0.8026972624798593,12.969301697864518,0.8026972624798593,12.972102826233074,0.002447895185129778,0.0017509764463150641
731.0,70.0,0.8025563607085228,12.969249513902634,0.8025563607085228,12.972045878464273,0.0024479978381623186,0.001755637600197333
732.0,70.0,0.8024154589371862,12.969197329940748,0.8024154589371862,12.97198894346404,0.0024480954847473854,0.0017602909919600279
733.0,70.0,0.8022745571658497,12.969145145978864,0.8022745571658497,12.97193202097528,0.002448188369052303,0.0017649366345292399
734.0,70.0,0.8021336553945132,12.969092962016978,0.8021336553945132,12.971875110752832,0.002448276723336215,0.0017695745408095346
735.0,70.0,0.8019927536231767,12.969040778055092,0.8019927536231767,12.971818212562876,0.0024483607685308524,0.0017742047236839883
736.0,70.0,0.8018518518518402,12.968988594093206,0.8018518518518402,12.971761326182397,0.0024484407147929797,0.001778827196014223
737.0,70.0,0.8017109500805036,12.968936410131322,0.8017109500805036,12.97170445139865,0.002448516762029894,0.0017834419706404426
738.0,70.0,0.8015700483091671,12.968884226169436,0.8015700483091671,12.971647588008654,0.002448589100399299,0.0017880490603814684
739.0,70.0,0.8014291465378306,12.96883204220755,0.8014291465378306,12.971590735818733,0.002448657910784797,0.0017926484780347747
740.0,70.0,0.8012882447664941,12.968779858245664,0.8012882447664941,12.971533894644041,0.002448723365248194,0.001797240236376525
741.0,70.0,0.8011473429951576,12.96872767428378,0.8011473429951576,12.971477064308159,0.0024487856274597423,0.0018018243481616061
742.0,70.0,0.801006441223821,12.968675490321896,0.801006441223821,12.971420244642664,0.0024488448531074015,0.001806400826123665
743.0,70.0,0.8008655394524845,12.96862330636001,0.8008655394524845,12.971363435486749,0.00244890119028614,0.0018109696829751436
744.0,70.0,0.800724637681148,12.968571122398124,0.800724637681148,12.971306636686847,0.0024489547798682496,0.0018155309314073136
745.0,70.0,0.8005837359098115,12.968518938436238,0.8005837359098115,12.971249848096294,0.002449005755855599,0.0018200845840903126
746.0,70.0,0.800442834138475,12.968466754474354,0.800442834138475,12.971193069574968,0.0024490542457147086,0.0018246306536731788
747.0,70.0,0.8003019323671384,12.968414570512468,0.8003019323671384,12.97113630098899,0.0024491003706954835,0.001829169152783886
748.0,70.0,0.8001610305958019,12.968362386550583,0.8001610305958019,12.97107954221042,0.002449144246134401,0.0018337000940293793
749.0,70.0,0.8000201288244654,12.968310202588697,0.8000201288244654,12.97102279311696,0.002449185981742912,0.0018382234899956093
750.0,70.0,0.7998792270531289,12.968253670669352,0.7998792270531289,12.970961705634222,0.002449225681881778,0.0018427393532475678
751.0,70.0,0.7997383252817923,12.96819641409043,0.7997383252817923,12.970899902948279,0.0024492634458220235,0.0018472476963293223
752.0,70.0,0.7995974235104558,12.968139157511507,0.7995974235104558,12.970838109611748,0.00244929936799317,0.001851748531764051
753.0,70.0,0.7994565217391193,12.968081900932583,0.7994565217391193,12.970776325522309,0.002449333538219357,0.0018562418720540774
754.0,70.0,0.7993156199677828,12.968024644353662,0.7993156199677828,12.970714550582036,0.0024493660419439476,0.0018607277296809053
755.0,70.0,0.7991747181964463,12.967967387774738,0.7991747181964463,12.970652784697188,0.002449396960443184,0.001865206117105253
756.0,70.0,0.7990338164251097,12.967910131195815,0.7990338164251097,12.970591027778019,0.002449426371029419,0.0018696770467670884
757.0,70.0,0.7988929146537732,12.967852874616893,0.7988929146537732,12.970529279738562,0.002449454347244438,0.0018741405310856638
758.0,70.0,0.7987520128824367,12.96779561803797,0.7987520128824367,12.970467540496466,0.00244948095904335,0.0018785965824595493
759.0,70.0,0.7986111111111002,12.967738361459046,0.7986111111111002,12.97040580997281,0.002449506272969514,0.0018830452132666685
760.0,70.0,0.7984702093397636,12.967681104880125,0.7984702093397636,12.97034408809194,0.002449530352320931,0.0018874864358643319
761.0,70.0,0.7983293075684271,12.967623848301201,0.7983293075684271,12.970282374781304,0.0024495532573085214,0.0018919202625892718
762.0,70.0,0.7981884057970906,12.96756659172228,0.7981884057970906,12.970220669971315,0.0024495750452066855,0.0018963467057576764
763.0,70.0,0.7980475040257541,12.967509335143356,0.7980475040257541,12.970158973595195,0.002449595770496517,0.0019007657776652239
764.0,70.0,0.7979066022544176,12.967452078564433,0.7979066022544176,12.970097285588846,0.002449615485002036,0.001905177490587117
765.0,70.0,0.797765700483081,12.967394821985511,0.797765700483081,12.970035605890716,0.002449634238019775,0.0019095818567781168
766.0,70.0,0.7976247987117445,12.967337565406588,0.7976247987117445,12.969973934441676,0.0024496520764420468,0.0019139788884725763
767.0,70.0,0.797483896940408,12.967280308827664,0.797483896940408,12.969912271184906,0.0024496690448741983,0.0019183685978844756
768.0,70.0,0.7973429951690715,12.967223052248745,0.7973429951690715,12.96985061606579,0.0024496851857461486,0.0019227509972074546
769.0,70.0,0.797202093397735,12.967165795669821,0.797202093397735,12.969788969031788,0.0024497005394184847,0.0019271260986148478
770.0,70.0,0.7970611916263984,12.967108539090898,0.7970611916263984,12.969727330032354,0.002449715144283385,0.001931493914259717
771.0,70.0,0.7969202898550619,12.967051282511976,0.7969202898550619,12.96966569901884,0.002449729036860619,0.0019358544562748867
772.0,70.0,0.7967793880837254,12.966994025933053,0.7967793880837254,12.96960407594439,0.002449742251888866,0.0019402077367729762
773.0,70.0,0.7966384863123889,12.96693676935413,0.7966384863123889,12.96954246076387,0.00244975482241258,0.0019445537678464341
774.0,70.0,0.7964975845410524,12.966879512775208,0.7964975845410524,12.969480853433774,0.0024497667798646186,0.001948892561567572
775.0,70.0,0.7963566827697158,12.966822256196284,0.7963566827697158,12.969419253912152,0.0024497781541448394,0.0019532241299885975
776.0,70.0,0.7962157809983793,12.966764999617363,0.7962157809983793,12.969357662158526,0.002449788973694868,0.0019575484851416477
777.0,70.0,0.7960748792270428,12.96670774303844,0.7960748792270428,12.96929607813383,0.002449799265569215,0.001961865639038823
778.0,70.0,0.7959339774557063,12.966650486459516,0.7959339774557063,12.969234501800342,0.002449809055502927,0.00196617560367222
779.0,70.0,0.7957930756843697,12.966593229880594,0.7957930756843697,12.969172933121603,0.0024498183679759382,0.001970478391013966
780.0,70.0,0.7956521739130332,12.96653597330167,0.7956521739130332,12.96911137206238,0.0024498272262742813,0.0019747740130162507
781.0,70.0,0.7955112721416967,12.966478716722747,0.7955112721416967,12.969049818588587,0.002449835652548316,0.0019790624816113603
782.0,70.0,0.7953703703703602,12.966421460143826,0.7953703703703602,12.968988272667245,0.002449843667868117,0.00198334380871171
783.0,70.0,0.7952294685990237,12.966364203564902,0.7952294685990237,12.968926734266416,0.002449851292276158,0.0019876180062098777
784.0,70.0,0.7950885668276871,12.966306946985979,0.7950885668276871,12.968865203355165,0.0024498585448374313,0.0019918850859786375
785.0,70.0,0.7949476650563506,12.966249690407057,0.7949476650563506,12.9688036799035,0.0024498654436871173,0.0019961450598709914
786.0,70.0,0.7948067632850141,12.966192433828134,0.7948067632850141,12.968742163882338,0.002449872006075934,0.002000397939720203
787.0,70.0,0.7946658615136776,12.96613517724921,0.7946658615136776,12.968680655263459,0.0024498782484132717,0.0020046437373398293
788.0,70.0,0.794524959742341,12.96607792067029,0.794524959742341,12.968619154019457,0.0024498841863082248,0.0020088824645237563
789.0,70.0,0.7943840579710045,12.966020664091367,0.7943840579710045,12.968557660123713,0.0024498898346086238,0.0020131141330462284
790.0,70.0,0.794243156199668,12.965963407512444,0.794243156199668,12.968496173550344,0.002449895207438162,0.0020173387546618834
791.0,70.0,0.7941022544283315,12.965906150933522,0.7941022544283315,12.968434694274185,0.002449900318231711,0.002021556341105784
792.0,70.0,0.793961352656995,12.965848894354599,0.793961352656995,12.968373222270735,0.0024499051797689177,0.0020257669040934507
793.0,70.0,0.7938204508856584,12.965791637775677,0.7938204508856584,12.96831175751615,0.002449909804206157,0.0020299704553208946
794.0,70.0,0.7936795491143219,12.965734381196754,0.7936795491143219,12.968250299987183,0.0024499142031069307,0.0020341670064646495
795.0,70.0,0.7935386473429854,12.96567712461783,0.7935386473429854,12.968188849661177,0.0024499183874707817,0.002038356569181805
796.0,70.0,0.7933977455716489,12.965619868038909,0.7933977455716489,12.968127406516038,0.0024499223677607995,0.002042539155110037
797.0,70.0,0.7932568438003124,12.965562611459985,0.7932568438003124,12.968065970530189,0.002449926153929783,0.002046714775867644
798.0,70.0,0.7931159420289758,12.965505354881062,0.7931159420289758,12.968004541682562,0.0024499297554451257,0.0020508834430535737
799.0,70.0,0.7929750402576393,12.96544809830214,0.7929750402576393,12.96794311995258,0.0024499331813124924,0.002055045168247461
800.0,70.0,0.7928341384863028,12.965390841723217,0.7928341384863028,12.967881705320108,0.002449936440098336,0.0020591999630096554
801.0,70.0,0.7926932367149663,12.965333585144293,0.7926932367149663,12.96782029776546,0.002449939539951319,0.0020633478388812567
802.0,70.0,0.7925523349436298,12.965276328565372,0.7925523349436298,12.967758897269364,0.0024499424886226875,0.002067488807384145
803.0,70.0,0.7924114331722932,12.965219071986448,0.7924114331722932,12.967697503812941,0.0024499452934856566,0.002071622880021013
804.0,70.0,0.7922705314009567,12.965161815407525,0.7922705314009567,12.967636117377696,0.0024499479615538444,0.0020757500682753987
805.0,70.0,0.7921296296296202,12.965104558828603,0.7921296296296202,12.967574737945494,0.0024499504994988115,0.0020798703836117163
806.0,70.0,0.7919887278582837,12.96504730224968,0.7919887278582837,12.96751336549854,0.0024499529136667417,0.002083983837475289
807.0,70.0,0.7918478260869471,12.964990045670758,0.7918478260869471,12.967452000019373,0.002449955210094313,0.00208809044129238
808.0,70.0,0.7917069243156106,12.964932789091836,0.7917069243156106,12.967390641490843,0.0024499573945237895,0.002092190206470225
809.0,70.0,0.7915660225442741,12.964875532512913,0.7915660225442741,12.9673292898961,0.0024499594724173837,0.002096283144397063
810.0,70.0,0.7914251207729376,12.964818275933991,0.7914251207729376,12.967267945218579,0.0024499614489709113,0.0021003692664421686
811.0,70.0,0.7912842190016011,12.964761019355068,0.7912842190016011,12.967206607441984,0.002449963329126786,0.0021044485839558837
812.0,70.0,0.7911433172302645,12.964703762776145,0.7911433172302645,12.967145276550289,0.0024499651175863765,0.002108521108269649
813.0,70.0,0.791002415458928,12.964646506197223,0.791002415458928,12.967083952527705,0.0024499668188217635,0.0021125868506960336
814.0,70.0,0.7908615136875915,12.9645892496183,0.7908615136875915,12.967022635358683,0.0024499684370869216,0.00211664582252877
815.0,70.0,0.790720611916255,12.964531993039376,0.790720611916255,12.966961325027905,0.0024499699764283568,0.0021206980350427815
816.0,70.0,0.7905797101449185,12.964474736460454,0.7905797101449185,12.966900021520264,0.0024499714406952242,0.0021247434994942174
817.0,70.0,0.7904388083735819,12.964417479881531,0.7904388083735819,12.96683872482086,0.0024499728335489537,0.0021287822271204813
818.0,70.0,0.7902979066022454,12.964360223302608,0.7902979066022454,12.966777434914995,0.0024499741584724055,0.002132814229140264
819.0,70.0,0.7901570048309089,12.964302966723686,0.7901570048309089,12.966716151788154,0.002449975418778578,0.002136839516753573
820.0,70.0,0.7900161030595724,12.964245710144763,0.7900161030595724,12.966654875426002,0.002449976617618893,0.002140858101141766
821.0,70.0,0.7898752012882359,12.964190851075125,0.7898752012882359,12.966596003323668,0.002449977757991076,0.0021448699934675792
822.0,70.0,0.7897342995168993,12.964136301361526,0.7897342995168993,12.966537447313904,0.0024499788427466513,0.0021488752048751617
823.0,70.0,0.7895933977455628,12.964081751647926,0.7895933977455628,12.966478898026837,0.002449979874598073,0.0021528737464901024
824.0,70.0,0.7894524959742263,12.964027201934327,0.7894524959742263,12.966420355448781,0.002449980856125507,0.0021568656294194645
825.0,70.0,0.7893115942028898,12.963972652220725,0.7893115942028898,12.96636181956619,0.002449981789783283,0.0021608508647518137
826.0,70.0,0.7891706924315532,12.963918102507126,0.7891706924315532,12.966303290365662,0.002449982677906032,0.0021648294635572512
827.0,70.0,0.7890297906602167,12.963863552793526,0.7890297906602167,12.966244767833924,0.0024499835227145233,0.0021688014368874426
828.0,70.0,0.7888888888888802,12.963809003079927,0.7888888888888802,12.966186251957831,0.0024499843263212184,0.00217276679577565
829.0,70.0,0.7887479871175437,12.963754453366326,0.7887479871175437,12.966127742724353,0.0024499850907355528,0.002176725551236761
830.0,70.0,0.7886070853462072,12.963699903652726,0.7886070853462072,12.96606924012059,0.00244998581786896,0.002180677714267322
831.0,70.0,0.7884661835748706,12.963645353939127,0.7884661835748706,12.966010744133742,0.0024499865095396526,0.002184623295845566
832.0,70.0,0.7883252818035341,12.963590804225527,0.7883252818035341,12.965952254751118,0.0024499871674771674,0.002188562306931444
833.0,70.0,0.7881843800321976,12.963536254511926,0.7881843800321976,12.965893771960133,0.002449987793326691,0.002192494758466656
834.0,70.0,0.7880434782608611,12.963481704798326,0.7880434782608611,12.965835295748299,0.002449988388653173,0.0021964206613746813
835.0,70.0,0.7879025764895246,12.963427155084727,0.7879025764895246,12.965776826103221,0.0024499889549452402,0.002200340026560808
836.0,70.0,0.787761674718188,12.963372605371127,0.787761674718188,12.965718363012597,0.002449989493618917,0.0022042528649121643
837.0,70.0,0.7876207729468515,12.963318055657526,0.7876207729468515,12.965659906464207,0.002449990006021169,0.0022081591872977484
838.0,70.0,0.787479871175515,12.963263505943926,0.787479871175515,12.965601456445924,0.0024499904934332677,0.0022120590045684578
839.0,70.0,0.7873389694041785,12.963208956230327,0.7873389694041785,12.965543012945696,0.002449990957073998,0.002215952327557121
840.0,70.0,0.787198067632842,12.963154406516727,0.787198067632842,12.965484575951544,0.0024499913981027035,0.0022198391670785267
841.0,70.0,0.7870571658615054,12.963099856803126,0.7870571658615054,12.965426145451573,0.0024499918176221847,0.002223719533929454
842.0,70.0,0.7869162640901689,12.963045307089526,0.7869162640901689,12.965367721433957,0.0024499922166814595,0.002227593438888702
843.0,70.0,0.7867753623188324,12.962990757375927,0.7867753623188324,12.965309303886931,0.0024499925962783837,0.0022314608927171196
844.0,70.0,0.7866344605474959,12.962936207662327,0.7866344605474959,12.965250892798807,0.0024499929573621477,0.002235321906157638
845.0,70.0,0.7864935587761593,12.962881657948726,0.7864935587761593,12.965192488157955,0.0024499933008356486,0.0022391764899352957
846.0,70.0,0.7863526570048228,12.962827108235127,0.7863526570048228,12.965134089952812,0.0024499936275577494,0.0022430246547572733
847.0,70.0,0.7862117552334863,12.962772558521527,0.7862117552334863,12.965075698171868,0.0024499939383454254,0.0022468664113129196
848.0,70.0,0.7860708534621498,12.962718008807927,0.7860708534621498,12.965017312803678,0.0024499942339758075,0.002250701770273783
849.0,70.0,0.7859299516908133,12.962663459094326,0.7859299516908133,12.964958933836844,0.0024499945151881257,0.002254530742293641
850.0,70.0,0.7857890499194767,12.962608909380727,0.7857890499194767,12.964900561260032,0.002449994782685557,0.002258353338008529
851.0,70.0,0.7856481481481402,12.962554359667127,0.7856481481481402,12.964842195061953,0.002449995037136985,0.0022621695680367713
852.0,70.0,0.7855072463768037,12.962499809953528,0.7855072463768037,12.96478383523137,0.00244999527917867,0.0022659794429790094
853.0,70.0,0.7853663446054672,12.962445260239926,0.7853663446054672,12.964725481757092,0.0024499955094158432,0.0022697829734182316
854.0,70.0,0.7852254428341306,12.962390710526327,0.7852254428341306,12.964667134627982,0.0024499957284242167,0.0022735801699198025
855.0,70.0,0.7850845410627941,12.962336160812727,0.7850845410627941,12.964608793832943,0.002449995936751426,0.002277371043031493
856.0,70.0,0.7849436392914576,12.962281611099128,0.7849436392914576,12.964550459360925,0.002449996134918397,0.0022811556032835086
857.0,70.0,0.7848027375201211,12.962227061385526,0.7848027375201211,12.964492131200917,0.0024499963234206512,0.0022849338611885188
858.0,70.0,0.7846618357487846,12.962172511671927,0.7846618357487846,12.964433809341955,0.002449996502729542,0.002288705827241687
859.0,70.0,0.784520933977448,12.962117961958327,0.784520933977448,12.964375493773113,0.0024499966732934348,0.002292471511920699
860.0,70.0,0.7843800322061115,12.962063412244728,0.7843800322061115,12.964317184483503,0.0024499968355388285,0.002296230925685792
861.0,70.0,0.784239130434775,12.962008862531126,0.784239130434775,12.964258881462277,0.002449996989871421,0.0022999840789797855
862.0,70.0,0.7840982286634385,12.961954312817527,0.7840982286634385,12.96420058469862,0.002449997136677124,0.002303730982228107
863.0,70.0,0.783957326892102,12.961899763103927,0.783957326892102,12.964142294181766,0.002449997276323028,0.0023074716458388236
864.0,70.0,0.7838164251207654,12.961845213390328,0.7838164251207654,12.964084009900967,0.002449997409158321,0.00231120608020267
865.0,70.0,0.7836755233494289,12.961790663676727,0.7836755233494289,12.964025731845517,0.0024499975355151606,0.0023149342956930775
866.0,70.0,0.7835346215780924,12.961736113963127,0.7835346215780924,12.963967460004751,0.0024499976557095043,0.0023186563026662025
867.0,70.0,0.7833937198067559,12.961681564249528,0.7833937198067559,12.963909194368025,0.0024499977700419007,0.002322372111460956
868.0,70.0,0.7832528180354194,12.961627014535928,0.7832528180354194,12.96385093492473,0.0024499978787982405,0.002326081732399031
869.0,70.0,0.7831119162640828,12.961572464822327,0.7831119162640828,12.963792681664291,0.002449997982250471,0.0023297851757849326
870.0,70.0,0.7829710144927463,12.961517915108727,0.7829710144927463,12.963734434576164,0.0024499980806572765,0.002333482451906006
871.0,70.0,0.7828301127214098,12.961463365395128,0.7828301127214098,12.96367619364983,0.0024499981742647256,0.0023371735710324654
872.0,70.0,0.7826892109500733,12.961408815681528,0.7826892109500733,12.963617958874803,0.0024499982633068855,0.0023408585434174212
873.0,70.0,0.7825483091787367,12.961354265967927,0.7825483091787367,12.963559730240624,0.002449998348006408,0.0023445373792969106
874.0,70.0,0.7824074074074002,12.961299716254327,0.7824074074074002,12.963501507736861,0.002449998428575086,0.002348210088889924
875.0,70.0,0.7822665056360637,12.961245166540728,0.7822665056360637,12.963443291353114,0.0024499985052143835,0.002351876682398435
876.0,70.0,0.7821256038647272,12.961190616827128,0.7821256038647272,12.963385081079004,0.002449998578115938,0.0023555371700074287
877.0,70.0,0.7819847020933907,12.961136067113527,0.7819847020933907,12.96332687690418,0.002449998647462042,0.002359191561884928
878.0,70.0,0.7818438003220541,12.961081517399927,0.7818438003220541,12.96326867881832,0.0024499987134260965,0.0023628398681820235
879.0,70.0,0.7817028985507176,12.961026967686328,0.7817028985507176,12.963210486811121,0.002449998776173046,0.002366482099032902
880.0,70.0,0.7815619967793811,12.960972417972728,0.7815619967793811,12.963152300872313,0.0024499988358597908,0.002370118264554874
881.0,70.0,0.7814210950080446,12.960917868259127,0.7814210950080446,12.963094120991643,0.002449998892635579,0.0023737483748484016
882.0,70.0,0.781280193236708,12.960863318545528,0.781280193236708,12.963035947158888,0.0024499989466423787,0.0023773724399971264
883.0,70.0,0.7811392914653715,12.960808768831928,0.7811392914653715,12.962977779363845,0.002449998998015236,0.0023809904700678986
884.0,70.0,0.780998389694035,12.960754219118328,0.780998389694035,12.962919617596334,0.0024499990468826094,0.0023846024751108044
885.0,70.0,0.7808574879226985,12.960699669404727,0.7808574879226985,12.9628614618462,0.002449999093366693,0.002388208465159193
886.0,70.0,0.780716586151362,12.960645119691128,0.780716586151362,12.962803312103313,0.002449999137583721,0.002391808450229706
887.0,70.0,0.7805756843800254,12.960590569977528,0.7805756843800254,12.96274516835756,0.002449999179644259,0.002395402440322304
888.0,70.0,0.7804347826086889,12.960536020263929,0.7804347826086889,12.962687030598854,0.0024499992196534807,0.002398990445420295
889.0,70.0,0.7802938808373524,12.960481470550327,0.7802938808373524,12.962628898817124,0.0024499992577114295,0.0024025724754903627
890.0,70.0,0.7801529790660159,12.960426920836728,0.7801529790660159,12.962570773002332,0.00244999929391327,0.0024061485404825926
891.0,70.0,0.7800120772946794,12.960372371123128,0.7800120772946794,12.962512653144447,0.002449999328349526,0.0024097186503305008
892.0,70.0,0.7798711755233428,12.9603175059129,0.7798711755233428,12.962454223736843,0.002449999361106306,0.0024132828149510616
893.0,70.0,0.7797302737520063,12.960262611124863,0.7797302737520063,12.962395770688353,0.002449999392265519,0.0024168410442447345
894.0,70.0,0.7795893719806698,12.960207716336825,0.7795893719806698,12.962337323566823,0.0024499994219050795,0.002420393348095492
895.0,70.0,0.7794484702093333,12.960152821548787,0.7794484702093333,12.962278882362316,0.0024499994500991012,0.002423939736370847
896.0,70.0,0.7793075684379968,12.96009792676075,0.7793075684379968,12.96222044706491,0.0024499994769180845,0.0024274802189218803
897.0,70.0,0.7791666666666602,12.960043031972713,0.7791666666666602,12.9621620176647,0.0024499995024290905,0.002431014805583268
898.0,70.0,0.7790257648953237,12.959988137184675,0.7790257648953237,12.962103594151806,0.00244999952669591,0.002434543506173309
899.0,70.0,0.7788848631239872,12.959933242396637,0.7788848631239872,12.962045176516364,0.0024499995497792226,0.0024380663304939512
900.0,130.0,0.7787439613526507,12.722483984734644,0.7787439613526507,12.730592401874578,0.002449999571736749,0.00244158328833082
901.0,130.0,0.7784822866344542,12.722426963523766,0.7784822866344542,12.7304229567468,0.002552417801171895,0.0024515889757945842
902.0,130.0,0.7782206119162577,12.722369942312888,0.7782206119162577,12.730258523277271,0.0026498410346158705,0.002461578001001646
903.0,130.0,0.7779589371980612,12.722312921102011,0.7779589371980612,12.730098857829413,0.002742512880897782,0.002471550391699305
904.0,130.0,0.7776972624798647,12.722255899891133,0.7776972624798647,12.72994372864764,0.0028306650679039438,0.0024815061755886518
905.0,130.0,0.7774355877616682,12.722198878680256,0.7774355877616682,12.729792915277912,0.002914518022018294,0.0024914453803246486
906.0,130.0,0.7771739130434717,12.722141857469378,0.7771739130434717,12.729646208016558,0.002994281419303172,0.002501368033516204
907.0,130.0,0.7769122383252752,12.7220848362585,0.7769122383252752,12.729503407385975,0.0030701547097986884,0.00251127416272625
908.0,130.0,0.7766505636070787,12.722027815047621,0.7766505636070787,12.729364323635899,0.003142327616251714,0.002521163795471818
909.0,130.0,0.7763888888888822,12.721970793836745,0.7763888888888822,12.729228776268998,0.0032109806085215695,0.0025310369592241168
910.0,130.0,0.7761272141706858,12.721913772625866,0.7761272141706858,12.72909659358961,0.003276285354848676,0.0025408936814086073
911.0,130.0,0.7758655394524893,12.72185675141499,0.7758655394524893,12.72896761227447,0.0033384051511145744,0.00255073398940508
912.0,130.0,0.7756038647342928,12.721799730204111,0.7756038647342928,12.728841676964397,0.003397495329166687,0.00256055791054773
913.0,130.0,0.7753421900160963,12.721742708993233,0.7753421900160963,12.728718639875876,0.0034537036452288424,0.0025703654721252337
914.0,130.0,0.7750805152978998,12.721685687782355,0.7750805152978998,12.728598360431604,0.003507170649368801,0.0025801567013808238
915.0,130.0,0.7748188405797033,12.721628666571476,0.7748188405797033,12.728480704909016,0.003558030036946631,0.0025899316255123656
916.0,130.0,0.7745571658615068,12.7215716453606,0.7745571658615068,12.728365546106003,0.003606408982922749,0.0025996902716724324
917.0,130.0,0.7742954911433103,12.721514624149721,0.7742954911433103,12.72825276302289,0.003652428459861563,0.0026094326669683808
918.0,130.0,0.7740338164251138,12.721457602938845,0.7740338164251138,12.728142240559958,0.003696203540425895,0.0026191588384624266
919.0,130.0,0.7737721417069173,12.721400581727966,0.7737721417069173,12.728033869229675,0.0037378436851185767,0.0026288688131717187
920.0,130.0,0.7735104669887208,12.721343560517088,0.7735104669887208,12.727927544883029,0.0037774530159907227,0.0026385626180684156
921.0,130.0,0.7732487922705243,12.72128653930621,0.7732487922705243,12.72782316844913,0.0038151305770010926,0.0026482402800797594
922.0,130.0,0.7729871175523279,12.721229518095333,0.7729871175523279,12.727720645687567,0.003850970581677577,0.0026579018260881504
923.0,130.0,0.7727254428341314,12.721172496884455,0.7727254428341314,12.727619886952823,0.0038850626487000927,0.002667547282931223
924.0,130.0,0.7724637681159349,12.721115475673578,0.7724637681159349,12.727520806970182,0.00391749202599396,0.0026771766774019187
925.0,130.0,0.7722020933977384,12.7210584544627,0.7722020933977384,12.727423324622556,0.003948339803894123,0.002686790036248562
926.0,130.0,0.7719404186795419,12.721001433251821,0.7719404186795419,12.727327362747735,0.003977683117913219,0.002696387386174934
927.0,130.0,0.7716787439613454,12.720944412040943,0.7716787439613454,12.727232847945482,0.0040055953416205485,0.002705968753840345
928.0,130.0,0.7714170692431489,12.720887390830065,0.7714170692431489,12.72713971039409,0.0040321462701142065,0.0027155341658597126
929.0,130.0,0.7711553945249524,12.720830369619188,0.7711553945249524,12.727047883675839,0.0040574022945451885,0.002725083648803631
930.0,130.0,0.7708937198067559,12.72077334840831,0.7708937198067559,12.726957304610982,0.004081426568129848,0.002734617229198449
931.0,130.0,0.7706320450885594,12.720716327197433,0.7706320450885594,12.726867913099841,0.004104279164065831,0.002744134933526339
932.0,130.0,0.7703703703703629,12.720659305986555,0.7703703703703629,12.726779651972583,0.0041260172257463635,0.002753636788225376
933.0,130.0,0.7701086956521664,12.720602284775676,0.7701086956521664,12.726692466846337,0.0041466951096484975,0.002763122819689606
934.0,130.0,0.76984702093397,12.720540181049714,0.76984702093397,12.726601223474193,0.004166364521252617,0.002772593054269123
935.0,130.0,0.7695853462157735,12.72047446606303,0.7695853462157735,12.726507343900426,0.004185074644333072,0.00278204751827014
936.0,130.0,0.769323671497577,12.720408751076347,0.769323671497577,12.726414392574448,0.00420287226394323,0.0027914862379550633
937.0,130.0,0.7690619967793805,12.720343036089664,0.7690619967793805,12.726322324966718,0.004219801883402483,0.002800909239542565
938.0,130.0,0.768800322061184,12.720277321102982,0.768800322061184,12.726231098718195,0.004235905835577724,0.0028103165492076553
939.0,130.0,0.7685386473429875,12.720211606116298,0.7685386473429875,12.726140673534479,0.004251224388737566,0.0028197081930817556
940.0,130.0,0.768276972624791,12.720145891129615,0.768276972624791,12.726051011085119,0.004265795847243986,0.002829084197252772
941.0,130.0,0.7680152979065945,12.720080176142933,0.7680152979065945,12.725962074907835,0.004279656647333184,0.0028384445877651667
942.0,130.0,0.767753623188398,12.720014461156248,0.767753623188398,12.725873830317404,0.004292841448225152,0.00284778939062003
943.0,130.0,0.7674919484702015,12.719948746169567,0.7674919484702015,12.725786244319002,0.004305383218789774,0.0028571186317751544
944.0,130.0,0.767230273752005,12.719883031182883,0.767230273752005,12.725699285525753,0.00431731331998618,0.002866432337145104
945.0,130.0,0.7669685990338085,12.7198173161962,0.7669685990338085,12.725612924080318,0.004328661583281472,0.0028757305326012885
946.0,130.0,0.766706924315612,12.719751601209518,0.766706924315612,12.725527131580302,0.004339456385244935,0.002885013243972035
947.0,130.0,0.7664452495974156,12.719685886222836,0.7664452495974156,12.72544188100729,0.00434972471850424,0.0028942804970426587
948.0,130.0,0.7661835748792191,12.719620171236151,0.7661835748792191,12.725357146659356,0.00435949225924107,0.002903532317555535
949.0,130.0,0.7659219001610226,12.719554456249469,0.7659219001610226,12.725272904086863,0.004368783431394952,0.0029127687312101714
950.0,130.0,0.7656602254428261,12.719488741262786,0.7656602254428261,12.725189130031387,0.004377621467735827,0.0029219897636632787
951.0,130.0,0.7653985507246296,12.719423026276102,0.7653985507246296,12.725105802367617,0.004386028467958073,0.0029311954405288414
952.0,130.0,0.7651368760064331,12.719357311289421,0.7651368760064331,12.725022900048103,0.004394025453941257,0.00294038578737819
953.0,130.0,0.7648752012882366,12.719291596302737,0.7648752012882366,12.724940403050681,0.004401632422315782,0.0029495608297400726
954.0,130.0,0.7646135265700401,12.719225881316056,0.7646135265700401,12.72485829232849,0.004408868394464876,0.002958720593100723
955.0,130.0,0.7643518518518436,12.719160166329372,0.7643518518518436,12.72477654976238,0.004415751464087962,0.002967865102903934
956.0,130.0,0.7640901771336471,12.71909445134269,0.7640901771336471,12.724695158115694,0.004422298842444329,0.0029769943845511285
957.0,130.0,0.7638285024154506,12.719028736356007,0.7638285024154506,12.724614100991214,0.004428526901390245,0.0029861084634014274
958.0,130.0,0.7635668276972541,12.718963021369323,0.7635668276972541,12.724533362790234,0.004434451214317125,0.0029952073647717225
959.0,130.0,0.7633051529790577,12.71889730638264,0.7633051529790577,12.72445292867361,0.0044400865950931226,0.0030042911139367455
960.0,130.0,0.7630434782608612,12.718831591395958,0.7630434782608612,12.724372784524721,0.004445447135105517,0.003013359736129139
961.0,130.0,0.7627818035426647,12.718765876409275,0.7627818035426647,12.724292916914239,0.00445054623849652,0.0030224132565395264
962.0,130.0,0.7625201288244682,12.718700161422591,0.7625201288244682,12.724213313066594,0.0044553966556806135,0.0030314517003165804
963.0,130.0,0.7622584541062717,12.71863444643591,0.7622584541062717,12.724133960828116,0.0044600105152272276,0.003040475092567096
964.0,130.0,0.7619967793880752,12.718568731449226,0.7619967793880752,12.72405484863668,0.00446439935418848,0.0030494834583560566
965.0,130.0,0.7617351046698787,12.718503016462542,0.7617351046698787,12.723975965492887,0.004468574146947818,0.003058476822706707
966.0,130.0,0.7614734299516822,12.718437301475861,0.7614734299516822,12.723897300932597,0.004472545332661693,0.0030674552106006205
967.0,130.0,0.7612117552334857,12.718371586489177,0.7612117552334857,12.723818845000835,0.004476322841362888,0.0030764186469777687
968.0,130.0,0.7609500805152892,12.718305871502494,0.7609500805152892,12.723740588226965,0.004479916118790772,0.0030853671567365923
969.0,130.0,0.7606884057970927,12.718240156515812,0.7606884057970927,12.723662521601065,0.00448333415001057,0.0030943007647340685
970.0,130.0,0.7604267310788962,12.71817444152913,0.7604267310788962,12.723584636551463,0.004486585481880704,0.003103219495785781
971.0,130.0,0.7601650563606998,12.718108726542445,0.7601650563606998,12.723506924923354,0.004489678244424393,0.003112123374665988
972.0,130.0,0.7599033816425033,12.718032415141026,0.7599033816425033,12.723418782543758,0.004492620171158942,0.0031210124261076924
973.0,130.0,0.7596417069243068,12.7179380015311,0.7596417069243068,12.723312696237866,0.004495418618433571,0.0031298866748027095
974.0,130.0,0.7593800322061103,12.717843587921177,0.7593800322061103,12.723206761191951,0.004498080583824112,0.0031387461454017358
975.0,130.0,0.7591183574879138,12.717749174311251,0.7591183574879138,12.723100970725106,0.0045006127236305975,0.0031475908625144175
976.0,130.0,0.7588566827697173,12.717654760701326,0.7588566827697173,12.722995318481095,0.004503021369521475,0.0031564208507094188
977.0,130.0,0.7585950080515208,12.717560347091402,0.7585950080515208,12.722889798412522,0.004505312544366082,0.0031652361345144903
978.0,130.0,0.7583333333333243,12.717465933481476,0.7583333333333243,12.722784404765765,0.004507491977294947,0.0031740367384165374
979.0,130.0,0.7580716586151278,12.717371519871552,0.7580716586151278,12.722679132066665,0.004509565118025609,0.003182822686861688
980.0,130.0,0.7578099838969313,12.717277106261626,0.7578099838969313,12.722573975106881,0.004511537150489746,0.0031915940042553594
981.0,130.0,0.7575483091787348,12.7171826926517,0.7575483091787348,12.722468928930942,0.004513413005795704,0.0032003507149623283
982.0,130.0,0.7572866344605383,12.717088279041779,0.7572866344605383,12.722363988823913,0.0045151973745588365,0.0032090928433067966
983.0,130.0,0.7570249597423419,12.716993865431853,0.7570249597423419,12.72225915029965,0.004516894718630488,0.0032178204135724594
984.0,130.0,0.7567632850241454,12.716899451821929,0.7567632850241454,12.722154409089672,0.0045185092822549455,0.0032265334500025736
985.0,130.0,0.7565016103059489,12.716805038212003,0.7565016103059489,12.72204976113252,0.004520045102682258,0.0032352319768000235
986.0,130.0,0.7562399355877524,12.716710624602078,0.7562399355877524,12.721945202563687,0.004521506020263467,0.0032439160181273892
987.0,130.0,0.7559782608695559,12.716616210992154,0.7559782608695559,12.721840729705994,0.004522895688053483,0.0032525855981070132
988.0,130.0,0.7557165861513594,12.716521797382228,0.7557165861513594,12.721736339060461,0.004524217580945627,0.003261240740821068
989.0,130.0,0.7554549114331629,12.716427383772304,0.7554549114331629,12.721632027297632,0.004525475004360673,0.0032698814703116218
990.0,130.0,0.7551932367149664,12.716332970162378,0.7551932367149664,12.721527791249285,0.004526671102512121,0.0032785078105807067
991.0,130.0,0.7549315619967699,12.716238556552454,0.7549315619967699,12.721423627900597,0.004527808866268369,0.0032871197855903846
992.0,130.0,0.7546698872785734,12.716144142942529,0.7546698872785734,12.721319534382634,0.004528891140631442,0.003295717419262814
993.0,130.0,0.7544082125603769,12.716049729332603,0.7544082125603769,12.72121550796527,0.004529920631850981,0.0033043007354803156
994.0,130.0,0.7541465378421804,12.71595531572268,0.7541465378421804,12.721111546050402,0.004530899914191271,0.0033128697580854407
995.0,130.0,0.753884863123984,12.715860902112754,0.753884863123984,12.721007646165504,0.004531831436368249,0.0033214245108810353
996.0,130.0,0.7536231884057875,12.71576648850283,0.7536231884057875,12.720903805957526,0.004532717527672565,0.0033299650176303068
997.0,130.0,0.753361513687591,12.715672074892904,0.753361513687591,12.720800023187053,0.004533560403794025,0.0033384913020568906
998.0,130.0,0.7530998389693945,12.715577661282978,0.7530998389693945,12.720696295722771,0.004534362172361967,0.0033470033878449153
999.0,130.0,0.752838164251198,12.715483247673054,0.752838164251198,12.7205926215362,0.004535124838215433,0.0033555012986390695
1000.0,130.0,0.7525764895330015,12.715388834063129,0.7525764895330015,12.720488998696668,0.004535850308416311,0.0033639850580446666
1001.0,130.0,0.752314814814805,12.715294420453205,0.752314814814805,12.72038542536656,0.004536540397017985,0.00337245468962771
1002.0,130.0,0.7520531400966085,12.71520000684328,0.7520531400966085,12.720281899796763,0.0045371968296014096,0.00338091021691496
1003.0,130.0,0.751791465378412,12.715105593233353,0.751791465378412,12.72017842032237,0.004537821247589964,0.0033893516633939974
1004.0,130.0,0.7515297906602155,12.71501117962343,0.7515297906602155,12.720074985358563,0.004538415212353865,0.0033977790525132902
1005.0,130.0,0.751268115942019,12.714916766013504,0.751268115942019,12.719971593396707,0.004538980209114404,0.003406192407682258
1006.0,130.0,0.7510064412238225,12.71482235240358,0.7510064412238225,12.71986824300065,0.004539517650657777,0.003414591752271337
1007.0,130.0,0.750744766505626,12.714727938793654,0.750744766505626,12.719764932803175,0.004540028880867781,0.003422977109612046
1008.0,130.0,0.7504830917874296,12.714633525183729,0.7504830917874296,12.719661661502649,0.004540515178086232,0.003431348502997049
1009.0,130.0,0.7502214170692331,12.714539111573805,0.7502214170692331,12.719558427859814,0.004540977758309475,0.0034397059556802224
1010.0,130.0,0.7499597423510366,12.714444697963879,0.7499597423510366,12.719455230694773,0.004541417778229016,0.0034480494908767177
1011.0,130.0,0.7496980676328401,12.714350284353955,0.7496980676328401,12.719352068884069,0.00454183633812385,0.003456379131763027
1012.0,130.0,0.7494363929146436,12.71425587074403,0.7494363929146436,12.71924894135794,0.004542234484611731,0.003464694901477047
1013.0,130.0,0.7491747181964471,12.714161457134106,0.7491747181964471,12.719145847097721,0.004542613213266266,0.0034729968231181434
1014.0,130.0,0.7489130434782506,12.714067043524182,0.7489130434782506,12.719042785133327,0.004542973471106361,0.003481284919747215
1015.0,130.0,0.7486513687600541,12.713972629914256,0.7486513687600541,12.718939754540905,0.004543316158964267,0.003489559214386757
1016.0,130.0,0.7483896940418576,12.71387821630433,0.7483896940418576,12.718836754440574,0.004543642133738125,0.0034978197300209275
1017.0,130.0,0.7481280193236611,12.713783802694406,0.7481280193236611,12.718733783994276,0.004543952210534665,0.0035060664895956084
1018.0,130.0,0.7478663446054646,12.71368938908448,0.7478663446054646,12.718630842403755,0.004544247164707388,0.00351429951601847
1019.0,130.0,0.7476046698872681,12.713594975474557,0.7476046698872681,12.718527928908603,0.004544527733795362,0.0035225188321590358
1020.0,130.0,0.7473429951690717,12.713500561864633,0.7473429951690717,12.718425042784418,0.0045447946193674475,0.003530724460848745
1021.0,130.0,0.7470813204508752,12.713406148254707,0.7470813204508752,12.71832218334105,0.00454504848877659,0.0035389164248810154
1022.0,130.0,0.7468196457326787,12.713311734644783,0.7468196457326787,12.718219349920943,0.004545289976828547,0.0035470947470113085
1023.0,130.0,0.7465579710144822,12.713217321034858,0.7465579710144822,12.718116541897531,0.004545519687369234,0.0035552594499571907
1024.0,130.0,0.7462962962962857,12.713122907424934,0.7462962962962857,12.718013758673742,0.004545738194794653,0.0035634105563983973
1025.0,130.0,0.7460346215780892,12.71302849381501,0.7460346215780892,12.717910999680544,0.004545946045487184,0.0035715480889768965
1026.0,130.0,0.7457729468598927,12.712934080205084,0.7457729468598927,12.717808264375606,0.004546143759181822,0.0035796720702969504
1027.0,130.0,0.7455112721416962,12.712839666595158,0.7455112721416962,12.717705552241966,0.004546331830265789,0.003587782522925179
1028.0,130.0,0.7452495974234997,12.712745252985235,0.7452495974234997,12.71760286278683,0.004546510729014756,0.003595879469390623
1029.0,130.0,0.7449879227053032,12.712650839375309,0.7449879227053032,12.717500195540355,0.004546680902768779,0.0036039629321848047
1030.0,130.0,0.7447262479871067,12.712556425765385,0.7447262479871067,12.717397550054574,0.004546842777050884,0.0036120329337617934
1031.0,130.0,0.7444645732689102,12.712462012155461,0.7444645732689102,12.717294925902292,0.004546996756631092,0.003620089496538265
1032.0,130.0,0.7442028985507138,12.712367598545535,0.7442028985507138,12.717192322676103,0.004547143226538559,0.0036281326428935657
1033.0,130.0,0.7439412238325173,12.712273184935611,0.7439412238325173,12.717089739987417,0.004547282553024345,0.003636162395169774
1034.0,130.0,0.7436795491143208,12.712178771325686,0.7436795491143208,12.716987177465537,0.004547415084477237,0.0036441787756717626
1035.0,130.0,0.7434178743961243,12.71208435771576,0.7434178743961243,12.716884634756799,0.004547541152294899,0.00365218180666726
1036.0,130.0,0.7431561996779278,12.711989944105838,0.7431561996779278,12.71678211152374,0.004547661071712543,0.003660171510386913
1037.0,130.0,0.7428945249597313,12.711895530495912,0.7428945249597313,12.716679607444297,0.004547775142591174,0.0036681479090243485
1038.0,130.0,0.7426328502415348,12.711801116885987,0.7426328502415348,12.716577122211083,0.004547883650167406,0.003676111024736234
1039.0,130.0,0.7423711755233383,12.711706703276063,0.7423711755233383,12.716474655530654,0.0045479868657667,0.003684060879642341
1040.0,130.0,0.7421095008051418,12.711612289666137,0.7421095008051418,12.716372207122829,0.004548085047481816,0.0036919974958256048
1041.0,130.0,0.7418478260869453,12.711517876056213,0.7418478260869453,12.716269776720063,0.004548178440818181,0.003699920895332186
1042.0,130.0,0.7415861513687488,12.71142346244629,0.7415861513687488,12.71616736406681,0.004548267279307785,0.003707831100171534
1043.0,130.0,0.7413244766505523,12.711329048836363,0.7413244766505523,12.716064968918953,0.004548351785093124,0.0037157281323164436
1044.0,130.0,0.7410628019323559,12.71123463522644,0.7410628019323559,12.715962591043255,0.0045484321694826794,0.0037236120137031214
1045.0,130.0,0.7408011272141594,12.711140221616514,0.7408011272141594,12.715860230216803,0.004548508633479295,0.0037314827662312425
1046.0,130.0,0.7405394524959629,12.711045808006588,0.7405394524959629,12.715757886226541,0.00454858136828279,0.003739340411764014
1047.0,130.0,0.7402777777777664,12.710951394396666,0.7402777777777664,12.71565555886877,0.0045486505557680605,0.003747184972128233
1048.0,130.0,0.7400161030595699,12.71085698078674,0.7400161030595699,12.715553247948687,0.0045487163689398565,0.003755016469114351
1049.0,130.0,0.7397544283413734,12.710756357341978,0.7397544283413734,12.715444743445136,0.004548778972365389,0.003762834924476531
1050.0,130.0,0.7394927536231769,12.710655326694935,0.7394927536231769,12.715335847812415,0.004548838522585829,0.0037706403599327095
1051.0,130.0,0.7392310789049804,12.71055429604789,0.7392310789049804,12.715226968082218,0.0045488951685077475,0.0037784327971646567
1052.0,130.0,0.7389694041867839,12.710453265400847,0.7389694041867839,12.715118104091253,0.004548949051775455,0.0037862122578180366
1053.0,130.0,0.7387077294685874,12.7103522347538,0.7387077294685874,12.715009255683173,0.004549000307125186,0.0037939787635024673
1054.0,130.0,0.7384460547503909,12.710251204106758,0.7384460547503909,12.714900422708244,0.004549049062722013,0.0038017323357915807
1055.0,130.0,0.7381843800321944,12.710150173459713,0.7381843800321944,12.714791605023008,0.0045490954404803245,0.0038094729962230823
1056.0,130.0,0.737922705313998,12.71004914281267,0.737922705313998,12.714682802490001,0.004549139556368672,0.0038172007662988115
1057.0,130.0,0.7376610305958015,12.709948112165623,0.7376610305958015,12.714574014977439,0.004549181520699757,0.0038249156674848017
1058.0,130.0,0.737399355877605,12.709847081518578,0.737399355877605,12.71446524235896,0.004549221438406264,0.003832617721211339
1059.0,130.0,0.7371376811594085,12.709746050871535,0.7371376811594085,12.714356484513358,0.004549259409303253,0.0038403069488730213
1060.0,130.0,0.736876006441212,12.70964502022449,0.736876006441212,12.714247741324323,0.0045492955283377426,0.00384798337182882
1061.0,130.0,0.7366143317230155,12.709543989577446,0.7366143317230155,12.714139012680217,0.004549329885826134,0.003855647011402137
1062.0,130.0,0.736352657004819,12.709442958930401,0.736352657004819,12.71403029847384,0.004549362567680044,0.0038632978888808647
1063.0,130.0,0.7360909822866225,12.709341928283358,0.7360909822866225,12.71392159860222,0.00454939365562113,0.0038709360255174455
1064.0,130.0,0.735829307568426,12.709240897636313,0.735829307568426,12.7138129129664,0.004549423227385438,0.0038785614425289306
1065.0,130.0,0.7355676328502295,12.709139866989268,0.7355676328502295,12.713704241471254,0.004549451356917783,0.003886174161097039
1066.0,130.0,0.735305958132033,12.709038836342224,0.735305958132033,12.713595584025299,0.004549478114556646,0.003893774202368216
1067.0,130.0,0.7350442834138365,12.70893780569518,0.7350442834138365,12.713486940540516,0.0045495035672100635,0.003901361587453692
1068.0,130.0,0.73478260869564,12.708836775048136,0.73478260869564,12.713378310932184,0.004549527778522926,0.003908936337429541
1069.0,130.0,0.7345209339774436,12.70873574440109,0.7345209339774436,12.713269695118717,0.004549550809036127,0.003916498473336741
1070.0,130.0,0.7342592592592471,12.708634713754046,0.7342592592592471,12.713161093021528,0.004549572716337944,0.00392404801618123
1071.0,130.0,0.7339975845410506,12.708533683107001,0.7339975845410506,12.71305250456486,0.004549593555208044,0.003931584986933965
1072.0,130.0,0.7337359098228541,12.708432652459958,0.7337359098228541,12.712943929675673,0.004549613377754456,0.00393910940653098
1073.0,130.0,0.7334742351046576,12.708331621812913,0.7334742351046576,12.712835368283494,0.004549632233543872,0.003946621295873446
1074.0,130.0,0.7332125603864611,12.708230591165869,0.7332125603864611,12.712726820320317,0.0045496501697255875,0.003954120675827728
1075.0,130.0,0.7329508856682646,12.708129560518824,0.7329508856682646,12.712618285720449,0.004549667231149398,0.003961607567225441
1076.0,130.0,0.7326892109500681,12.70802852987178,0.7326892109500681,12.712509764420439,0.00454968346047775,0.0039690819908635095
1077.0,130.0,0.7324275362318716,12.707927499224736,0.7324275362318716,12.71240125635894,0.004549698898292419,0.003976543967504227
1078.0,130.0,0.7321658615136751,12.707826468577691,0.7321658615136751,12.71229276147662,0.004549713583195982,0.003983993517875311
1079.0,130.0,0.7319041867954786,12.707725437930646,0.7319041867954786,12.71218427971607,0.004549727551908347,0.003991430662669962
1080.0,130.0,0.7316425120772821,12.707624407283602,0.7316425120772821,12.712075811021696,0.0045497408393585705,0.00399885542254692
1081.0,130.0,0.7313808373590857,12.707523376636559,0.7313808373590857,12.711967355339656,0.0045497534787722,0.004006267818130523
1082.0,130.0,0.7311191626408892,12.707422345989512,0.7311191626408892,12.711858912617746,0.004549765501754352,0.004013667870010764
1083.0,130.0,0.7308574879226927,12.707321315342469,0.7308574879226927,12.711750482805357,0.004549776938368747,0.0040210555987433465
1084.0,130.0,0.7305958132044962,12.707220284695424,0.7305958132044962,12.711642065853361,0.004549787817212875,0.0040284310248497445
1085.0,130.0,0.7303341384862997,12.707119254048381,0.7303341384862997,12.711533661714073,0.004549798165489514,0.004035794168817258
1086.0,130.0,0.7300724637681032,12.707018223401334,0.7300724637681032,12.71142527034116,0.004549808009074747,0.004043145051099067
1087.0,130.0,0.7298107890499067,12.706911567698716,0.7298107890499067,12.711311266634018,0.004549817372582662,0.004050483692114297
1088.0,130.0,0.7295491143317102,12.706802757719496,0.7295491143317102,12.71119512132782,0.004549826279426908,0.004057810112248064
1089.0,130.0,0.7292874396135137,12.706693947740273,0.7292874396135137,12.711078988656542,0.004549834751879233,0.004065124331851542
1090.0,130.0,0.7290257648953172,12.706585137761053,0.7290257648953172,12.710962868578687,0.004549842811125184,0.00407242637124201
1091.0,130.0,0.7287640901771207,12.706476327781832,0.7287640901771207,12.710846761053812,0.004549850477317071,0.004079716250702917
1092.0,130.0,0.7285024154589242,12.706367517802612,0.7285024154589242,12.710730666042503,0.004549857769624368,0.004086993990483933
1093.0,130.0,0.7282407407407278,12.70625870782339,0.7282407407407278,12.710614583506306,0.004549864706281641,0.0040942596108010055
1094.0,130.0,0.7279790660225313,12.706149897844167,0.7279790660225313,12.710498513407698,0.0045498713046341465,0.004101513131836419
1095.0,130.0,0.7277173913043348,12.706041087864946,0.7277173913043348,12.710382455710025,0.004549877581181204,0.004108754573738846
1096.0,130.0,0.7274557165861383,12.705932277885724,0.7274557165861383,12.710266410377484,0.004549883551617449,0.00411598395662341
1097.0,130.0,0.7271940418679418,12.705823467906503,0.7271940418679418,12.710150377375058,0.004549889230872082,0.004123201300571732
1098.0,130.0,0.7269323671497453,12.705714657927283,0.7269323671497453,12.710034356668503,0.004549894633146198,0.004130406625631996
1099.0,130.0,0.7266706924315488,12.705605847948062,0.7266706924315488,12.709918348224294,0.0045498997719482966,0.004137599951818999
1100.0,130.0,0.7264090177133523,12.70549703796884,0.7264090177133523,12.709802352009596,0.0045499046601280594,0.004144781299114206
1101.0,130.0,0.7261473429951558,12.70538822798962,0.7261473429951558,12.709686367992246,0.004549909309908482,0.004151950687465809
1102.0,130.0,0.7258856682769593,12.705279418010399,0.7258856682769593,12.709570396140695,0.004549913732916438,0.00415910813678878
1103.0,130.0,0.7256239935587628,12.705170608031175,0.7256239935587628,12.709454436424,0.00454991794021175,0.004166253666964927
1104.0,130.0,0.7253623188405663,12.705061798051954,0.7253623188405663,12.709338488811795,0.004549921942314849,0.00417338729784295
1105.0,130.0,0.7251006441223699,12.704952988072733,0.7251006441223699,12.709222553274262,0.0045499257492330756,0.004180509049238495
1106.0,130.0,0.7248389694041734,12.704844178093513,0.7248389694041734,12.709106629782093,0.00454992937048571,0.00418761894093421
1107.0,130.0,0.7245772946859769,12.70473536811429,0.7245772946859769,12.708990718306483,0.0045499328151277696,0.004194716992679797
1108.0,130.0,0.7243156199677804,12.70462655813507,0.7243156199677804,12.708874818819107,0.004549936091772653,0.0042018032241920725
1109.0,130.0,0.7240539452495839,12.70451774815585,0.7240539452495839,12.70875893129208,0.00454993920861368,0.004208877655155017
1110.0,130.0,0.7237922705313874,12.704408938176629,0.7237922705313874,12.708643055697964,0.004549942173444577,0.004215940305219832
1111.0,130.0,0.7235305958131909,12.704300128197406,0.7235305958131909,12.708527192009722,0.004549944993678964,0.004222991194004994
1112.0,130.0,0.7232689210949944,12.704191318218184,0.7232689210949944,12.708411340200719,0.004549947676368897,0.004230030341096311
1113.0,130.0,0.7230072463767979,12.704082508238963,0.7230072463767979,12.708295500244693,0.004549950228222499,0.004237057766046973
1114.0,130.0,0.7227455716586014,12.703973698259741,0.7227455716586014,12.708179672115742,0.004549952655620732,0.004244073488377609
1115.0,130.0,0.7224838969404049,12.70386488828052,0.7224838969404049,12.708063855788312,0.004549954964633355,0.004251077527576343
1116.0,130.0,0.7222222222222084,12.7037560783013,0.7222222222222084,12.707948051237167,0.004549957161034105,0.004258069903098841
1117.0,130.0,0.721960547504012,12.70364726832208,0.721960547504012,12.707832258437396,0.0045499592503151255,0.004265050634368375
1118.0,130.0,0.7216988727858155,12.703538458342857,0.7216988727858155,12.70771647736438,0.004549961237700709,0.004272019740775869
1119.0,130.0,0.721437198067619,12.703429648363636,0.721437198067619,12.707600707993794,0.004549963128160354,0.004278977241679956
1120.0,130.0,0.7211755233494225,12.703320838384416,0.7211755233494225,12.707484950301588,0.004549964926421193,0.004285923156407033
1121.0,130.0,0.720913848631226,12.703212028405193,0.720913848631226,12.707369204263964,0.004549966636979817,0.0042928575042513115
1122.0,130.0,0.7206521739130295,12.703103218425971,0.7206521739130295,12.707253469857383,0.004549968264113512,0.004299780304474873
1123.0,130.0,0.720390499194833,12.70299440844675,0.720390499194833,12.707137747058553,0.00454996981189096,0.0043066915763077225
1124.0,130.0,0.7201288244766365,12.70288559846753,0.7201288244766365,12.7070220358444,0.004549971284182411,0.004313591338947842
1125.0,130.0,0.71986714975844,12.702786671508127,0.71986714975844,12.706916219211896,0.004549972684669361,0.004320479611561244
1126.0,130.0,0.7196054750402435,12.70269732808309,0.7196054750402435,12.706819997652955,0.004549974016853757,0.004327356413282022
1127.0,130.0,0.719343800322047,12.702607984658055,0.719343800322047,12.706723787610777,0.004549975284066753,0.004334221763212409
1128.0,130.0,0.7190821256038505,12.702518641233018,0.7190821256038505,12.70662758906312,0.004549976489477042,0.004341075680422825
1129.0,130.0,0.718820450885654,12.702429297807983,0.718820450885654,12.706531401987933,0.004549977636098777,0.004347918183951933
1130.0,130.0,0.7185587761674576,12.702339954382946,0.7185587761674576,12.70643522636334,0.00454997872679911,0.004354749292806692
1131.0,130.0,0.7182971014492611,12.702250610957911,0.7182971014492611,12.706339062167643,0.00454997976430536,0.004361569025962409
1132.0,130.0,0.7180354267310646,12.702161267532876,0.7180354267310646,12.7062429093793,0.0045499807512118335,0.004368377402362792
1133.0,130.0,0.7177737520128681,12.70207192410784,0.7177737520128681,12.706146767976932,0.00454998168998631,0.004375174440920001
1134.0,130.0,0.7175120772946716,12.701982580682802,0.7175120772946716,12.706050637939311,0.004549982582976215,0.004381960160514704
1135.0,130.0,0.7172504025764751,12.701893237257767,0.7172504025764751,12.705954519245358,0.004549983432414489,0.004388734579996126
1136.0,130.0,0.7169887278582786,12.70180389383273,0.7169887278582786,12.705858411874123,0.004549984240425169,0.004395497718182102
1137.0,130.0,0.7167270531400821,12.701714550407695,0.7167270531400821,12.705762315804808,0.0045499850090287034,0.004402249593859133
1138.0,130.0,0.7164653784218856,12.70162520698266,0.7164653784218856,12.705666231016732,0.004549985740147001,0.004408990225782434
1139.0,130.0,0.7162037037036891,12.701535863557623,0.7162037037036891,12.705570157489339,0.0045499864356082385,0.004415719632675986
1140.0,130.0,0.7159420289854926,12.701446520132587,0.7159420289854926,12.705474095202202,0.004549987097151431,0.004422437833232589
1141.0,130.0,0.7156803542672961,12.701357176707551,0.7156803542672961,12.705378044135006,0.004549987726430782,0.004429144846113918
1142.0,130.0,0.7154186795490997,12.701267833282516,0.7154186795490997,12.705282004267547,0.004549988325019816,0.004435840689950567
1143.0,130.0,0.7151570048309032,12.70117848985748,0.7151570048309032,12.705185975579722,0.004549988894415319,0.004442525383342107
1144.0,130.0,0.7148953301127067,12.701089146432444,0.7148953301127067,12.705089958051547,0.004549989436041076,0.004449198944857135
1145.0,130.0,0.7146336553945102,12.700999803007408,0.7146336553945102,12.704993951663123,0.004549989951251432,0.004455861393033327
1146.0,130.0,0.7143719806763137,12.70091045958237,0.7143719806763137,12.704897956394658,0.004549990441334683,0.004462512746377486
1147.0,130.0,0.7141103059581172,12.700821116157336,0.7141103059581172,12.704801972226454,0.0045499909075162916,0.0044691530233655985
1148.0,130.0,0.7138486312399207,12.7007317727323,0.7138486312399207,12.704705999138897,0.004549991350961955,0.004475782242442884
1149.0,130.0,0.7135869565217242,12.700642429307264,0.7135869565217242,12.70461003711246,0.004549991772780518,0.004482400422023842
1150.0,130.0,0.7133252818035277,12.700553085882227,0.7133252818035277,12.704514086127707,0.004549992174026747,0.00448900758049231
1151.0,130.0,0.7130636070853312,12.700463742457192,0.7130636070853312,12.704418146165287,0.0045499925557039664,0.004495603736201511
1152.0,130.0,0.7128019323671347,12.700374399032157,0.7128019323671347,12.704322217205917,0.004549992918766568,0.004502188907474103
1153.0,130.0,0.7125402576489382,12.70028505560712,0.7125402576489382,12.704226299230395,0.004549993264122398,0.004508763112602232
1154.0,130.0,0.7122785829307418,12.700195712182085,0.7122785829307418,12.704130392219602,0.004549993592635026,0.004515326369847585
1155.0,130.0,0.7120169082125453,12.70010636875705,0.7120169082125453,12.704034496154483,0.0045499939051259035,0.0045218786974414345
1156.0,130.0,0.7117552334943488,12.700017025332011,0.7117552334943488,12.70393861101605,0.004549994202376421,0.004528420113584696
1157.0,130.0,0.7114935587761523,12.699927681906976,0.7114935587761523,12.703842736785399,0.00454999448512986,0.004534950636447974
1158.0,130.0,0.7112318840579558,12.69983833848194,0.7112318840579558,12.703746873443675,0.00454999475409325,0.004541470284171613
1159.0,130.0,0.7109702093397593,12.699748995056904,0.7109702093397593,12.7036510209721,0.004549995009939142,0.0045479790748657505
1160.0,130.0,0.7107085346215628,12.699659651631869,0.7107085346215628,12.70355517935195,0.004549995253307282,0.004554477026610365
1161.0,130.0,0.7104468599033663,12.699570308206832,0.7104468599033663,12.70345934856457,0.004549995484806217,0.004560964157455326
1162.0,130.0,0.7101851851851698,12.699480964781795,0.7101851851851698,12.703363528591362,0.004549995705014817,0.004567440485420447
1163.0,130.0,0.7099235104669733,12.699392736683185,0.7099235104669733,12.703268834740205,0.0045499959144837164,0.00457390602849553
1164.0,130.0,0.7096618357487768,12.699307208848548,0.7096618357487768,12.703176851930172,0.004549996113736697,0.004580360804640422
1165.0,130.0,0.7094001610305803,12.699221681013912,0.7094001610305803,12.703084879878855,0.004549996303271995,0.004586804831785062
1166.0,130.0,0.7091384863123839,12.699136153179275,0.7091384863123839,12.702992918567881,0.0045499964835635474,0.004593238127829528
1167.0,130.0,0.7088768115941874,12.699050625344638,0.7088768115941874,12.702900967978932,0.004549996655062177,0.004599660710644091
1168.0,130.0,0.7086151368759909,12.698965097510001,0.7086151368759909,12.702809028093736,0.00454999681819672,0.004606072598069263
1169.0,130.0,0.7083534621577944,12.698879569675363,0.7083534621577944,12.702717098894071,0.004549996973375097,0.004612473807915847
1170.0,130.0,0.7080917874395979,12.698794041840728,0.7080917874395979,12.702625180361776,0.0045499971209853355,0.004618864357964985
1171.0,130.0,0.7078301127214014,12.698708514006091,0.7078301127214014,12.702533272478727,0.004549997261396538,0.004625244265968211
1172.0,130.0,0.7075684380032049,12.698622986171452,0.7075684380032049,12.702441375226844,0.004549997394959805,0.004631613549647493
1173.0,130.0,0.7073067632850084,12.698537458336816,0.7073067632850084,12.702349488588112,0.004549997522009115,0.004637972226695292
1174.0,130.0,0.7070450885668119,12.69845193050218,0.7070450885668119,12.702257612544544,0.004549997642862157,0.004644320314774602
1175.0,130.0,0.7067834138486154,12.698366402667542,0.7067834138486154,12.702165747078203,0.004549997757821126,0.004650657831519006
1176.0,130.0,0.7065217391304189,12.698280874832905,0.7065217391304189,12.7020738921712,0.004549997867173481,0.004656984794532722
1177.0,130.0,0.7062600644122224,12.698195346998268,0.7062600644122224,12.701982047805686,0.004549997971192658,0.00466330122139065
1178.0,130.0,0.705998389694026,12.698109819163632,0.705998389694026,12.701890213963853,0.00454999807013876,0.004669607129638424
1179.0,130.0,0.7057367149758295,12.698024291328995,0.7057367149758295,12.701798390627943,0.004549998164259203,0.004675902536792462
1180.0,130.0,0.705475040257633,12.697938763494358,0.705475040257633,12.701706577780229,0.004549998253789338,0.004682187460340008
1181.0,130.0,0.7052133655394365,12.697853235659721,0.7052133655394365,12.701614775403028,0.004549998338953037,0.004688461917739188
1182.0,130.0,0.70495169082124,12.697767707825085,0.70495169082124,12.701522983478704,0.004549998419963254,0.004694725926419055
1183.0,130.0,0.7046900161030435,12.697682179990448,0.7046900161030435,12.701431201989646,0.0045499984970225555,0.004700979503779635
1184.0,130.0,0.704428341384847,12.697596652155811,0.704428341384847,12.701339430918296,0.004549998570323631,0.004707222667191982
1185.0,130.0,0.7041666666666505,12.697511124321174,0.7041666666666505,12.701247670247126,0.0045499986400497705,0.00471345543399822
1186.0,130.0,0.703904991948454,12.697425596486537,0.703904991948454,12.70115591995865,0.004549998706375326,0.004719677821511594
1187.0,130.0,0.7036433172302575,12.6973400686519,0.7036433172302575,12.701064180035418,0.004549998769466146,0.004725889847016519
1188.0,130.0,0.703381642512061,12.697254540817262,0.703381642512061,12.700972450460013,0.00454999882947999,0.004732091527768624
1189.0,130.0,0.7031199677938645,12.697169012982627,0.7031199677938645,12.700880731215065,0.004549998886566925,0.004738282880994804
1190.0,130.0,0.702858293075668,12.69708348514799,0.702858293075668,12.700789022283226,0.004549998940869698,0.0047444639238932666
1191.0,130.0,0.7025966183574716,12.696997957313352,0.7025966183574716,12.700697323647194,0.004549998992524092,0.00475063467363358
1192.0,130.0,0.7023349436392751,12.696912429478715,0.7023349436392751,12.7006056352897,0.004549999041659272,0.004756795147356719
1193.0,130.0,0.7020732689210786,12.69682690164408,0.7020732689210786,12.700513957193506,0.004549999088398101,0.004762945362175115
1194.0,130.0,0.7018115942028821,12.696741373809441,0.7018115942028821,12.700422289341413,0.004549999132857451,0.004769085335172701
1195.0,130.0,0.7015499194846856,12.696655845974805,0.7015499194846856,12.70033063171625,0.004549999175148492,0.004775215083404964
1196.0,130.0,0.7012882447664891,12.696570318140168,0.7012882447664891,12.700238984300892,0.004549999215376975,0.004781334623898984
1197.0,130.0,0.7010265700482926,12.696484790305533,0.7010265700482926,12.700147347078236,0.0045499992536434915,0.004787443973653488
1198.0,130.0,0.7007648953300961,12.696399262470894,0.7007648953300961,12.700055720031212,0.0045499992900437285,0.004793543149638898
1199.0,130.0,0.7005032206118996,12.696313734636258,0.7005032206118996,12.699964103142792,0.004549999324668705,0.004799632168797373
1200.0,0.0,0.7002415458937031,13.185397100544836,0.7002415458937031,13.176041390139188,0.004549999357605001,0.004805711048042858
1201.0,0.0,0.7002415458937031,13.185397100544836,0.7002415458937031,13.176271299073901,0.004328093270413224,0.004797708200521565
1202.0,0.0,0.7002415458937031,13.185397100544836,0.7002415458937031,13.176490372194065,0.004117009670800584,0.004789718679970581
1203.0,0.0,0.7002415458937031,13.185397100544836,0.7002415458937031,13.17669913734082,0.003916220739819514,0.004781742464196788
1204.0,0.0,0.7002415458937031,13.185397100544836,0.7002415458937031,13.176898096613236,0.0037252244005562766,0.004773779531044025
1205.0,0.0,0.7002415458937031,13.185397100544836,0.7002415458937031,13.177087727623766,0.0035435430626771644,0.0047658298583930295
1206.0,0.0,0.7002415458937031,13.185397100544836,0.7002415458937031,13.17726848469247,0.0033707224282038964,0.004757893424161372
1207.0,0.0,0.7002415458937031,13.185397100544836,0.7002415458937031,13.177440799983001,0.0032063303555320416,0.004749970206303396
1208.0,0.0,0.7002415458937031,13.185397100544836,0.7002415458937031,13.177605084583174,0.0030499557788519135,0.004742060182810159
1209.0,0.0,0.7002415458937031,13.185397100544836,0.7002415458937031,13.177761729532856,0.0029012076802699327,0.004734163331709367
1210.0,0.0,0.7002415458937031,13.185397100544836,0.7002415458937031,13.177911106801712,0.0027597141120602195,0.004726279631065319
1211.0,0.0,0.7002415458937031,13.185397100544836,0.7002415458937031,13.178053570219255,0.0026251212666015414,0.004718409058978841
1212.0,0.0,0.7002415458937031,13.185397100544836,0.7002415458937031,13.178189456359574,0.0024970925916739696,0.004710551593587227
1213.0,0.0,0.7002415458937031,13.185397100544836,0.7002415458937031,13.178319085382869,0.0023753079489030266,0.0047027072130641796
1214.0,0.0,0.7002415458937031,13.185397100544836,0.7002415458937031,13.178442761835969,0.0022594628132469974,0.004694875895619748
1215.0,0.0,0.7002415458937031,13.185397100544836,0.7002415458937031,13.17856077541381,0.0021492675115257058,0.004687057619500268
1216.0,0.0,0.7002415458937031,13.185397100544836,0.7002415458937031,13.178673401683762,0.0020444464980866788,0.004679252362988299
1217.0,0.0,0.7002415458937031,13.185397100544836,0.7002415458937031,13.178780902774637,0.0019447376657974916,0.0046714601044025705
1218.0,0.0,0.7002415458937031,13.185397100544836,0.7002415458937031,13.178883528032097,0.0018498916906414097,0.004663680822097913
1219.0,0.0,0.7002415458937031,13.185397100544836,0.7002415458937031,13.178981514642093,0.001759671408277481,0.004655914494465205
1220.0,0.0,0.7002415458937031,13.185397100544836,0.7002415458937031,13.179075088223899,0.0016738512210061492,0.0046481610999313085
1221.0,0.0,0.7002415458937031,13.185397100544836,0.7002415458937031,13.17916446339422,0.0015922165336574967,0.004640420616959012
1222.0,0.0,0.7002415458937031,13.185397100544836,0.7002415458937031,13.179249844303799,0.0015145632169915424,0.004632693024046968
1223.0,0.0,0.7002415458937031,13.185397100544836,0.7002415458937031,13.179331425147838,0.0014406970972688149,0.004624978299729636
1224.0,0.0,0.7002415458937031,13.185397100544836,0.7002415458937031,13.179409390651545,0.001370433470714864,0.004617276422577222
1225.0,0.0,0.7002415458937031,13.185397100544836,0.7002415458937031,13.179483916531977,0.0013035966416646162,0.004609587371195618
1226.0,0.0,0.7002415458937031,13.185397100544836,0.7002415458937031,13.179555169937379,0.0012400194832316964,0.004601911124226342
1227.0,0.0,0.7002415458937031,13.185397100544836,0.7002415458937031,13.179623309865086,0.0011795430194041594,0.004594247660346482
1228.0,0.0,0.7002415458937031,13.185397100544836,0.7002415458937031,13.179688487559046,0.0011220160275216531,0.004586596958268631
1229.0,0.0,0.7002415458937031,13.185397100544836,0.7002415458937031,13.179750846887956,0.0010672946601399994,0.004578958996740837
1230.0,0.0,0.7002415458937031,13.185397100544836,0.7002415458937031,13.179810524704953,0.0010152420853376568,0.004571333754546533
1231.0,0.0,0.7002415458937031,13.185397100544836,0.7002415458937031,13.179867651189769,0.0009657281445646441,0.004563721210504487
1232.0,0.0,0.7002415458937031,13.185397100544836,0.7002415458937031,13.179922350174188,0.0009186290271783687,0.004556121343468738
1233.0,0.0,0.7002415458937031,13.185397100544836,0.7002415458937031,13.179974739451655,0.0008738269608525304,0.004548534132328539
1234.0,0.0,0.7002415458937031,13.185397100544836,0.7002415458937031,13.180024931071744,0.0008312099170849605,0.004540959556008299
1235.0,0.0,0.7002415458937031,13.185397100544836,0.7002415458937031,13.180073031620301,0.0007906713310680131,0.004533397593467524
1236.0,0.0,0.7002415458937031,13.185397100544836,0.7002415458937031,13.180119142485916,0.0007521098352210396,0.0045258482237007566
1237.0,0.0,0.7002415458937031,13.185397100544836,0.7002415458937031,13.18016336011338,0.0007154290057186363,0.0045183114257375204
1238.0,0.0,0.7002415458937031,13.185397100544836,0.7002415458937031,13.180205776244813,0.0006805371213808565,0.004510787178642261
1239.0,0.0,0.7002415458937031,13.185397100544836,0.7002415458937031,13.180246478149,0.0006473469343224846,0.004503275461514288
1240.0,0.0,0.7002415458937031,13.185397100544836,0.7002415458937031,13.18028554883956,0.0006157754517878785,0.004495776253487714
1241.0,0.0,0.7002415458937031,13.185397100544836,0.7002415458937031,13.18032306728248,0.0005857437286258508,0.004488289533731402
1242.0,0.0,0.7002415458937031,13.185397100544836,0.7002415458937031,13.180359108593501,0.0005571766698856705,0.004480815281448903
1243.0,0.0,0.7002415458937031,13.185397100544836,0.7002415458937031,13.180393744225917,0.0005300028430405707,0.0044733534758784
1244.0,0.0,0.7002415458937031,13.185397100544836,0.7002415458937031,13.180427042149175,0.0005041542993692243,0.0044659040962926515
1245.0,0.0,0.7002415458937031,13.185397100544836,0.7002415458937031,13.180459067018788,0.00047956640404854794,0.004458467121998931
1246.0,0.0,0.7002415458937031,13.185397100544836,0.7002415458937031,13.180489880337964,0.00045617767453297716,0.004451042532338971
1247.0,0.0,0.7002415458937031,13.185397100544836,0.7002415458937031,13.180519540611332,0.0004339296268160779,0.004443630306688907
1248.0,0.0,0.7002415458937031,13.185397100544836,0.7002415458937031,13.180548103491187,0.00041276662919006735,0.00443623042445922
1249.0,0.0,0.7002415458937031,13.185397100544836,0.7002415458937031,13.180575621916605,0.0003926357631375674,0.004428842865094674
1250.0,0.0,0.7002415458937031,13.185397100544836,0.7002415458937031,13.180602146245755,0.0003734866910077469,0.004421467608074269
1251.0,0.0,0.7002415458937031,13.185397100544836,0.7002415458937031,13.180627724381779,0.00035527153014597513,0.004414104632911173
1252.0,0.0,0.7002415458937031,13.185397100544836,0.7002415458937031,13.180652401892521,0.000337944733162244,0.004406753919152674
1253.0,0.0,0.7002415458937031,13.185397100544836,0.7002415458937031,13.180676222124417,0.0003214629740389687,0.004399415446380118
1254.0,0.0,0.7002415458937031,13.185397100544836,0.7002415458937031,13.180699226310834,0.00030578503979337615,0.004392089194208852
1255.0,0.0,0.7002415458937031,13.185397100544836,0.7002415458937031,13.180721453675124,0.0002908717274235811,0.004384775142288172
1256.0,0.0,0.7002415458937031,13.185397100544836,0.7002415458937031,13.180742941528655,0.00027668574588066164,0.004377473270301263
1257.0,0.0,0.7002415458937031,13.185397100544836,0.7002415458937031,13.18076372536405,0.00026319162282161256,0.004370183557965141
1258.0,0.0,0.7002415458937031,13.185397100544836,0.7002415458937031,13.180783838943896,0.0002503556159100115,0.004362905985030601
1259.0,0.0,0.7002415458937031,13.185397100544836,0.7002415458937031,13.180803314385113,0.000238145628442602,0.004355640531282158
1260.0,0.0,0.7002415458937031,13.185397100544836,0.7002415458937031,13.180822182239208,0.0002265311290908172,0.004348387176537992
1261.0,0.0,0.7002415458937031,13.185397100544836,0.7002415458937031,13.18084047156863,0.000215483075556555,0.00434114590064989
1262.0,0.0,0.7002415458937031,13.185397100544836,0.7002415458937031,13.180858210019382,0.0002049738419513057,0.004333916683503193
1263.0,0.0,0.7002415458937031,13.185397100544836,0.7002415458937031,13.180875423890104,0.00019497714971704083,0.004326699505016736
1264.0,0.0,0.7002415458937031,13.185397100544836,0.7002415458937031,13.180892138197777,0.0001854680019161303,0.004319494345142797
1265.0,0.0,0.7002415458937031,13.185397100544836,0.7002415458937031,13.180908376740243,0.00017642262072597797,0.00431230118386704
1266.0,0.0,0.7002415458937031,13.185397100544836,0.7002415458937031,13.180924162155646,0.00016781838798207976,0.004305120001208454
1267.0,0.0,0.7002415458937031,13.185397100544836,0.7002415458937031,13.180939515978995,0.00015963378862083127,0.004297950777219307
1268.0,0.0,0.7002415458937031,13.185397100544836,0.7002415458937031,13.180954458695972,0.00015184835688066196,0.004290793491985082
1269.0,0.0,0.7002415458937031,13.185397100544836,0.7002415458937031,13.180969009794085,0.0001444426251269711,0.004283648125624428
1270.0,0.0,0.7002415458937031,13.185397100544836,0.7002415458937031,13.180983187811375,0.00013739807517290108,0.004276514658289099
1271.0,0.0,0.7002415458937031,13.185397100544836,0.7002415458937031,13.180997010382699,0.00013069709197422453,0.004269393070163904
1272.0,0.0,0.7002415458937031,13.185397100544836,0.7002415458937031,13.181010494283788,0.0001243229195825585,0.004262283341466649
1273.0,0.0,0.7002415458937031,13.185397100544836,0.7002415458937031,13.18102365547314,0.00011825961924676566,0.004255185452448083
1274.0,0.0,0.7002415458937031,13.185397100544836,0.7002415458937031,13.181036509131886,0.00011249202955777446,0.004248099383391843
1275.0,0.0,0.7002415458937031,13.185397100544836,0.7002415458937031,13.181049069701684,0.00010700572853715912,0.0042410251146144
1276.0,0.0,0.7002415458937031,13.185397100544836,0.7002415458937031,13.181061350920796,0.0001017869975746815,0.004233962626465003
1277.0,0.0,0.7002415458937031,13.185397100544836,0.7002415458937031,13.181073365858387,9.682278712461985e-05,0.004226911899325623
1278.0,0.0,0.7002415458937031,13.185397100544836,0.7002415458937031,13.181085126947151,9.210068407510729e-05,0.004219872913610904
1279.0,0.0,0.7002415458937031,13.185397100544836,0.7002415458937031,13.18109664601436,8.760888070888639e-05,0.004212845649768104
1280.0,0.0,0.7002415458937031,13.185397100544836,0.7002415458937031,13.181107934311381,8.33361451778657e-05,0.004205830088277038
1281.0,0.0,0.7002415458937031,13.185397100544836,0.7002415458937031,13.181119002541768,7.927179341764915e-05,0.0041988262096500336
1282.0,0.0,0.7002415458937031,13.185397100544836,0.7002415458937031,13.181129860887973,7.540566243180989e-05,0.004191833994431867
1283.0,0.0,0.7002415458937031,13.185397100544836,0.7002415458937031,13.181140519036758,7.172808487910563e-05,0.0041848534231997145
1284.0,0.0,0.7002415458937031,13.185397100544836,0.7002415458937031,13.181150986203374,6.822986490009001e-05,0.004177884476563094
1285.0,0.0,0.7002415458937031,13.185397100544836,0.7002415458937031,13.18116127115455,6.490225512267408e-05,0.004170927135163817
1286.0,0.0,0.7002415458937031,13.185397100544836,0.7002415458937031,13.18117138223037,6.173693478913978e-05,0.004163981379675931
1287.0,0.0,0.7002415458937031,13.185397100544836,0.7002415458937031,13.181181327365081,5.872598894991154e-05,0.004157047190805666
1288.0,0.0,0.7002415458937031,13.185397100544836,0.7002415458937031,13.181191114106873,5.5861888672059646e-05,0.004150124549291382
1289.0,0.0,0.7002415458937031,13.185397100544836,0.7002415458937031,13.181200749636721,5.313747221304625e-05,0.004143213435903514
1290.0,0.0,0.7002415458937031,13.185397100544836,0.7002415458937031,13.181210240786278,5.0545927112638665e-05,0.004136313831444522
1291.0,0.0,0.7002415458937031,13.185397100544836,0.7002415458937031,13.181219594054928,4.808077315821031e-05,0.004129425716748831
1292.0,0.0,0.7002415458937031,13.185397100544836,0.7002415458937031,13.181228815625973,4.573584618083377e-05,0.004122549072682787
1293.0,0.0,0.7002415458937031,13.185397100544836,0.7002415458937031,13.18123791138205,4.350528264164769e-05,0.004115683880144596
1294.0,0.0,0.7002415458937031,13.185397100544836,0.7002415458937031,13.181246886919803,4.138350496995543e-05,0.0041088301200642744
1295.0,0.0,0.7002415458937031,13.185397100544836,0.7002415458937031,13.181255747563817,3.9365207616393146e-05,0.004101987773403594
1296.0,0.0,0.7002415458937031,13.185397100544836,0.7002415458937031,13.181264498379894,3.744534378629277e-05,0.004095156821156034
1297.0,0.0,0.7002415458937031,13.185397100544836,0.7002415458937031,13.181273144187669,3.561911282006666e-05,0.004088337244346721
1298.0,0.0,0.7002415458937031,13.185397100544836,0.7002415458937031,13.181281689572614,3.3881948189058014e-05,0.0040815290240323815
1299.0,0.0,0.7002415458937031,13.185397100544836,0.7002415458937031,13.181290138897458,3.2229506076840664e-05,0.004074732141301289
1300.0,0.0,0.7002415458937031,13.185397100544836,0.7002415458937031,13.181298496313046,3.065765451741541e-05,0.0040679465772732095
1301.0,0.0,0.7002415458937031,13.185397100544836,0.7002415458937031,13.181306765768674,2.916246306314278e-05,0.0040611723130993494
1302.0,0.0,0.7002415458937031,13.185397100544836,0.7002415458937031,13.181314951021918,2.7740192956576636e-05,0.004054409329962303
1303.0,0.0,0.7002415458937031,13.185397100544836,0.7002415458937031,13.181323055647978,2.6387287781623154e-05,0.004047657609076003
1304.0,0.0,0.7002415458937031,13.185397100544836,0.7002415458937031,13.18133108304858,2.5100364570648115e-05,0.004040917131685664
1305.0,0.0,0.7002415458937031,13.185397100544836,0.7002415458937031,13.181339036460423,2.387620534529572e-05,0.004034187879067733
1306.0,0.0,0.7002415458937031,13.185397100544836,0.7002415458937031,13.181346918963238,2.271174906986652e-05,0.004027469832529839
1307.0,0.0,0.7002415458937031,13.185397100544836,0.7002415458937031,13.181354733487428,2.1604083997133754e-05,0.0040207629734107355
1308.0,0.0,0.7002415458937031,13.185397100544836,0.7002415458937031,13.181362482821369,2.0550440387458625e-05,0.004014067283080255
1309.0,0.0,0.7002415458937031,13.185397100544836,0.7002415458937031,13.181370169618313,1.9548183582998497e-05,0.004007382742939253
1310.0,0.0,0.7002415458937031,13.185397100544836,0.7002415458937031,13.181377796402996,1.8594807419689964e-05,0.004000709334419558
1311.0,0.0,0.7002415458937031,13.185397100544836,0.7002415458937031,13.18138536557789,1.7687927960533293e-05,0.00399404703898392
1312.0,0.0,0.7002415458937031,13.185397100544836,0.7002415458937031,13.181392879429177,1.682527753450817e-05,0.003987395838125958
1313.0,0.0,0.7002415458937031,13.185397100544836,0.7002415458937031,13.1814003401324,1.6004699066215e-05,0.00398075571337011
1314.0,0.0,0.7002415458937031,13.185397100544836,0.7002415458937031,13.181407749757883,1.5224140682062811e-05,0.003974126646271582
1315.0,0.0,0.7002415458937031,13.185397100544836,0.7002415458937031,13.181415110275841,1.4481650579516516e-05,0.003967508618416293
1316.0,0.0,0.7002415458937031,13.185397100544836,0.7002415458937031,13.18142242356127,1.3775372146573927e-05,0.003960901611420828
1317.0,0.0,0.7002415458937031,13.185397100544836,0.7002415458937031,13.181429691398586,1.3103539319268682e-05,0.003954305606932387
1318.0,0.0,0.7002415458937031,13.185397100544836,0.7002415458937031,13.181436915486042,1.2464472165590427e-05,0.00394772058662873
1319.0,0.0,0.7002415458937031,13.185397100544836,0.7002415458937031,13.181444097439933,1.185657268477975e-05,0.003941146532218129
1320.0,0.0,0.7002415458937031,13.185397100544836,0.7002415458937031,13.181451238798585,1.1278320811493928e-05,0.003934583425439319
1321.0,0.0,0.7002415458937031,13.185397100544836,0.7002415458937031,13.18145834102616,1.0728270614851796e-05,0.003928031248061443
1322.0,0.0,0.7002415458937031,13.185397100544836,0.7002415458937031,13.181465405516269,1.0205046682853395e-05,0.003921489981884004
1323.0,0.0,0.7002415458937031,13.185397100544836,0.7002415458937031,13.181472433595417,9.707340683133556e-06,0.0039149596087368135
1324.0,0.0,0.7002415458937031,13.185397100544836,0.7002415458937031,13.181479426526264,9.2339080914495e-06,0.003908440110479943
1325.0,0.0,0.7002415458937031,13.185397100544836,0.7002415458937031,13.181486385510752,8.783565079721995e-06,0.00390193146900367
1326.0,0.0,0.7002415458937031,13.185397100544836,0.7002415458937031,13.181493311693053,8.35518555584852e-06,0.003895433666228431
1327.0,0.0,0.7002415458937031,13.185397100544836,0.7002415458937031,13.181500206162383,7.947698347886467e-06,0.0038889466841047697
1328.0,0.0,0.7002415458937031,13.185397100544836,0.7002415458937031,13.181507069955696,7.5600845255653195e-06,0.003882470504613287
1329.0,0.0,0.7002415458937031,13.185397100544836,0.7002415458937031,13.18151390406022,7.191374852430252e-06,0.0038760051097645916
1330.0,0.0,0.7002415458937031,13.185397100544836,0.7002415458937031,13.181520709415874,6.840647362246136e-06,0.0038695504815992486
1331.0,0.0,0.7002415458937031,13.185397100544836,0.7002415458937031,13.181527486917595,6.507025053601719e-06,0.0038631066021877314
1332.0,0.0,0.7002415458937031,13.185397100544836,0.7002415458937031,13.18153423741751,6.1896736969492915e-06,0.0038566734536303712
1333.0,0.0,0.7002415458937031,13.185397100544836,0.7002415458937031,13.18154096172703,5.887799748596282e-06,0.0038502510180573064
1334.0,0.0,0.7002415458937031,13.185397100544836,0.7002415458937031,13.181547660618842,5.6006483664326895e-06,0.003843839277628434
1335.0,0.0,0.7002415458937031,13.185397100544836,0.7002415458937031,13.18155433482878,5.327501522432631e-06,0.00383743821453336
1336.0,0.0,0.7002415458937031,13.185397100544836,0.7002415458937031,13.181560985057638,5.0676762072102695e-06,0.0038310478109913498
1337.0,0.0,0.7002415458937031,13.185397100544836,0.7002415458937031,13.181567611972863,4.820522722140586e-06,0.003824668049251278
1338.0,0.0,0.7002415458937031,13.185397100544836,0.7002415458937031,13.18157421621019,4.585423054774405e-06,0.0038182989115915795
1339.0,0.0,0.7002415458937031,13.185397100544836,0.7002415458937031,13.181580798375183,4.361789333485363e-06,0.0038119403803202018
1340.0,0.0,0.7002415458937031,13.185397100544836,0.7002415458937031,13.181587359044704,4.1490623574846345e-06,0.003805592437774554
1341.0,0.0,0.7002415458937031,13.185397100544836,0.7002415458937031,13.181593898768318,3.946710198527684e-06,0.0037992550663214584
1342.0,0.0,0.7002415458937031,13.185397100544836,0.7002415458937031,13.181600418069609,3.754226870816588e-06,0.003792928248357101
1343.0,0.0,0.7002415458937031,13.185397100544836,0.7002415458937031,13.181606917447464,3.5711310657719794e-06,0.0037866119663069833
1344.0,0.0,0.7002415458937031,13.185397100544836,0.7002415458937031,13.18161339737726,3.3969649485109016e-06,0.0037803062026258733
1345.0,0.0,0.7002415458937031,13.185397100544836,0.7002415458937031,13.181619858312025,3.2312930130211227e-06,0.003774010939797757
1346.0,0.0,0.7002415458937031,13.185397100544836,0.7002415458937031,13.181626300683508,3.073700993169261e-06,0.0037677261603357892
1347.0,0.0,0.7002415458937031,13.185397100544836,0.7002415458937031,13.181632724903226,2.923794826819669e-06,0.003761451846782245
1348.0,0.0,0.7002415458937031,13.185397100544836,0.7002415458937031,13.181639131363458,2.7811996704738387e-06,0.0037551879817084716
1349.0,0.0,0.7002415458937031,13.185397100544836,0.7002415458937031,13.18164552043816,2.645558961966405e-06,0.00374893454771484
1350.0,0.0,0.7002415458937031,13.185397100544836,0.7002415458937031,13.181651892483877,2.5165335288740097e-06,0.0037426915274306957
1351.0,0.0,0.7002415458937031,13.185397100544836,0.7002415458937031,13.181658247840582,2.3938007404075753e-06,0.0037364589035143118
1352.0,0.0,0.7002415458937031,13.185397100544836,0.7002415458937031,13.181664586832483,2.277053700667281e-06,0.0037302366586528402
1353.0,0.0,0.7002415458937031,13.185397100544836,0.7002415458937031,13.181670909768792,2.1660004812429587e-06,0.0037240247755622635
1354.0,0.0,0.7002415458937031,13.185397100544836,0.7002415458937031,13.181677216944458,2.0603633912410093e-06,0.0037178232369873467
1355.0,0.0,0.7002415458937031,13.185397100544836,0.7002415458937031,13.181683508640852,1.959878282912525e-06,0.00371163202570159
1356.0,0.0,0.7002415458937031,13.185397100544836,0.7002415458937031,13.181689785126439,1.8642938911463286e-06,0.0037054511245071804
1357.0,0.0,0.7002415458937031,13.185397100544836,0.7002415458937031,13.181696046657397,1.773371205175319e-06,0.0036992805162349434
1358.0,0.0,0.7002415458937031,13.185397100544836,0.7002415458937031,13.18170229347822,1.6868828709250563e-06,0.003693120183744297
1359.0,0.0,0.7002415458937031,13.185397100544836,0.7002415458937031,13.181708525822291,1.6046126225101537e-06,0.0036869701099232024
1360.0,0.0,0.7002415458937031,13.185397100544836,0.7002415458937031,13.181714743912407,1.526354741456915e-06,0.0036808302776881172
1361.0,0.0,0.7002415458937031,13.185397100544836,0.7002415458937031,13.18172094796131,1.4519135422999973e-06,0.003674700669983948
1362.0,0.0,0.7002415458937031,13.185397100544836,0.7002415458937031,13.18172713817217,1.3811028832668196e-06,0.0036685812697840026
1363.0,0.0,0.7002415458937031,13.185397100544836,0.7002415458937031,13.181733314739047,1.3137457008261737e-06,0.0036624720600899434
1364.0,0.0,0.7002415458937031,13.185397100544836,0.7002415458937031,13.181739477847339,1.2496735669371684e-06,0.0036563730239317395
1365.0,0.0,0.7002415458937031,13.185397100544836,0.7002415458937031,13.181745627674202,1.1887262678913972e-06,0.0036502841443676196
1366.0,0.0,0.7002415458937031,13.185397100544836,0.7002415458937031,13.181751764388949,1.1307514036952153e-06,0.0036442054044840255
1367.0,0.0,0.7002415458937031,13.185397100544836,0.7002415458937031,13.181757888153433,1.075604006990374e-06,0.003638136787395565
1368.0,0.0,0.7002415458937031,13.185397100544836,0.7002415458937031,13.18176399912241,1.0231461805601156e-06,0.0036320782762449644
1369.0,0.0,0.7002415458937031,13.185397100544836,0.7002415458937031,13.18177009744388,9.732467525143023e-07,0.003626029854203022
1370.0,0.0,0.7002415458937031,13.185397100544836,0.7002415458937031,13.18177618325942,9.257809482913687e-07,0.003619991504468562
1371.0,0.0,0.7002415458937031,13.185397100544836,0.7002415458937031,13.181782256704489,8.806300786569239e-07,0.0036139632102683865
1372.0,0.0,0.7002415458937031,13.185397100544836,0.7002415458937031,13.181788317908735,8.376812429188442e-07,0.00360794495485723
1373.0,0.0,0.7002415458937031,13.185397100544836,0.7002415458937031,13.181794366996272,7.96827046616735e-07,0.0036019367215177124
1374.0,0.0,0.7002415458937031,13.185397100544836,0.7002415458937031,13.181800404085942,7.579653329798404e-07,0.003595938493560293
1375.0,0.0,0.7002415458937031,13.185397100544836,0.7002415458937031,13.181806429291585,7.209989274819057e-07,0.0035899502543232232
1376.0,0.0,0.7002415458937031,13.185397100544836,0.7002415458937031,13.181812442722268,6.858353948542452e-07,0.0035839719871725018
1377.0,0.0,0.7002415458937031,13.185397100544836,0.7002415458937031,13.181818444482527,6.523868079494237e-07,0.003578003675501827
1378.0,0.0,0.7002415458937031,13.185397100544836,0.7002415458937031,13.181824434672576,6.205695278775881e-07,0.0035720453027325515
1379.0,0.0,0.7002415458937031,13.185397100544836,0.7002415458937031,13.181830413388528,5.903039948656779e-07,0.003566096852313636
1380.0,0.0,0.7002415458937031,13.185397100544836,0.7002415458937031,13.181836380722586,5.615145293165513e-07,0.003560158307721603
1381.0,0.0,0.7002415458937031,13.185397100544836,0.7002415458937031,13.181842336763234,5.341291425705723e-07,0.0035542296524604918
1382.0,0.0,0.7002415458937031,13.185397100544836,0.7002415458937031,13.181848281595418,5.080793568964654e-07,0.003548310870061812
1383.0,0.0,0.7002415458937031,13.185397100544836,0.7002415458937031,13.181854215300717,4.833000342613176e-07,0.003542401944084497
1384.0,0.0,0.7002415458937031,13.185397100544836,0.7002415458937031,13.181860137957509,4.597292134515685e-07,0.00353650285811486
1385.0,0.0,0.7002415458937031,13.185397100544836,0.7002415458937031,13.181866049641116,4.3730795513770144e-07,0.0035306135957665474
1386.0,0.0,0.7002415458937031,13.185397100544836,0.7002415458937031,13.181871950423961,4.159801944952198e-07,0.003524734140680493
1387.0,0.0,0.7002415458937031,13.185397100544836,0.7002415458937031,13.18187784037571,3.95692601013383e-07,0.003518864476524874
1388.0,0.0,0.7002415458937031,13.185397100544836,0.7002415458937031,13.181883719563396,3.76394445141151e-07,0.0035130045869950634
1389.0,0.0,0.7002415458937031,13.185397100544836,0.7002415458937031,13.18188958805155,3.5803747143688263e-07,0.0035071544558135867
1390.0,0.0,0.7002415458937031,13.185397100544836,0.7002415458937031,13.18189544590233,3.405757779045967e-07,0.0035013140667300756
1391.0,0.0,0.7002415458937031,13.185397100544836,0.7002415458937031,13.181901293175615,3.239657012150725e-07,0.0034954834035212236
1392.0,0.0,0.7002415458937031,13.185397100544836,0.7002415458937031,13.181907129929138,3.081657075247837e-07,0.00348966244999074
1393.0,0.0,0.7002415458937031,13.185397100544836,0.7002415458937031,13.181912956218579,2.9313628861965534e-07,0.003483851189969306
1394.0,0.0,0.7002415458937031,13.185397100544836,0.7002415458937031,13.181918772097658,2.7883986312394994e-07,0.0034780496073145285
1395.0,0.0,0.7002415458937031,13.185397100544836,0.7002415458937031,13.181924577618243,2.6524068252725275e-07,0.0034722576859108965
1396.0,0.0,0.7002415458937031,13.185397100544836,0.7002415458937031,13.181930372830424,2.5230474179457524e-07,0.0034664754096697357
1397.0,0.0,0.7002415458937031,13.185397100544836,0.7002415458937031,13.181936157782612,2.3999969433605506e-07,0.0034607027625291643
1398.0,0.0,0.7002415458937031,13.185397100544836,0.7002415458937031,13.18194193252161,2.2829477112363294e-07,0.0034549397284540473
1399.0,0.0,0.7002415458937031,13.185397100544836,0.7002415458937031,13.181947697092697,2.1716070375245558e-07,0.003449186291435953
1400.0,0.0,0.7002415458937031,13.185397100544836,0.7002415458937031,13.181953451539691,2.0656965125461838e-07,0.0034434424354931083
1401.0,0.0,0.7002415458937031,13.185397100544836,0.7002415458937031,13.181959195905035,1.9649513048224384e-07,0.003437708144670354
1402.0,0.0,0.7002415458937031,13.185397100544836,0.7002415458937031,13.181964930229848,1.8691194988581753e-07,0.0034319834030391012
1403.0,0.0,0.7002415458937031,13.185397100544836,0.7002415458937031,13.181970654553993,1.7779614652219252e-07,0.0034262681946972857
1404.0,0.0,0.7002415458937031,13.185397100544836,0.7002415458937031,13.18197636891614,1.691249261347498e-07,0.0034205625037693256
1405.0,0.0,0.7002415458937031,13.185397100544836,0.7002415458937031,13.181982073353824,1.6087660615588383e-07,0.0034148663144060753
1406.0,0.0,0.7002415458937031,13.185397100544836,0.7002415458937031,13.181987767903491,1.5303056148928941e-07,0.003409179610784783
1407.0,0.0,0.7002415458937031,13.185397100544836,0.7002415458937031,13.181993452600555,1.455671729364779e-07,0.003403502377109046
1408.0,0.0,0.7002415458937031,13.185397100544836,0.7002415458937031,13.18199912747945,1.384677781385618e-07,0.003397834597608767
1409.0,0.0,0.7002415458937031,13.185397100544836,0.7002415458937031,13.182004792573672,1.3171462491063668e-07,0.0033921762565401106
1410.0,0.0,0.7002415458937031,13.185397100544836,0.7002415458937031,13.182010447915824,1.2529082685207233e-07,0.003386527338185459
1411.0,0.0,0.7002415458937031,13.185397100544836,0.7002415458937031,13.182016093537662,1.1918032112171536e-07,0.003380887826853369
1412.0,0.0,0.7002415458937031,13.185397100544836,0.7002415458937031,13.18202172947013,1.133678282724196e-07,0.003375257706878528
1413.0,0.0,0.7002415458937031,13.185397100544836,0.7002415458937031,13.1820273557434,1.0783881404446947e-07,0.0033696369626217094
1414.0,0.0,0.7002415458937031,13.185397100544836,0.7002415458937031,13.182032972386914,1.0257945302236021e-07,0.0033640255784697314
1415.0,0.0,0.7002415458937031,13.185397100544836,0.7002415458937031,13.182038579429408,9.757659406405774e-08,0.003358423538835412
1416.0,0.0,0.7002415458937031,13.185397100544836,0.7002415458937031,13.182044176898952,9.281772741629343e-08,0.003352830828157527
1417.0,0.0,0.7002415458937031,13.185397100544836,0.7002415458937031,13.182049764822983,8.829095343366494e-08,0.003347247430900765
1418.0,0.0,0.7002415458937031,13.185397100544836,0.7002415458937031,13.182055343228328,8.398495282332445e-08,0.0033416733315556855
1419.0,0.0,0.7002415458937031,13.185397100544836,0.7002415458937031,13.18206091214124,7.988895834085053e-08,0.003336108514638676
1420.0,0.0,0.7002415458937031,13.185397100544836,0.7002415458937031,13.182066471587415,7.599272786652877e-08,0.003330552964691907
1421.0,0.0,0.7002415458937031,13.185397100544836,0.7002415458937031,13.182072021592035,7.228651879471753e-08,0.0033250066662832934
1422.0,0.0,0.7002415458937031,13.185397100544836,0.7002415458937031,13.182077562179765,6.87610636722592e-08,0.0033194696040064462
1423.0,0.0,0.7002415458937031,13.185397100544836,0.7002415458937031,13.182083093374809,6.540754702502008e-08,0.0033139417624806333
1424.0,0.0,0.7002415458937031,13.185397100544836,0.7002415458937031,13.182088615200902,6.221758331461324e-08,0.003308423126350736
1425.0,0.0,0.7002415458937031,13.185397100544836,0.7002415458937031,13.182094127681355,5.918319597018478e-08,0.0033029136802872057
1426.0,0.0,0.7002415458937031,13.185397100544836,0.7002415458937031,13.182099630839055,5.6296797442831845e-08,0.0032974134089860225
1427.0,0.0,0.7002415458937031,13.185397100544836,0.7002415458937031,13.182105124696497,5.35511702327782e-08,0.003291922297168651
1428.0,0.0,0.7002415458937031,13.185397100544836,0.7002415458937031,13.182110609275806,5.093944884186538e-08,0.0032864403295819996
1429.0,0.0,0.7002415458937031,13.185397100544836,0.7002415458937031,13.182116084598736,4.845510260623117e-08,0.0032809674909983766
1430.0,0.0,0.7002415458937031,13.185397100544836,0.7002415458937031,13.182121550686702,4.609191936624832e-08,0.0032755037662154495
1431.0,0.0,0.7002415458937031,13.185397100544836,0.7002415458937031,13.18212700756079,4.384398993288971e-08,0.0032700491400562016
1432.0,0.0,0.7002415458937031,13.185397100544836,0.7002415458937031,13.182132455241774,4.170569331167778e-08,0.0032646035973688896
1433.0,0.0,0.7002415458937031,13.185397100544836,0.7002415458937031,13.182137893750127,3.967168264727053e-08,0.003259167123027003
1434.0,0.0,0.7002415458937031,13.185397100544836,0.7002415458937031,13.182143323106036,3.7736871853538105e-08,0.0032537397019292203
1435.0,0.0,0.7002415458937031,13.185397100544836,0.7002415458937031,13.182148743329414,3.589642289569825e-08,0.0032483213189993683
1436.0,0.0,0.7002415458937031,13.185397100544836,0.7002415458937031,13.182154154439917,3.41457336927093e-08,0.0032429119591863803
1437.0,0.0,0.7002415458937031,13.185397100544836,0.7002415458937031,13.182159556456945,3.2480426609670506e-08,0.0032375116074642527
1438.0,0.0,0.7002415458937031,13.185397100544836,0.7002415458937031,13.182164949399667,3.089633751145455e-08,0.0032321202488320056
1439.0,0.0,0.7002415458937031,13.185397100544836,0.7002415458937031,13.182170333287017,2.9389505350200738e-08,0.003226737868313639
1440.0,0.0,0.7002415458937031,13.185397100544836,0.7002415458937031,13.182175708137716,2.7956162260632102e-08,0.0032213644509580925
1441.0,0.0,0.7002415458937031,13.185397100544836,0.7002415458937031,13.182181073970273,2.6592724138429655e-08,0.0032159999818392035
1442.0,0.0,0.7002415458937031,13.185397100544836,0.7002415458937031,13.182186430803,2.5295781678104687e-08,0.003210644446055665
1443.0,0.0,0.7002415458937031,13.185397100544836,0.7002415458937031,13.182191778654014,2.4062091847959227e-08,0.0032052978287309855
1444.0,0.0,0.7002415458937031,13.185397100544836,0.7002415458937031,13.182197117541254,2.2888569780817578e-08,0.003199960115013447
1445.0,0.0,0.7002415458937031,13.185397100544836,0.7002415458937031,13.182202447482478,2.177228106025154e-08,0.0031946312900760633
1446.0,0.0,0.7002415458937031,13.185397100544836,0.7002415458937031,13.182207768495285,2.0710434383010866e-08,0.0031893113391165398
1447.0,0.0,0.7002415458937031,13.185397100544836,0.7002415458937031,13.182213080597105,1.9700374579311225e-08,0.0031840002473572313
1448.0,0.0,0.7002415458937031,13.185397100544836,0.7002415458937031,13.182218383805216,1.873957597352671e-08,0.0031786980000451013
1449.0,0.0,0.7002415458937031,13.185397100544836,0.7002415458937031,13.182223678136749,1.782563606868522e-08,0.0031734045824516823
1450.0,0.0,0.7002415458937031,13.185397100544836,0.7002415458937031,13.182228963608694,1.695626953897461e-08,0.0031681199798730326
1451.0,0.0,0.7002415458937031,13.185397100544836,0.7002415458937031,13.182234240237904,1.6129302515237806e-08,0.0031628441776296976
1452.0,0.0,0.7002415458937031,13.185397100544836,0.7002415458937031,13.182239508041102,1.5342667149167578e-08,0.0031575771610666673
1453.0,0.0,0.7002415458937031,13.185397100544836,0.7002415458937031,13.182244767034886,1.4594396442608686e-08,0.003152318915553337
1454.0,0.0,0.7002415458937031,13.185397100544836,0.7002415458937031,13.182250017235733,1.3882619329037928e-08,0.003147069426483466
1455.0,0.0,0.7002415458937031,13.185397100544836,0.7002415458937031,13.182255258660005,1.3205555994923237e-08,0.0031418286792751363
1456.0,0.0,0.7002415458937031,13.185397100544836,0.7002415458937031,13.182260491323953,1.2561513429262784e-08,0.003136596659370714
1457.0,0.0,0.7002415458937031,13.185397100544836,0.7002415458937031,13.18226571524372,1.1948881190175629e-08,0.003131373352236807
1458.0,0.0,0.7002415458937031,13.185397100544836,0.7002415458937031,13.182270930435344,1.1366127377958171e-08,0.0031261587433642248
1459.0,0.0,0.7002415458937031,13.185397100544836,0.7002415458937031,13.182276136914775,1.081179480453696e-08,0.0031209528182679397
1460.0,0.0,0.7002415458937031,13.185397100544836,0.7002415458937031,13.182281334697853,1.0284497349739503e-08,0.0031157555624870457
1461.0,0.0,0.7002415458937031,13.185397100544836,0.7002415458937031,13.182286523800336,9.782916495271826e-09,0.0031105669615847176
1462.0,0.0,0.7002415458937031,13.185397100544836,0.7002415458937031,13.182291704237889,9.30579802773596e-09,0.0031053870011481717
1463.0,0.0,0.7002415458937031,13.185397100544836,0.7002415458937031,13.182296876026099,8.851948902443158e-09,0.003100215666788626
1464.0,0.0,0.7002415458937031,13.185397100544836,0.7002415458937031,13.182302039180462,8.420234260180732e-09,0.003095052944141259
1465.0,0.0,0.7002415458937031,13.185397100544836,0.7002415458937031,13.182307193716396,8.009574589472913e-09,0.0030898988188651716
1466.0,0.0,0.7002415458937031,13.185397100544836,0.7002415458937031,13.182312339649249,7.618943027239862e-09,0.003084753276643346
1467.0,0.0,0.7002415458937031,13.185397100544836,0.7002415458937031,13.18231747699429,7.247362791105102e-09,0.003079616303182605
1468.0,0.0,0.7002415458937031,13.185397100544836,0.7002415458937031,13.18232260576672,6.893904736930794e-09,0.003074487884213576
1469.0,0.0,0.7002415458937031,13.185397100544836,0.7002415458937031,13.182327725981661,6.557685035473426e-09,0.0030693680054906464
1470.0,0.0,0.7002415458937031,13.185397100544836,0.7002415458937031,13.182332837654181,6.237862962350331e-09,0.0030642566527919277
1471.0,0.0,0.7002415458937031,13.185397100544836,0.7002415458937031,13.182337940799277,5.933638795790825e-09,0.003059153811919215
1472.0,0.0,0.7002415458937031,13.185397100544836,0.7002415458937031,13.182343035431888,5.644251816915216e-09,0.003054059468697947
1473.0,0.0,0.7002415458937031,13.185397100544836,0.7002415458937031,13.18234812156688,5.36897840754137e-09,0.0030489736089771664
1474.0,0.0,0.7002415458937031,13.185397100544836,0.7002415458937031,13.182353199219076,5.107130240762337e-09,0.003043896218629483
1475.0,0.0,0.7002415458937031,13.185397100544836,0.7002415458937031,13.182358268403235,4.858052559770551e-09,0.0030388272835510303
1476.0,0.0,0.7002415458937031,13.185397100544836,0.7002415458937031,13.182363329134052,4.621122540624762e-09,0.0030337667896614307
1477.0,0.0,0.7002415458937031,13.185397100544836,0.7002415458937031,13.182368381426185,4.3957477348657695e-09,0.003028714722903753
1478.0,0.0,0.7002415458937031,13.185397100544836,0.7002415458937031,13.182373425294227,4.181364588086683e-09,0.003023671069244475
1479.0,0.0,0.7002415458937031,13.185397100544836,0.7002415458937031,13.182378460752727,3.977437030753361e-09,0.003018635814673445
1480.0,0.0,0.7002415458937031,13.185397100544836,0.7002415458937031,13.182383487816177,3.783455137751349e-09,0.003013608945203841
1481.0,0.0,0.7002415458937031,13.185397100544836,0.7002415458937031,13.18238850649903,3.598933853307485e-09,0.0030085904468721337
1482.0,0.0,0.7002415458937031,13.185397100544836,0.7002415458937031,13.182393516815686,3.4234117780978162e-09,0.003003580305738047
1483.0,0.0,0.7002415458937031,13.185397100544836,0.7002415458937031,13.182398518780502,3.256450015508952e-09,0.0029985785078845183
1484.0,0.0,0.7002415458937031,13.185397100544836,0.7002415458937031,13.182403512407788,3.0976310741679214e-09,0.002993585039417662
1485.0,0.0,0.7002415458937031,13.185397100544836,0.7002415458937031,13.182408497711812,2.9465578239962804e-09,0.002988599886466729
1486.0,0.0,0.7002415458937031,13.185397100544836,0.7002415458937031,13.182413474706799,2.8028525031780578e-09,0.0029836230351840687
1487.0,0.0,0.7002415458937031,13.185397100544836,0.7002415458937031,13.182418443406936,2.6661557735584497e-09,0.0029786544717450916
1488.0,0.0,0.7002415458937031,13.185397100544836,0.7002415458937031,13.182423403826363,2.5361258221112602e-09,0.002973694182348229
1489.0,0.0,0.7002415458937031,13.185397100544836,0.7002415458937031,13.182428355979184,2.412437506228294e-09,0.0029687421532148964
1490.0,0.0,0.7002415458937031,13.185397100544836,0.7002415458937031,13.182433299879467,2.2947815406934777e-09,0.0029637983705894538
1491.0,0.0,0.7002415458937031,13.185397100544836,0.7002415458937031,13.182438235541234,2.1828637243087185e-09,0.0029588628207391685
1492.0,0.0,0.7002415458937031,13.185397100544836,0.7002415458937031,13.182443162978478,2.0764042042376675e-09,0.0029539354899541766
1493.0,0.0,0.7002415458937031,13.185397100544836,0.7002415458937031,13.182448082205152,1.9751367762278595e-09,0.0029490163645474452
1494.0,0.0,0.7002415458937031,13.185397100544836,0.7002415458937031,13.182452993235174,1.878808218961422e-09,0.0029441054308547336
1495.0,0.0,0.7002415458937031,13.185397100544836,0.7002415458937031,13.182457896082424,1.7871776608698852e-09,0.0029392026752345563
1496.0,0.0,0.7002415458937031,13.185397100544836,0.7002415458937031,13.182462790760752,1.7000159778297932e-09,0.002934308084068145
1497.0,0.0,0.7002415458937031,13.185397100544836,0.7002415458937031,13.182467677283972,1.6171052202330528e-09,0.0029294216437594093
1498.0,0.0,0.7002415458937031,13.185397100544836,0.7002415458937031,13.182472555665864,1.5382380679993871e-09,0.0029245433407349007
1499.0,0.0,0.7002415458937031,13.185397100544836,0.7002415458937031,13.182477425920176,1.4632173121681471e-09,0.002919673161443775
1500.0,-40.0,0.7002415458937031,13.33591060631198,0.7002415458937031,13.328995793827767,1.3918553617731882e-09,0.0029148110923577527
1501.0,-40.0,0.7003220611916098,13.335966954217803,0.7003220611916098,13.329129604303784,-6.82774817252256e-05,0.002905627395743524
1502.0,-40.0,0.7004025764895164,13.336023302123625,0.7004025764895164,13.329260069486429,-0.00013322635534684474,0.002896458992542268
1503.0,-40.0,0.7004830917874231,13.336079650029447,0.7004830917874231,13.329387351807187,-0.0001950076350239071,0.0028873058572861923
1504.0,-40.0,0.7005636070853297,13.33613599793527,0.7005636070853297,13.329511605776855,-0.0002537758061360368,0.0028781679645499153
1505.0,-40.0,0.7006441223832364,13.33619234584109,0.7006441223832364,13.329632978371862,-0.0003096778197219874,0.0028690452889503955
1506.0,-40.0,0.700724637681143,13.336248693746914,0.700724637681143,13.329751609401699,-0.0003628534599337823,0.002859937805146862
1507.0,-40.0,0.7008051529790497,13.336305041652734,0.7008051529790497,13.329867631858464,-0.000413435693569905,0.002850845487840742
1508.0,-40.0,0.7008856682769563,13.336361389558556,0.7008856682769563,13.329981172249344,-0.00046155100256155463,0.0028417683117755933
1509.0,-40.0,0.700966183574863,13.336417737464378,0.700966183574863,13.330092350912885,-0.0005073197002433555,0.0028327062517370318
1510.0,-40.0,0.7010466988727696,13.336474085370199,0.7010466988727696,13.330201282319845,-0.0005508562321993621,0.0028236592825526628
1511.0,-40.0,0.7011272141706762,13.336530433276023,0.7011272141706762,13.330308075359369,-0.0005922694624366314,0.0028146273790920105
1512.0,-40.0,0.7012077294685829,13.336586781181843,0.7012077294685829,13.33041283361118,-0.0006316629456019445,0.0028056105162664485
1513.0,-40.0,0.7012882447664895,13.336643129087667,0.7012882447664895,13.33051565560456,-0.0006691351859223638,0.0027966086690291297
1514.0,-40.0,0.7013687600643962,13.336699476993488,0.7013687600643962,13.33061663506463,-0.0007047798835171089,0.0027876218123749174
1515.0,-40.0,0.7014492753623028,13.33675582489931,0.7014492753623028,13.330715861146665,-0.0007386861686966601,0.0027786499213403146
1516.0,-40.0,0.7015297906602095,13.336812172805132,0.7015297906602095,13.330813418658964,-0.0007709388248349617,0.0027696929710033964
1517.0,-40.0,0.7016103059581161,13.336868520710954,0.7016103059581161,13.330909388274842,-0.0008016185003720177,0.0027607509364837393
1518.0,-40.0,0.7016908212560228,13.336924868616775,0.7016908212560228,13.331003846734308,-0.0008308019104770002,0.0027518237929423524
1519.0,-40.0,0.7017713365539294,13.336981216522597,0.7017713365539294,13.331096867035892,-0.0008585620288761309,0.0027429115155816097
1520.0,-40.0,0.7018518518518361,13.33703756442842,0.7018518518518361,13.3311885186191,-0.0008849682703250077,0.0027340140796451792
1521.0,-40.0,0.7019323671497427,13.337093912334241,0.7019323671497427,13.331278867538005,-0.0009100866641816498,0.002725131460417955
1522.0,-40.0,0.7020128824476494,13.337150260240064,0.7020128824476494,13.331367976626352,-0.0009339800195142856,0.0027162636332259894
1523.0,-40.0,0.702093397745556,13.337206608145884,0.702093397745556,13.331455905654606,-0.0009567080821567399,0.0027074105734364237
1524.0,-40.0,0.7021739130434627,13.337262956051708,0.7021739130434627,13.331542711479353,-0.000978327684104138,0.002698572256457419
1525.0,-40.0,0.7022544283413693,13.337319303957528,0.7022544283413693,13.331628448185413,-0.0009988928856224958,0.002689748657738089
1526.0,-40.0,0.702334943639276,13.337375651863352,0.702334943639276,13.331713167221011,-0.0010184551104275446,0.002680939752768432
1527.0,-40.0,0.7024154589371826,13.337431999769173,0.7024154589371826,13.331796917526365,-0.0010370632742708048,0.0026721455170792617
1528.0,-40.0,0.7024959742350892,13.337488347674993,0.7024959742350892,13.331879745656005,-0.0010547639072544441,0.00266336592624214
1529.0,-40.0,0.7025764895329959,13.337544695580817,0.7025764895329959,13.331961695895128,-0.0010716012701807696,0.0026546009558693086
1530.0,-40.0,0.7026570048309025,13.337601043486638,0.7026570048309025,13.332042810370252,-0.001087617465227288,0.0026458505816136227
1531.0,-40.0,0.7027375201288092,13.337657391392462,0.7027375201288092,13.332123129154517,-0.0011028525412240789,0.002637114779168481
1532.0,-40.0,0.7028180354267158,13.337713739298282,0.7028180354267158,13.332202690367811,-0.001117344593796731,0.0026283935242677595
1533.0,-40.0,0.7028985507246225,13.337770087204104,0.7028985507246225,13.332281530272041,-0.0011311298606252486,0.0026196867926857456
1534.0,-40.0,0.7029790660225291,13.337826435109926,0.7029790660225291,13.332359683361746,-0.0011442428120571283,0.0026109945602370674
1535.0,-40.0,0.7030595813204358,13.337882783015749,0.7030595813204358,13.33243718245027,-0.0011567162373011812,0.0026023168027766294
1536.0,-40.0,0.7031400966183424,13.337939130921571,0.7031400966183424,13.332514058751789,-0.0011685813264176344,0.002593653496199544
1537.0,-40.0,0.7032206119162491,13.337995478827393,0.7032206119162491,13.33259034195926,-0.0011798677483095276,0.002585004616441066
1538.0,-40.0,0.7033011272141557,13.338051826733214,0.7033011272141557,13.33266606031865,-0.0011906037249104257,0.002576370139476523
1539.0,-40.0,0.7033816425120624,13.338108174639036,0.7033816425120624,13.33274124069947,-0.001200816101753951,0.0025677500413212513
1540.0,-40.0,0.703462157809969,13.338164522544858,0.703462157809969,13.33281590866193,-0.001210530415101602,0.0025591442980305284
1541.0,-40.0,0.7035426731078757,13.33822087045068,0.7035426731078757,13.332890088520777,-0.0012197709557967076,0.002550552885699506
1542.0,-40.0,0.7036231884057823,13.338277218356502,0.7036231884057823,13.332963803406043,-0.0012285608300041885,0.0025419757804631448
1543.0,-40.0,0.703703703703689,13.338333566262323,0.703703703703689,13.333037075320815,-0.001236922016988004,0.0025334129584961467
1544.0,-40.0,0.7037842190015956,13.338389914168147,0.7037842190015956,13.333109925196203,-0.0012448754240707617,0.00252486439601289
1545.0,-40.0,0.7038647342995022,13.338446262073967,0.7038647342995022,13.333182372943613,-0.0012524409389129132,0.0025163300692673616
1546.0,-40.0,0.7039452495974089,13.338502609979791,0.7039452495974089,13.333254437504479,-0.0012596374792422647,0.0025078099545530934
1547.0,-40.0,0.7040257648953155,13.338558957885612,0.7040257648953155,13.333326136897567,-0.00126648304015815,0.0024993040282030943
1548.0,-40.0,0.7041062801932222,13.338615305791432,0.7041062801932222,13.333397488263971,-0.001272994739128552,0.0024908122665897856
1549.0,-40.0,0.7041867954911288,13.338671653697256,0.7041867954911288,13.333468507909924,-0.0012791888587926894,0.0024823346461249353
1550.0,-40.0,0.7042673107890355,13.338728001603076,0.7042673107890355,13.333539211347494,-0.0012850808876760955,0.0024738711432595924
1551.0,-40.0,0.7043478260869421,13.338784349508899,0.7043478260869421,13.333609613333335,-0.0012906855589199992,0.002465421734484021
1552.0,-40.0,0.7044283413848488,13.338840697414721,0.7044283413848488,13.333679727905515,-0.0012960168871218535,0.002456986396327636
1553.0,-40.0,0.7045088566827554,13.338897045320543,0.7045088566827554,13.333749568418561,-0.001301088203379128,0.002448565105358937
1554.0,-40.0,0.7045893719806621,13.338953393226365,0.7045893719806621,13.333819147576804,-0.0013059121886239962,0.0024401578381854435
1555.0,-40.0,0.7046698872785687,13.339009741132188,0.7046698872785687,13.333888477466065,-0.001310500905332272,0.00243176457145363
1556.0,-40.0,0.7047504025764754,13.339066089038008,0.7047504025764754,13.333957569583845,-0.0013148658276858822,0.0024233852818488616
1557.0,-40.0,0.704830917874382,13.339122436943832,0.704830917874382,13.334026434867999,-0.001319017870264297,0.0024150199460953284
1558.0,-40.0,0.7049114331722887,13.339178784849652,0.7049114331722887,13.334095083724034,-0.001322967415336665,0.0024066685409559812
1559.0,-40.0,0.7049919484701953,13.339235132755475,0.7049919484701953,13.334163526051064,-0.0013267243388228932,0.002398331043232467
1560.0,-40.0,0.705072463768102,13.339291480661297,0.705072463768102,13.33423177126652,-0.0013302980349885914,0.002390007429765065
1561.0,-40.0,0.7051529790660086,13.339347828567117,0.7051529790660086,13.334299828329621,-0.0013336974399356287,0.0023816976774326207
1562.0,-40.0,0.7052334943639152,13.339404176472941,0.7052334943639152,13.334367705763736,-0.001336931053947044,0.0023734017631524837
1563.0,-40.0,0.7053140096618219,13.339460524378762,0.7053140096618219,13.334435411677624,-0.0013400069627421802,0.002365119663880442
1564.0,-40.0,0.7053945249597285,13.339516872284586,0.7053945249597285,13.334502953785668,-0.0013429328576951942,0.0023568513566106595
1565.0,-40.0,0.7054750402576352,13.339573220190406,0.7054750402576352,13.3345703394271,-0.0013457160550674992,0.0023485968183756104
1566.0,-40.0,0.7055555555555418,13.339629568096228,0.7055555555555418,13.334637575584283,-0.0013483635143022288,0.0023403560262460167
1567.0,-40.0,0.7056360708534485,13.33968591600205,0.7056360708534485,13.334704668900146,-0.0013508818554264696,0.0023321289573307834
1568.0,-40.0,0.7057165861513551,13.339742263907873,0.7057165861513551,13.3347716256947,-0.0013532773756047777,0.0023239155887769362
1569.0,-40.0,0.7057971014492618,13.339798611813695,0.7057971014492618,13.334838451980811,-0.0013555560648853696,0.0023157158977695574
1570.0,-40.0,0.7058776167471684,13.339854959719515,0.7058776167471684,13.334905153479161,-0.001357723621178363,0.0023075298615317223
1571.0,-40.0,0.7059581320450751,13.339911307625337,0.7059581320450751,13.334971735632516,-0.00135978546450352,0.002299357457324436
1572.0,-40.0,0.7060386473429817,13.33996765553116,0.7060386473429817,13.335038203619257,-0.0013617467505431197,0.0022911986624465698
1573.0,-40.0,0.7061191626408884,13.340024003436982,0.7061191626408884,13.335104562366281,-0.0013636123835338494,0.0022830534542348
1574.0,-40.0,0.706199677938795,13.340080351342804,0.706199677938795,13.335170816561272,-0.0013653870285299508,0.002274921810063543
1575.0,-40.0,0.7062801932367017,13.340136699248626,0.7062801932367017,13.335236970664349,-0.0013670751230682853,0.002266803707344893
1576.0,-40.0,0.7063607085346083,13.340193047154447,0.7063607085346083,13.335303028919183,-0.0013686808882644882,0.0022586991235285596
1577.0,-40.0,0.706441223832515,13.34024939506027,0.706441223832515,13.335368995363536,-0.0013702083393679555,0.0022506080361018046
1578.0,-40.0,0.7065217391304216,13.340305742966091,0.7065217391304216,13.335434873839304,-0.0013716612958020596,0.0022425304225893797
1579.0,-40.0,0.7066022544283282,13.340362090871913,0.7066022544283282,13.335500668002075,-0.0013730433907146971,0.0022344662605534647
1580.0,-40.0,0.7066827697262349,13.340418438777736,0.7066827697262349,13.335566381330207,-0.0013743580800630506,0.0022264155275936045
1581.0,-40.0,0.7067632850241415,13.340474786683556,0.7067632850241415,13.335632017133465,-0.001375608651255282,0.0022183782013466464
1582.0,-40.0,0.7068438003220482,13.34053113458938,0.7068438003220482,13.335697578561264,-0.0013767982313707657,0.0022103542594866794
1583.0,-40.0,0.7069243156199548,13.3405874824952,0.7069243156199548,13.335763068610454,-0.0013779297949794147,0.0022023436797249706
1584.0,-40.0,0.7070048309178615,13.340643830401023,0.7070048309178615,13.33582849013279,-0.0013790061715796558,0.0021943464398099044
1585.0,-40.0,0.7070853462157681,13.340700178306845,0.7070853462157681,13.335893845841992,-0.001380030052673649,0.0021863625175269205
1586.0,-40.0,0.7071658615136748,13.340756526212667,0.7071658615136748,13.335959138320465,-0.0013810039984974455,0.002178391890698452
1587.0,-40.0,0.7072463768115814,13.34081287411849,0.7072463768115814,13.336024370025727,-0.0013819304444229103,0.0021704345371838635
1588.0,-40.0,0.7073268921094881,13.340869222024311,0.7073268921094881,13.33608954329648,-0.0013828117070474213,0.00216249043487939
1589.0,-40.0,0.7074074074073947,13.340925569930132,0.7074074074073947,13.3361546603584,-0.0013836499899865689,0.0021545595617180756
1590.0,-40.0,0.7074879227053014,13.340981917835954,0.7074879227053014,13.336219723329668,-0.001384447389384343,0.0021466418956697124
1591.0,-40.0,0.707568438003208,13.341038265741776,0.707568438003208,13.33628473422619,-0.0013852058991545848,0.002138737414740778
1592.0,-40.0,0.7076489533011147,13.341094613647599,0.7076489533011147,13.336349694966591,-0.0013859274159668102,0.002130846096974376
1593.0,-40.0,0.7077294685990213,13.34115096155342,0.7077294685990213,13.33641460737696,-0.0013866137439888708,0.0021229679204501743
1594.0,-40.0,0.707809983896928,13.341207309459241,0.707809983896928,13.336479473195356,-0.0013872665993983142,0.002115102863284344
1595.0,-40.0,0.7078904991948346,13.341263657365065,0.7078904991948346,13.33654429407611,-0.0013878876146737214,0.002107250903629499
1596.0,-40.0,0.7079710144927412,13.341320005270886,0.7079710144927412,13.336609071593887,-0.0013884783426767531,0.0020994120196746353
1597.0,-40.0,0.7080515297906479,13.34137635317671,0.7080515297906479,13.3366738072476,-0.0013890402605351135,0.0020915861896450704
1598.0,-40.0,0.7081320450885545,13.34143270108253,0.7081320450885545,13.336738502464064,-0.0013895747733361382,0.0020837733918023823
1599.0,-40.0,0.7082125603864612,13.34148904898835,0.7082125603864612,13.336803158601546,-0.001390083217640245,0.0020759736044443497
1600.0,-40.0,0.7082930756843678,13.341545396894174,0.7082930756843678,13.336867776953092,-0.0013905668648230315,0.0020681868059048915
1601.0,-40.0,0.7083735909822745,13.341601744799995,0.7083735909822745,13.336932358749696,-0.0013910269242543747,0.002060412974554007
1602.0,-40.0,0.7084541062801811,13.341658092705819,0.7084541062801811,13.336996905163344,-0.0013914645463224875,0.0020526520887977156
1603.0,-40.0,0.7085346215780878,13.34171444061164,0.7085346215780878,13.337061417309872,-0.0013918808253104871,0.0020449041270779954
1604.0,-40.0,0.7086151368759944,13.341770788517461,0.7086151368759944,13.337125896251722,-0.0013922768021326739,0.0020371690678727262
1605.0,-40.0,0.7086956521739011,13.341827136423284,0.7086956521739011,13.337190343000525,-0.0013926534669373581,0.0020294468896956274
1606.0,-40.0,0.7087761674718077,13.341883484329106,0.7087761674718077,13.33725475851959,-0.0013930117615827476,0.0020217375710961986
1607.0,-40.0,0.7088566827697144,13.341939832234928,0.7088566827697144,13.337319143726262,-0.001393352581992083,0.0020140410906596615
1608.0,-40.0,0.708937198067621,13.34199618014075,0.708937198067621,13.337383499494136,-0.0013936767803939135,0.0020063574270068984
1609.0,-40.0,0.7090177133655277,13.34205252804657,0.7090177133655277,13.33744782665523,-0.0013939851674531106,0.001998686558794395
1610.0,-40.0,0.7090982286634343,13.342108875952393,0.7090982286634343,13.337512126001977,-0.0013942785142979541,0.001991028464714178
1611.0,-40.0,0.709178743961341,13.342165223858215,0.709178743961341,13.33757639828917,-0.0013945575544483538,0.0019833831234937595
1612.0,-40.0,0.7092592592592476,13.342221571764037,0.7092592592592476,13.337640644235792,-0.001394822985650031,0.001975750513896076
1613.0,-40.0,0.7093397745571542,13.34227791966986,0.7093397745571542,13.33770486452676,-0.0013950754716192469,0.001968130614719429
1614.0,-40.0,0.7094202898550609,13.34233426757568,0.7094202898550609,13.337769059814585,-0.0013953156437024386,0.0019605234047974265
1615.0,-40.0,0.7095008051529675,13.342390615481504,0.7095008051529675,13.337833230720959,-0.0013955441024549144,0.0019529288629989254
1616.0,-40.0,0.7095813204508742,13.342446963387324,0.7095813204508742,13.33789737783824,-0.0013957614191425541,0.0019453469682279712
1617.0,-40.0,0.7096618357487808,13.342503311293147,0.7096618357487808,13.337961501730893,-0.001395968137170272,0.0019377776994237404
1618.0,-40.0,0.7097423510466875,13.342559659198969,0.7097423510466875,13.338025602936849,-0.001396164773440812,0.0019302210355604814
1619.0,-40.0,0.7098228663445941,13.342616007104791,0.7098228663445941,13.338089681968789,-0.0013963518196472736,0.0019226769556474563
1620.0,-40.0,0.7099033816425008,13.342672355010613,0.7099033816425008,13.338153739315388,-0.0013965297435026012,0.0019151454387288827
1621.0,-40.0,0.7099838969404074,13.342728702916434,0.7099838969404074,13.338217775442459,-0.0013966989899091094,0.0019076264638838755
1622.0,-40.0,0.7100644122383141,13.342788419767162,0.7100644122383141,13.338285159739007,-0.001396859982070971,0.0019001200102263887
1623.0,-40.0,0.7101449275362207,13.342848978854116,0.7101449275362207,13.338353365919764,-0.001397013122552448,0.0018926260569051571
1624.0,-40.0,0.7102254428341274,13.34290953794107,0.7102254428341274,13.338421552152251,-0.001397158794284511,0.0018851445831036392
1625.0,-40.0,0.710305958132034,13.342970097028026,0.710305958132034,13.33848971882151,-0.0013972973615223672,0.0018776755680399583
1626.0,-40.0,0.7103864734299407,13.34303065611498,0.7103864734299407,13.33855786629477,-0.0013974291707562877,0.0018702189909668454
1627.0,-40.0,0.7104669887278473,13.343091215201936,0.7104669887278473,13.338625994922344,-0.001397554551578014,0.0018627748311715818
1628.0,-40.0,0.710547504025754,13.34315177428889,0.710547504025754,13.33869410503842,-0.001397673817504908,0.0018553430679759412
1629.0,-40.0,0.7106280193236606,13.343212333375844,0.7106280193236606,13.338762196961872,-0.00139778726676391,0.001847923680736132
1630.0,-40.0,0.7107085346215672,13.343272892462798,0.7107085346215672,13.338830270996993,-0.0013978951830372604,0.0018405166488427403
1631.0,-40.0,0.7107890499194739,13.343333451549753,0.7107890499194739,13.338898327434205,-0.0013979978361718538,0.001833121951720673
1632.0,-40.0,0.7108695652173805,13.343394010636707,0.7108695652173805,13.338966366550732,-0.0013980954828539962,0.0018257395688290998
1633.0,-40.0,0.7109500805152872,13.343454569723663,0.7109500805152872,13.339034388611253,-0.0013981883672512549,0.0018183694796613968
1634.0,-40.0,0.7110305958131938,13.343515128810617,0.7110305958131938,13.339102393868496,-0.0013982767216230046,0.0018110116637450894
1635.0,-40.0,0.7111111111111005,13.343575687897571,0.7111111111111005,13.33917038256383,-0.001398360766901196,0.0018036661006417955
1636.0,-40.0,0.7111916264090071,13.343636246984525,0.7111916264090071,13.339238354927822,-0.001398440713242802,0.0017963327699471682
1637.0,-40.0,0.7112721417069138,13.343696806071481,0.7112721417069138,13.339306311180747,-0.0013985167605553188,0.00178901165129084
1638.0,-40.0,0.7113526570048204,13.343757365158435,0.7113526570048204,13.339374251533096,-0.0013985890989966392,0.0017817027243363652
1639.0,-40.0,0.7114331723027271,13.343817924245391,0.7114331723027271,13.339442176186061,-0.0013986579094505457,0.0017744059687811644
1640.0,-40.0,0.7115136876006337,13.343878483332345,0.7115136876006337,13.339510085331968,-0.0013987233639790146,0.0017671213643564675
1641.0,-40.0,0.7115942028985404,13.343939042419299,0.7115942028985404,13.339577979154722,-0.0013987856262524612,0.0017598488908272573
1642.0,-40.0,0.711674718196447,13.343999601506253,0.711674718196447,13.33964585783022,-0.0013988448519589999,0.001752588527992214
1643.0,-40.0,0.7117552334943537,13.344060160593209,0.7117552334943537,13.339713721526719,-0.0013989011891937463,0.0017453402556836582
1644.0,-40.0,0.7118357487922603,13.344120719680163,0.7118357487922603,13.339781570405224,-0.001398954778829132,0.0017381040537674957
1645.0,-40.0,0.711916264090167,13.344181278767119,0.711916264090167,13.339849404619843,-0.0013990057548671593,0.0017308799021431608
1646.0,-40.0,0.7119967793880736,13.344241837854073,0.7119967793880736,13.339917224318105,-0.0013990542447744753,0.001723667780743561
1647.0,-40.0,0.7120772946859802,13.344302396941027,0.7120772946859802,13.33998502964129,-0.0013991003698011054,0.0017164676695350213
1648.0,-40.0,0.7121578099838869,13.34436295602798,0.7121578099838869,13.340052820724747,-0.001399144245283642,0.0017092795485172281
1649.0,-40.0,0.7122383252817935,13.344423515114936,0.7122383252817935,13.340120597698144,-0.0013991859809336451,0.0017021033977231738
1650.0,-40.0,0.7123188405797002,13.34448407420189,0.7123188405797002,13.340188360685785,-0.0013992256811119785,0.0016949391972191016
1651.0,-40.0,0.7123993558776068,13.344544633288846,0.7123993558776068,13.340256109806829,-0.0013992634450897671,0.00168778692710445
1652.0,-40.0,0.7124798711755135,13.3446051923758,0.7124798711755135,13.340323845175586,-0.001399299367296626,0.0016806465675117976
1653.0,-40.0,0.7125603864734201,13.344665751462756,0.7125603864734201,13.340391566901705,-0.0013993335375567832,0.0016735180986068073
1654.0,-40.0,0.7126409017713268,13.344726310549708,0.7126409017713268,13.340459275090435,-0.0013993660413136875,0.0016664015005881721
1655.0,-40.0,0.7127214170692334,13.344786869636664,0.7127214170692334,13.340526969842818,-0.0013993969598436616,0.0016592967536875596
1656.0,-40.0,0.7128019323671401,13.344847428723618,0.7128019323671401,13.340594651255909,-0.0013994263704591354,0.0016522038381695573
1657.0,-40.0,0.7128824476650467,13.344907987810574,0.7128824476650467,13.340662319422943,-0.0013994543467019667,0.0016451227343316174
1658.0,-40.0,0.7129629629629534,13.344968546897528,0.7129629629629534,13.340729974433552,-0.0013994809585273348,0.0016380534225040025
1659.0,-40.0,0.71304347826086,13.345029105984484,0.71304347826086,13.340797616373912,-0.0013995062724786646,0.0016309958830497307
1660.0,-40.0,0.7131239935587667,13.345089665071436,0.7131239935587667,13.340865245326926,-0.0013995303518540198,0.0016239500963645213
1661.0,-40.0,0.7132045088566733,13.34515022415839,0.7132045088566733,13.340932861372377,-0.0013995532568643813,0.00161691604287674
1662.0,-40.0,0.71328502415458,13.345210783245346,0.71328502415458,13.341000464587083,-0.0013995750447842058,0.001609893703047345
1663.0,-40.0,0.7133655394524866,13.3452713423323,0.7133655394524866,13.341068055045024,-0.0013995957700946415,0.001602883057369832
1664.0,-40.0,0.7134460547503932,13.345331901419256,0.7134460547503932,13.341135632817505,-0.0013996154846197598,0.0015958840863701809
1665.0,-40.0,0.7135265700482999,13.34539246050621,0.7135265700482999,13.34120319797326,-0.0013996342376561425,0.0015888967706068008
1666.0,-40.0,0.7136070853462065,13.345453019593164,0.7136070853462065,13.34127075057859,-0.0013996520760961482,0.0015819210906704772
1667.0,-40.0,0.7136876006441132,13.345513578680118,0.7136876006441132,13.341338290697479,-0.0013996690445451689,0.0015749570271843167
1668.0,-40.0,0.7137681159420198,13.345574137767073,0.7137681159420198,13.341405818391703,-0.0013996851854331655,0.0015680045608036939
1669.0,-40.0,0.7138486312399265,13.345634696854027,0.7138486312399265,13.341473333720932,-0.0013997005391207654,0.0015610636722161978
1670.0,-40.0,0.7139291465378331,13.345695255940983,0.7139291465378331,13.341540836742842,-0.0013997151440001852,0.0015541343421415779
1671.0,-40.0,0.7140096618357398,13.345755815027937,0.7140096618357398,13.341608327513196,-0.0013997290365912304,0.0015472165513316907
1672.0,-40.0,0.7140901771336464,13.345816374114891,0.7140901771336464,13.341675806085952,-0.0013997422516326154,0.001540310280570446
1673.0,-40.0,0.7141706924315531,13.345876933201845,0.7141706924315531,13.341743272513341,-0.0013997548221688267,0.0015334155106737541
1674.0,-40.0,0.7142512077294597,13.345937492288801,0.7142512077294597,13.341810726845944,-0.0013997667796327527,0.0015265322224894719
1675.0,-40.0,0.7143317230273664,13.345998051375755,0.7143317230273664,13.341878169132782,-0.0013997781539242815,0.00151966039689735
1676.0,-40.0,0.714412238325273,13.34605861046271,0.714412238325273,13.341945599421388,-0.0013997889734850665,0.0015128000148089795
1677.0,-40.0,0.7144927536231797,13.346119169549665,0.7144927536231797,13.342013017757868,-0.0013997992653696455,0.001505951057167739
1678.0,-40.0,0.7145732689210863,13.346179728636619,0.7145732689210863,13.342080424186983,-0.0013998090553130904,0.001499113504948742
1679.0,-40.0,0.714653784218993,13.346240287723573,0.714653784218993,13.34214781875221,-0.0013998183677953594,0.0014922873391587832
1680.0,-40.0,0.7147342995168996,13.346300846810529,0.7147342995168996,13.342215201495794,-0.0013998272261025089,0.001485472540836287
1681.0,-40.0,0.7148148148148062,13.346361405897483,0.7148148148148062,13.342282572458817,-0.0013998356523849207,0.0014786690910512535
1682.0,-40.0,0.7148953301127129,13.346421964984438,0.7148953301127129,13.342349931681245,-0.00139984366771269,0.0014718769709052065
1683.0,-40.0,0.7149758454106195,13.346482524071392,0.7149758454106195,13.342417279201989,-0.0013998512921283113,0.0014650961615311413
1684.0,-40.0,0.7150563607085262,13.346543083158346,0.7150563607085262,13.342484615058948,-0.0013998585446967947,0.001458326644093472
1685.0,-40.0,0.7151368760064328,13.3466036422453,0.7151368760064328,13.342551939289066,-0.0013998654435533394,0.001451568399787979
1686.0,-40.0,0.7152173913043395,13.346664201332256,0.7152173913043395,13.342619251928362,-0.00139987200594868,0.0014448214098417575
1687.0,-40.0,0.7152979066022461,13.34672476041921,0.7152979066022461,13.34268655301199,-0.0013998782482922234,0.0014380856555131641
1688.0,-40.0,0.7153784219001528,13.346785319506166,0.7153784219001528,13.342753842574266,-0.0013998841861930795,0.0014313611180917659
1689.0,-40.0,0.7154589371980594,13.34684587859312,0.7154589371980594,13.34282112064872,-0.0013998898344990938,0.001424647778898288
1690.0,-40.0,0.7155394524959661,13.346906437680074,0.7155394524959661,13.342888387268122,-0.001399895207333973,0.0014179456192845614
1691.0,-40.0,0.7156199677938727,13.346966996767028,0.7156199677938727,13.342955642464528,-0.0013999003181326033,0.001411254620633472
1692.0,-40.0,0.7157004830917794,13.347027555853984,0.7157004830917794,13.343022886269297,-0.0013999051796746431,0.001404574764358908
1693.0,-40.0,0.715780998389686,13.347088114940938,0.715780998389686,13.343090118713148,-0.0013999098041164797,0.001397906031905709
1694.0,-40.0,0.7158615136875927,13.347148674027894,0.7158615136875927,13.343157339826165,-0.0013999142030216266,0.0013912484047496137
1695.0,-40.0,0.7159420289854993,13.347209233114848,0.7159420289854993,13.343224549637842,-0.001399918387389638,0.001384601864397209
1696.0,-40.0,0.716022544283406,13.347269792201804,0.716022544283406,13.3432917481771,-0.0013999223676836132,0.0013779663923858788
1697.0,-40.0,0.7161030595813126,13.347330351288756,0.7161030595813126,13.34335893547233,-0.0013999261538563607,0.0013713419702837519
1698.0,-40.0,0.7161835748792192,13.347390910375712,0.7161835748792192,13.343426111551397,-0.0013999297553752843,0.0013647285796896515
1699.0,-40.0,0.7162640901771259,13.347451469462666,0.7162640901771259,13.343493276441679,-0.0013999331812460573,0.001358126202233044
1700.0,-40.0,0.7163446054750325,13.34751202854962,0.7163446054750325,13.343560430170083,-0.0013999364400351412,0.0013515348195739878
1701.0,-40.0,0.7164251207729392,13.347572587636575,0.7164251207729392,13.343627572763063,-0.001399939539891206,0.0013449544134030824
1702.0,-40.0,0.7165056360708458,13.34763314672353,0.7165056360708458,13.343694704246653,-0.0013999424885655066,0.0013383849654414175
1703.0,-40.0,0.7165861513687525,13.347693705810483,0.7165861513687525,13.343761824646476,-0.0013999452934312646,0.0013318264574405225
1704.0,-40.0,0.7166666666666591,13.347754264897437,0.7166666666666591,13.343828933987758,-0.0013999479615021053,0.0013252788711823151
1705.0,-40.0,0.7167471819645658,13.347814823984393,0.7167471819645658,13.343896032295364,-0.0013999504994495957,0.0013187421884790517
1706.0,-40.0,0.7168276972624724,13.347875383071347,0.7168276972624724,13.343963119593793,-0.0013999529136199263,0.001312216391173276
1707.0,-40.0,0.7169082125603791,13.347935942158303,0.7169082125603791,13.344030195907214,-0.0013999552100497806,0.001305701461137769
1708.0,-40.0,0.7169887278582857,13.347996501245257,0.7169887278582857,13.344097261259463,-0.0013999573944814294,0.001299197380275499
1709.0,-40.0,0.7170692431561924,13.348057060332211,0.7170692431561924,13.344164315674067,-0.0013999594723770894,0.0012927041305195702
1710.0,-40.0,0.717149758454099,13.348117619419165,0.717149758454099,13.344231359174264,-0.0013999614489325822,0.0012862216938331736
1711.0,-40.0,0.7172302737520057,13.34817817850612,0.7172302737520057,13.344298391783003,-0.0013999633290903263,0.0012797500522095365
1712.0,-40.0,0.7173107890499123,13.348238737593075,0.7173107890499123,13.344365413522954,-0.0013999651175516951,0.0012732891876718725
1713.0,-40.0,0.717391304347819,13.34829929668003,0.717391304347819,13.344432424416548,-0.0013999668187887736,0.0012668390822733314
1714.0,-40.0,0.7174718196457256,13.348359855766985,0.7174718196457256,13.344499424485944,-0.0013999684370555408,0.0012603997180969497
1715.0,-40.0,0.7175523349436322,13.348420414853939,0.7175523349436322,13.344566413753082,-0.0013999699763985064,0.0012539710772556006
1716.0,-40.0,0.7176328502415389,13.348480973940893,0.7176328502415389,13.344633392239668,-0.0013999714406668297,0.0012475531418919441
1717.0,-40.0,0.7177133655394455,13.348541533027849,0.7177133655394455,13.344700359967192,-0.0013999728335219442,0.0012411458941783782
1718.0,-40.0,0.7177938808373522,13.348602092114803,0.7177938808373522,13.344767316956933,-0.0013999741584467132,0.001234749316316988
1719.0,-40.0,0.7178743961352588,13.348662651201758,0.7178743961352588,13.344834263229973,-0.0013999754187541387,0.001228363390539498
1720.0,-40.0,0.7179549114331655,13.348723210288712,0.7179549114331655,13.3449011988072,-0.0013999766175956459,0.001221988099107221
1721.0,-40.0,0.7180354267310721,13.348783769375666,0.7180354267310721,13.344968123709325,-0.0013999777579689627,0.00121562342431101
1722.0,-40.0,0.7181159420289788,13.34884432846262,0.7181159420289788,13.345035037956874,-0.0013999788427256166,0.0012092693484712091
1723.0,-40.0,0.7181964573268854,13.348904887549576,0.7181964573268854,13.345101941570215,-0.0013999798745780642,0.0012029258539376032
1724.0,-40.0,0.7182769726247921,13.34896544663653,0.7182769726247921,13.345168834569549,-0.0013999808561064742,0.0011965929230893704
1725.0,-40.0,0.7183574879226987,13.349026005723486,0.7183574879226987,13.345235716974916,-0.0013999817897651786,0.0011902705383350317
1726.0,-40.0,0.7184380032206054,13.34908656481044,0.7184380032206054,13.345302588806216,-0.0013999826778888108,0.0011839586821124034
1727.0,-40.0,0.718518518518512,13.349147123897394,0.718518518518512,13.345369450083203,-0.0013999835226981422,0.0011776573368885474
1728.0,-40.0,0.7185990338164187,13.349207682984348,0.7185990338164187,13.345436300825494,-0.0013999843263056363,0.0011713664851597228
1729.0,-40.0,0.7186795491143253,13.349268242071304,0.7186795491143253,13.345503141052573,-0.0013999850907207305,0.0011650861094513376
1730.0,-40.0,0.718760064412232,13.349328801158258,0.718760064412232,13.345569970783796,-0.0013999858178548607,0.0011588161923178997
1731.0,-40.0,0.7188405797101386,13.349389360245214,0.7188405797101386,13.345636790038395,-0.0013999865095262408,0.0011525567163429683
1732.0,-40.0,0.7189210950080452,13.349449919332168,0.7189210950080452,13.345703598835494,-0.0013999871674644099,0.0011463076641391064
1733.0,-40.0,0.7190016103059519,13.349510478419123,0.7190016103059519,13.345770397194089,-0.0013999877933145556,0.0011400690183478316
1734.0,-40.0,0.7190821256038585,13.349571037506076,0.7190821256038585,13.345837185133078,-0.0013999883886416297,0.0011338407616395681
1735.0,-40.0,0.7191626409017652,13.349631596593031,0.7191626409017652,13.345903962671251,-0.0013999889549342597,0.001127622876713599
1736.0,-40.0,0.7192431561996718,13.349692155679985,0.7192431561996718,13.345970729827297,-0.0013999894936084722,0.0011214153462980178
1737.0,-40.0,0.7193236714975785,13.349752714766941,0.7193236714975785,13.346037486619801,-0.0013999900060112332,0.00111521815314968
1738.0,-40.0,0.7194041867954851,13.349813273853895,0.7194041867954851,13.346104233067265,-0.0013999904934238168,0.0011090312800541569
1739.0,-40.0,0.7194847020933918,13.349873832940851,0.7194847020933918,13.346170969188089,-0.0013999909570650082,0.0011028547098256853
1740.0,-40.0,0.7195652173912984,13.349934392027803,0.7195652173912984,13.34623769500059,-0.001399991398094152,0.001096688425307122
1741.0,-40.0,0.7196457326892051,13.349994951114759,0.7196457326892051,13.346304410523002,-0.0013999918176140506,0.0010905324093698947
1742.0,-40.0,0.7197262479871117,13.350055510201713,0.7197262479871117,13.346371115773474,-0.0013999922166737222,0.0010843866449139555
1743.0,-40.0,0.7198067632850184,13.350116069288667,0.7198067632850184,13.346437810770071,-0.001399992596271024,0.0010782511148677324
1744.0,-40.0,0.719887278582925,13.350176628375623,0.719887278582925,13.34650449553079,-0.0013999929573551468,0.0010721258021880824
1745.0,-40.0,0.7199677938808317,13.350237187462577,0.7199677938808317,13.346571170073547,-0.0013999933008289893,0.001066010689860244
1746.0,-40.0,0.7200483091787383,13.350295902131037,0.7200483091787383,13.346635989997692,-0.001399993627551415,0.0010599057608977904
1747.0,-40.0,0.720128824476645,13.350353387187171,0.720128824476645,13.346699570127168,-0.0013999939383393997,0.0010538109983425814
1748.0,-40.0,0.7202093397745516,13.350410872243303,0.7202093397745516,13.346763140092008,-0.0013999942339700756,0.0010477263852647172
1749.0,-40.0,0.7202898550724582,13.350468357299434,0.7202898550724582,13.346826699909855,-0.0013999945151826733,0.0010416519047624908
1750.0,-40.0,0.7203703703703649,13.350525842355568,0.7203703703703649,13.346890249598287,-0.0013999947826803707,0.0010355875399623417
1751.0,-40.0,0.7204508856682715,13.3505833274117,0.7204508856682715,13.346953789174814,-0.0013999950371320516,0.0010295332740188079
1752.0,-40.0,0.7205314009661782,13.350640812467832,0.7205314009661782,13.347017318656892,-0.0013999952791739776,0.0010234890901144802
1753.0,-40.0,0.7206119162640848,13.350698297523964,0.7206119162640848,13.347080838061913,-0.0013999955094113794,0.001017454971459955
1754.0,-40.0,0.7206924315619915,13.350755782580098,0.7206924315619915,13.347144347407223,-0.0013999957284199706,0.0010114309012937874
1755.0,-40.0,0.7207729468598981,13.350813267636228,0.7207729468598981,13.347207846710093,-0.001399995936747387,0.0010054168628824457
1756.0,-40.0,0.7208534621578048,13.35087075269236,0.7208534621578048,13.347271335987754,-0.0013999961349145551,0.0009994128395202637
1757.0,-40.0,0.7209339774557114,13.350928237748493,0.7209339774557114,13.347334815257382,-0.0013999963234169967,0.0009934188145293947
1758.0,-40.0,0.7210144927536181,13.350985722804626,0.7210144927536181,13.347398284536094,-0.0013999965027260656,0.0009874347712597656
1759.0,-40.0,0.7210950080515247,13.351043207860759,0.7210950080515247,13.34746174384096,-0.001399996673290128,0.0009814606930890301
1760.0,-40.0,0.7211755233494314,13.351100692916889,0.7211755233494314,13.347525193189004,-0.0013999968355356829,0.0009754965634225228
1761.0,-40.0,0.721256038647338,13.351158177973021,0.721256038647338,13.347588632597196,-0.0013999969898684287,0.0009695423656932129
1762.0,-40.0,0.7213365539452447,13.351215663029155,0.7213365539452447,13.347652062082469,-0.0013999971366742776,0.0009635980833616585
1763.0,-40.0,0.7214170692431513,13.351273148085287,0.7214170692431513,13.347715481661691,-0.0013999972763203208,0.0009576636999159603
1764.0,-40.0,0.721497584541058,13.35133063314142,0.721497584541058,13.347778891351702,-0.0013999974091557462,0.0009517391988717162
1765.0,-40.0,0.7215780998389646,13.35138811819755,0.7215780998389646,13.347842291169291,-0.0013999975355127115,0.000945824563771975
1766.0,-40.0,0.7216586151368712,13.351445603253683,0.7216586151368712,13.347905681131204,-0.0013999976557071748,0.0009399197781871909
1767.0,-40.0,0.7217391304347779,13.351503088309816,0.7217391304347779,13.34796906125414,-0.001399997770039685,0.000934024825715178
1768.0,-40.0,0.7218196457326845,13.351560573365948,0.7218196457326845,13.348032431554763,-0.001399997878796133,0.0009281396899810644
1769.0,-40.0,0.7219001610305912,13.35161805842208,0.7219001610305912,13.34809579204969,-0.0013999979822484662,0.0009222643546372471
1770.0,-40.0,0.7219806763284978,13.351675543478214,0.7219806763284978,13.348159142755504,-0.0013999980806553697,0.0009163988033633465
1771.0,-40.0,0.7220611916264045,13.351733028534344,0.7220611916264045,13.34822248368874,-0.0013999981742629118,0.0009105430198661607
1772.0,-40.0,0.7221417069243111,13.351790513590476,0.7221417069243111,13.348285814865903,-0.0013999982633051602,0.0009046969878796206
1773.0,-40.0,0.7222222222222178,13.351847998646608,0.7222222222222178,13.34834913630345,-0.0013999983480047669,0.0008988606911647449
1774.0,-40.0,0.7223027375201244,13.351905483702742,0.7223027375201244,13.348412448017806,-0.0013999984285735251,0.0008930341135095944
1775.0,-40.0,0.7223832528180311,13.351962968758874,0.7223832528180311,13.348475750025358,-0.0013999985052128986,0.0008872172387292275
1776.0,-40.0,0.7224637681159377,13.352020453815005,0.7224637681159377,13.348539042342454,-0.0013999985781145258,0.0008814100506656549
1777.0,-40.0,0.7225442834138444,13.352077938871137,0.7225442834138444,13.34860232498541,-0.0013999986474606987,0.000875612533187795
1778.0,-40.0,0.722624798711751,13.35213542392727,0.722624798711751,13.348665597970504,-0.0013999987134248187,0.0008698246701914288
1779.0,-40.0,0.7227053140096577,13.352192908983403,0.7227053140096577,13.348728861313976,-0.0013999987761718308,0.0008640464455991553
1780.0,-40.0,0.7227858293075643,13.352250394039535,0.7227858293075643,13.348792115032033,-0.0013999988358586349,0.0008582778433603469
1781.0,-40.0,0.722866344605471,13.352307879095665,0.722866344605471,13.348855359140849,-0.001399998892634479,0.000852518847451105
1782.0,-40.0,0.7229468599033776,13.3523653641518,0.7229468599033776,13.348918593656567,-0.0013999989466413328,0.0008467694418742148
1783.0,-40.0,0.7230273752012842,13.352422849207931,0.7230273752012842,13.348981818595288,-0.001399998998014241,0.0008410296106591016
1784.0,-40.0,0.7231078904991909,13.352480334264063,0.7231078904991909,13.349045033973084,-0.0013999990468816631,0.0008352993378617863
1785.0,-40.0,0.7231884057970975,13.352537819320196,0.7231884057970975,13.349108239805995,-0.0013999990933657928,0.0008295786075648405
1786.0,-40.0,0.7232689210950042,13.35259530437633,0.7232689210950042,13.349171436110034,-0.0013999991375828649,0.0008238674038773433
1787.0,-40.0,0.7233494363929108,13.35265278943246,0.7233494363929108,13.349234622901168,-0.0013999991796434447,0.0008181657109348361
1788.0,-40.0,0.7234299516908175,13.352710274488592,0.7234299516908175,13.349297800195345,-0.001399999219652706,0.0008124735128992794
1789.0,-40.0,0.7235104669887241,13.352767759544724,0.7235104669887241,13.349360968008476,-0.0013999992577106925,0.0008067907939590084
1790.0,-40.0,0.7235909822866308,13.352825244600858,0.7235909822866308,13.349424126356443,-0.001399999293912569,0.000801117538328689
1791.0,-40.0,0.7236714975845374,13.35288272965699,0.7236714975845374,13.349487275255088,-0.0013999993283488592,0.000795453730249274
1792.0,-40.0,0.7237520128824441,13.35294021471312,0.7237520128824441,13.349550414720238,-0.001399999361105672,0.0007897993539879597
1793.0,-40.0,0.7238325281803507,13.352997699769253,0.7238325281803507,13.34961354476768,-0.001399999392264916,0.0007841543938381417
1794.0,-40.0,0.7239130434782574,13.353055184825386,0.7239130434782574,13.349676665413172,-0.0013999994219045058,0.0007785188341193715
1795.0,-40.0,0.723993558776164,13.353112669881519,0.723993558776164,13.34973977667244,-0.0013999994500985557,0.000772892659177313
1796.0,-40.0,0.7240740740740707,13.35317015493765,0.7240740740740707,13.349802878561183,-0.0013999994769175656,0.0007672758533836987
1797.0,-40.0,0.7241545893719773,13.353227639993783,0.7241545893719773,13.349865971095074,-0.0013999995024285969,0.0007616684011362867
1798.0,-40.0,0.724235104669884,13.353285125049915,0.724235104669884,13.349929054289753,-0.0013999995266954404,0.0007560702868588173
1799.0,-40.0,0.7243156199677906,13.353342610106047,0.7243156199677906,13.349992128160826,-0.001399999549778776,0.0007504814950009693
1800.0,-40.0,0.7243961352656972,13.35340009516218,0.7243961352656972,13.350055192723877,-0.0013999995717363242,0.0007449020100383173
1801.0,-40.0,0.7244766505636039,13.353457580218311,0.7244766505636039,13.350118247994462,-0.00139999959262299,0.0007393318164722884
1802.0,-40.0,0.7245571658615105,13.353515065274445,0.7245571658615105,13.350181293988106,-0.0013999996124910011,0.0007337708988301192
1803.0,-40.0,0.7246376811594172,13.353572550330576,0.7246376811594172,13.350244330720301,-0.001399999631390038,0.0007282192416648125
1804.0,-40.0,0.7247181964573238,13.353630035386708,0.7247181964573238,13.35030735820652,-0.001399999649367358,0.000722676829555095
1805.0,-40.0,0.7247987117552305,13.35368752044284,0.7247987117552305,13.350370376462203,-0.0013999996664679137,0.0007171436471053739
1806.0,-40.0,0.7248792270531371,13.353745005498974,0.7248792270531371,13.350433385502763,-0.0013999996827344654,0.0007116196789456943
1807.0,-40.0,0.7249597423510438,13.353802490555106,0.7249597423510438,13.35049638534358,-0.0013999996982076881,0.0007061049097316967
1808.0,-40.0,0.7250402576489504,13.353859975611236,0.7250402576489504,13.35055937600002,-0.0013999997129262728,0.0007005993241445742
1809.0,-40.0,0.7251207729468571,13.353917460667368,0.7251207729468571,13.350622357487405,-0.0013999997269270236,0.00069510290689103
1810.0,-40.0,0.7252012882447637,13.353974945723502,0.7252012882447637,13.350685329821045,-0.0013999997402449498,0.0006896156427032348
1811.0,-40.0,0.7252818035426704,13.354032430779634,0.7252818035426704,13.350748293016208,-0.001399999752913353,0.0006841375163387846
1812.0,-40.0,0.725362318840577,13.354089915835766,0.725362318840577,13.350811247088147,-0.0013999997649639109,0.0006786685125806581
1813.0,-40.0,0.7254428341384836,13.354147400891899,0.7254428341384836,13.350874192052085,-0.001399999776426756,0.0006732086162371748
1814.0,-40.0,0.7255233494363903,13.35420488594803,0.7255233494363903,13.35093712792322,-0.0013999997873305517,0.0006677578121419524
1815.0,-40.0,0.7256038647342969,13.354262371004163,0.7256038647342969,13.351000054716712,-0.0013999997977025632,0.0006623160851538649
1816.0,-40.0,0.7256843800322036,13.354319856060295,0.7256843800322036,13.351062972447707,-0.0013999998075687255,0.0006568834201570005
1817.0,-40.0,0.7257648953301102,13.354377341116427,0.7257648953301102,13.35112588113132,-0.0013999998169537094,0.0006514598020606196
1818.0,-40.0,0.7258454106280169,13.354434826172561,0.7258454106280169,13.351188780782643,-0.0013999998258809822,0.0006460452157991129
1819.0,-40.0,0.7259259259259235,13.354492311228691,0.7259259259259235,13.351251671416733,-0.0013999998343728669,0.0006406396463319596
1820.0,-40.0,0.7260064412238302,13.354549796284823,0.7260064412238302,13.35131455304863,-0.0013999998424505974,0.0006352430786436854
1821.0,-40.0,0.7260869565217368,13.354607281340956,0.7260869565217368,13.351377425693347,-0.0013999998501343725,0.000629855497743821
1822.0,-40.0,0.7261674718196435,13.35466476639709,0.7261674718196435,13.351440289365867,-0.0013999998574434054,0.0006244768886668605
1823.0,-40.0,0.7262479871175501,13.354722251453222,0.7262479871175501,13.351503144081144,-0.0013999998643959724,0.0006191072364722197
1824.0,-40.0,0.7263285024154568,13.354779736509352,0.7263285024154568,13.351565989854118,-0.0013999998710094589,0.0006137465262441945
1825.0,-40.0,0.7264090177133634,13.354837221565484,0.7264090177133634,13.351628826699693,-0.0013999998773004017,0.0006083947430919198
1826.0,-40.0,0.7264895330112701,13.354894706621618,0.7264895330112701,13.351691654632754,-0.0013999998832845315,0.0006030518721493278
1827.0,-40.0,0.7265700483091767,13.35495219167775,0.7265700483091767,13.351754473668151,-0.001399999888976812,0.0005977178985751068
1828.0,-40.0,0.7266505636070834,13.355009676733882,0.7266505636070834,13.35181728382072,-0.0013999998943914768,0.0005923928075526602
1829.0,-40.0,0.72673107890499,13.355067161790014,0.72673107890499,13.351880085105265,-0.001399999899542065,0.0005870765842900652
1830.0,-40.0,0.7268115942028966,13.355124646846146,0.7268115942028966,13.351942877536567,-0.0013999999044414563,0.0005817692140200314
1831.0,-40.0,0.7268921095008033,13.355182131902279,0.7268921095008033,13.35200566112938,-0.0013999999091019015,0.0005764706819998602
1832.0,-40.0,0.7269726247987099,13.35523961695841,0.7269726247987099,13.352068435898435,-0.0013999999135350539,0.0005711809735114037
1833.0,-40.0,0.7270531400966166,13.355297102014543,0.7270531400966166,13.352131201858434,-0.001399999917751999,0.0005659000738610238
1834.0,-40.0,0.7271336553945232,13.355354587070677,0.7271336553945232,13.352193959024058,-0.0013999999217632812,0.0005606279683795514
1835.0,-40.0,0.7272141706924299,13.355412072126807,0.7272141706924299,13.352256707409964,-0.001399999925578931,0.0005553646424222457
1836.0,-40.0,0.7272946859903365,13.35546955718294,0.7272946859903365,13.35231944703078,-0.0013999999292084893,0.0005501100813687535
1837.0,-40.0,0.7273752012882432,13.355527042239071,0.7273752012882432,13.35238217790111,-0.001399999932661032,0.0005448642706230683
1838.0,-40.0,0.7274557165861498,13.355584527295205,0.7274557165861498,13.352444900035538,-0.001399999935945192,0.0005396271956134903
1839.0,-40.0,0.7275362318840565,13.355642012351337,0.7275362318840565,13.352507613448612,-0.0013999999390691819,0.0005343988417925857
1840.0,-40.0,0.7276167471819631,13.355699497407468,0.7276167471819631,13.352570318154871,-0.0013999999420408128,0.0005291791946371459
1841.0,-40.0,0.7276972624798698,13.3557569824636,0.7276972624798698,13.35263301416882,-0.0013999999448675157,0.0005239682396481477
1842.0,-40.0,0.7277777777777764,13.355814467519734,0.7277777777777764,13.35269570150494,-0.0013999999475563585,0.0005187659623507128
1843.0,-40.0,0.7278582930756831,13.355871952575866,0.7278582930756831,13.352758380177686,-0.001399999950114065,0.0005135723482940676
1844.0,-40.0,0.7279388083735897,13.355929437631998,0.7279388083735897,13.352821050201491,-0.0013999999525470307,0.0005083873830515031
1845.0,-40.0,0.7280193236714964,13.35598692268813,0.7280193236714964,13.352883711590769,-0.0013999999548613392,0.0005032110522203345
1846.0,-40.0,0.728099838969403,13.356044407744262,0.728099838969403,13.352946364359903,-0.0013999999570627776,0.000498043341421862
1847.0,-40.0,0.7281803542673096,13.356101892800394,0.7281803542673096,13.35300900852325,-0.0013999999591568506,0.00049288423630133
1848.0,-40.0,0.7282608695652163,13.356159377856526,0.7282608695652163,13.353071644095149,-0.0013999999611487945,0.0004877337225278876
1849.0,-40.0,0.7283413848631229,13.356216862912659,0.7283413848631229,13.353134271089907,-0.00139999996304359,0.0004825917857945487
1850.0,-40.0,0.7284219001610296,13.356274347968792,0.7284219001610296,13.353196889521818,-0.0013999999648459753,0.00047745841181815254
1851.0,-40.0,0.7285024154589362,13.356331833024923,0.7285024154589362,13.353259499405144,-0.0013999999665604572,0.0004723335863393236
1852.0,-40.0,0.7285829307568429,13.356389318081055,0.7285829307568429,13.353322100754124,-0.0013999999681913228,0.00046721729512243216
1853.0,-40.0,0.7286634460547495,13.356446803137187,0.7286634460547495,13.353384693582974,-0.0013999999697426502,0.000462109523955555
1854.0,-40.0,0.7287439613526562,13.356504288193321,0.7287439613526562,13.35344727790589,-0.0013999999712183185,0.00045701025865043553
1855.0,-40.0,0.7288244766505628,13.356561773249453,0.7288244766505628,13.35350985373703,-0.0013999999726220177,0.0004519194850424447
1856.0,-40.0,0.7289049919484695,13.356619258305583,0.7289049919484695,13.35357242109055,-0.0013999999739572576,0.0004468371889905413
1857.0,-40.0,0.7289855072463761,13.356676743361716,0.7289855072463761,13.353634979980566,-0.001399999975227377,0.0004417633563772332
1858.0,-40.0,0.7290660225442828,13.35673422841785,0.7290660225442828,13.353697530421176,-0.001399999976435552,0.00043669797310853754
1859.0,-40.0,0.7291465378421894,13.356791713473982,0.7291465378421894,13.353760072426452,-0.0013999999775848038,0.000431641025113942
1860.0,-40.0,0.7292270531400961,13.356849198530114,0.7292270531400961,13.353822606010445,-0.0013999999786780057,0.0004265924983463656
1861.0,-40.0,0.7293075684380027,13.356906683586246,0.7293075684380027,13.35388513118718,-0.0013999999797178915,0.00042155237878211955
1862.0,-40.0,0.7293880837359094,13.356964168642378,0.7293880837359094,13.353947647970665,-0.0013999999807070616,0.0004165206524208686
1863.0,-40.0,0.729468599033816,13.35702165369851,0.729468599033816,13.354010156374873,-0.0013999999816479893,0.00041149730528559176
1864.0,-40.0,0.7295491143317226,13.357079138754642,0.7295491143317226,13.354072656413763,-0.0013999999825430275,0.0004064823234225438
1865.0,-40.0,0.7296296296296293,13.357136623810774,0.7296296296296293,13.354135148101268,-0.001399999983394414,0.0004014756929012163
1866.0,-40.0,0.7297101449275359,13.357194108866908,0.7297101449275359,13.354197631451298,-0.0013999999842042778,0.0003964773998142991
1867.0,-40.0,0.7297906602254426,13.357251593923039,0.7297906602254426,13.354260106477735,-0.0013999999849746442,0.0003914874302776414
1868.0,-40.0,0.7298711755233492,13.35730907897917,0.7298711755233492,13.354322573194448,-0.0013999999857074394,0.0003865057704302136
1869.0,-40.0,0.7299516908212559,13.357366564035303,0.7299516908212559,13.354385031615273,-0.0013999999864044957,0.0003815324064340684
1870.0,-40.0,0.7300322061191625,13.357426322354428,0.7300322061191625,13.354449755017022,-0.0013999999870675562,0.00037656732447430264
1871.0,-40.0,0.7301127214170692,13.35748949056804,0.7301127214170692,13.35451788004498,-0.001399999987698279,0.0003716105107590188
1872.0,-40.0,0.7301932367149758,13.357552658781652,0.7301932367149758,13.35458599681843,-0.0013999999882982408,0.00036666195151928676
1873.0,-40.0,0.7302737520128825,13.357615826995263,0.7302737520128825,13.354654105351123,-0.0013999999888689423,0.0003617216330091054
1874.0,-40.0,0.7303542673107891,13.357678995208875,0.7303542673107891,13.354722205656781,-0.0013999999894118104,0.00035678954150536457
1875.0,-40.0,0.7304347826086958,13.357742163422486,0.7304347826086958,13.354790297749107,-0.0013999999899282024,0.00035186566330780693
1876.0,-40.0,0.7305152979066024,13.357805331636097,0.7305152979066024,13.354858381641778,-0.0013999999904194098,0.0003469499847389899
1877.0,-40.0,0.7305958132045091,13.35786849984971,0.7305958132045091,13.354926457348451,-0.0013999999908866606,0.00034204249214424753
1878.0,-40.0,0.7306763285024157,13.35793166806332,0.7306763285024157,13.35499452488276,-0.0013999999913311234,0.0003371431718916529
1879.0,-40.0,0.7307568438003224,13.357994836276934,0.7307568438003224,13.355062584258317,-0.0013999999917539093,0.0003322520103719799
1880.0,-40.0,0.730837359098229,13.358058004490545,0.730837359098229,13.355130635488702,-0.001399999992156076,0.00032736899399866563
1881.0,-40.0,0.7309178743961356,13.358121172704156,0.7309178743961356,13.355198678587486,-0.0013999999925386286,0.00032249410920777254
1882.0,-40.0,0.7309983896940423,13.358184340917768,0.7309983896940423,13.355266713568213,-0.001399999992902524,0.00031762734245795085
1883.0,-40.0,0.7310789049919489,13.35824750913138,0.7310789049919489,13.355334740444398,-0.001399999993248672,0.0003127686802304009
1884.0,-40.0,0.7311594202898556,13.358310677344992,0.7311594202898556,13.355402759229543,-0.001399999993577938,0.00030791810902883567
1885.0,-40.0,0.7312399355877622,13.358373845558603,0.7312399355877622,13.355470769937115,-0.0013999999938911457,0.0003030756153794431
1886.0,-40.0,0.7313204508856689,13.358437013772214,0.7313204508856689,13.355538772580573,-0.001399999994189078,0.0002982411858308488
1887.0,-40.0,0.7314009661835755,13.358500181985827,0.7314009661835755,13.355606767173345,-0.00139999999447248,0.00029341480695407873
1888.0,-40.0,0.7314814814814822,13.358563350199438,0.7314814814814822,13.355674753728838,-0.0013999999947420603,0.0002885964653425218
1889.0,-40.0,0.7315619967793888,13.35862651841305,0.7315619967793888,13.355742732260437,-0.001399999994998493,0.00028378614761189266
1890.0,-40.0,0.7316425120772955,13.358689686626661,0.7316425120772955,13.355810702781504,-0.0013999999952424194,0.0002789838404001945
1891.0,-40.0,0.7317230273752021,13.358752854840272,0.7317230273752021,13.35587866530538,-0.0013999999954744493,0.00027418953036768194
1892.0,-40.0,0.7318035426731088,13.358816023053885,0.7318035426731088,13.355946619845383,-0.001399999995695163,0.0002694032041968241
1893.0,-40.0,0.7318840579710154,13.358879191267498,0.7318840579710154,13.35601456641481,-0.0013999999959051121,0.0002646248485922674
1894.0,-40.0,0.7319645732689221,13.35894235948111,0.7319645732689221,13.356082505026933,-0.0013999999961048222,0.00025985445028079877
1895.0,-40.0,0.7320450885668287,13.359005527694721,0.7320450885668287,13.356150435695003,-0.0013999999962947922,0.0002550919960113087
1896.0,-40.0,0.7321256038647354,13.359068695908332,0.7321256038647354,13.356218358432253,-0.0013999999964754972,0.0002503374725547545
1897.0,-40.0,0.732206119162642,13.359131864121945,0.732206119162642,13.356286273251886,-0.0013999999966473893,0.0002455908667041235
1898.0,-40.0,0.7322866344605486,13.359195032335556,0.7322866344605486,13.356354180167092,-0.001399999996810898,0.00024085216527439644
1899.0,-40.0,0.7323671497584553,13.359258200549169,0.7323671497584553,13.35642207919103,-0.0013999999969664322,0.00023612135510251068
1900.0,100.0,0.7324476650563619,12.82288575868647,0.7324476650563619,12.834054360260536,-0.001399999997114381,0.00023139842304732385
1901.0,100.0,0.7322463768115954,12.822793889042066,0.7322463768115954,12.833713075828587,-0.001161024177308613,0.00024183739078603492
1902.0,100.0,0.7320450885668289,12.82270201939766,0.7320450885668289,12.83338346376869,-0.000933703345765186,0.00025225897473569634
1903.0,100.0,0.7318438003220624,12.822610149753256,0.7318438003220624,12.83306495563141,-0.0007174690819991082,0.0002626632038451592
1904.0,100.0,0.7316425120772959,12.822518280108852,0.7316425120772959,12.832757010689557,-0.0005117806877195664,0.0002730501070150665
1905.0,100.0,0.7314412238325294,12.822426410464448,0.7314412238325294,12.832459114586152,-0.0003161238348025619,0.0002834197130979338
1906.0,100.0,0.7312399355877629,12.822334540820043,0.7312399355877629,12.832170778048345,-0.0001300092792026988,0.00029377205089822913
1907.0,100.0,0.7310386473429964,12.822242671175639,0.7310386473429964,12.831891535664054,4.7028362411765106e-05,0.00030410714917245295
1908.0,100.0,0.7308373590982299,12.822150801531235,0.7308373590982299,12.831620944718246,0.00021543177635965525,0.0003144250366292183
1909.0,100.0,0.7306360708534634,12.82205893188683,0.7306360708534634,12.831358584086006,0.00037562205889326227,0.00032472574192933025
1910.0,100.0,0.7304347826086969,12.821967062242427,0.7304347826086969,12.831104053179583,0.000527999769158312,0.0003350092936858657
1911.0,100.0,0.7302334943639304,12.821875192598023,0.7302334943639304,12.830856970946758,0.000672945930800472,0.00034527572046425285
1912.0,100.0,0.7300322061191639,12.821783322953618,0.7300322061191639,12.830616974918113,0.0008108229847229311,0.0003555250507823504
1913.0,100.0,0.7298309178743974,12.82168941983018,0.7298309178743974,12.830381686821692,0.0009419756953774459,0.000365757313110527
1914.0,100.0,0.7296296296296308,12.821595129377402,0.7296296296296308,12.830152424828674,0.0010667320128550488,0.00037597253587174013
1915.0,100.0,0.7294283413848643,12.821500838924624,0.7294283413848643,12.82992926428425,0.0011854038929320972,0.00038617074744161514
1916.0,100.0,0.7292270531400978,12.821406548471847,0.7292270531400978,12.829711908418577,0.0012982880771222058,0.000396351976148524
1917.0,100.0,0.7290257648953313,12.821312258019068,0.7290257648953313,12.829500074934108,0.0014056668346845954,0.0004065162502736642
1918.0,100.0,0.7288244766505648,12.821217967566293,0.7288244766505648,12.829293495299797,0.001507808668444269,0.00041666359805113705
1919.0,100.0,0.7286231884057983,12.821123677113514,0.7286231884057983,12.829091914079656,0.0016049689861889309,0.0004267940476680262
1920.0,100.0,0.7284219001610318,12.821029386660735,0.7284219001610318,12.828895088294148,0.001697390739321492,0.000436907627264476
1921.0,100.0,0.7282206119162653,12.82093509620796,0.7282206119162653,12.82870278681266,0.0017853050303651254,0.0004470043649337696
1922.0,100.0,0.7280193236714988,12.82084080575518,0.7280193236714988,12.828514789775618,0.001868931690839949,0.000457084288722407
1923.0,100.0,0.7278180354267323,12.820746515302403,0.7278180354267323,12.828330888044817,0.001948479830956332,0.000467147426630183
1924.0,100.0,0.7276167471819658,12.820652224849626,0.7276167471819658,12.828150882680516,0.0020241483624993412,0.00047719380661026496
1925.0,100.0,0.7274154589371993,12.820557934396847,0.7274154589371993,12.827974584444066,0.002096126496211812,0.00048722345656927035
1926.0,100.0,0.7272141706924328,12.82046364394407,0.7272141706924328,12.827801813324783,0.0021645942149197605,0.0004972364043673444
1927.0,100.0,0.7270128824476663,12.82036935349129,0.7270128824476663,12.82763239808989,0.0022297227235831994,0.0005072326778182374
1928.0,100.0,0.7268115942028998,12.820275063038515,0.7268115942028998,12.827466175856427,0.0022916748773977123,0.0005172123046893822
1929.0,100.0,0.7266103059581333,12.820180772585736,0.7266103059581333,12.827302991684018,0.002350605589017271,0.0005271753127019708
1930.0,100.0,0.7264090177133667,12.820086482132961,0.7264090177133667,12.827142698187513,0.0024066622159165615,0.0005371217295310319
1931.0,100.0,0.7262077294686002,12.819992191680182,0.7262077294686002,12.826985155168515,0.0024599849288614245,0.0005470515828055076
1932.0,100.0,0.7260064412238337,12.819897901227403,0.7260064412238337,12.826830229264885,0.0025107070624087835,0.00055696490010833
1933.0,100.0,0.7258051529790672,12.819803610774626,0.7258051529790672,12.826677793617337,0.002558955448312486,0.0005668617089764978
1934.0,100.0,0.7256038647343007,12.819709320321849,0.7256038647343007,12.826527727552278,0.0026048507326687535,0.0005767420369011535
1935.0,100.0,0.7254025764895342,12.819615029869071,0.7254025764895342,12.826379916280148,0.0026485076775942624,0.0005866059113276584
1936.0,100.0,0.7252012882447677,12.819520739416292,0.7252012882447677,12.826234250608447,0.0026900354481912137,0.0005964533596556703
1937.0,100.0,0.7250000000000012,12.819426448963515,0.7250000000000012,12.82609062666876,0.002729537885516949,0.0006062844092392186
1938.0,100.0,0.7247987117552347,12.819332158510738,0.7247987117552347,12.82594894565711,0.002767113766240684,0.0006160990873867806
1939.0,100.0,0.7245974235104682,12.819237868057959,0.7245974235104682,12.82580911358696,0.00280285704963663,0.0006258974213613575
1940.0,100.0,0.7243961352657017,12.819143577605184,0.7243961352657017,12.825671041054273,0.0028368571125311215,0.0006356794383805501
1941.0,100.0,0.7241948470209352,12.819049287152405,0.7241948470209352,12.825534643013997,0.0028691989727912368,0.000645445165616634
1942.0,100.0,0.7239935587761687,12.818954996699627,0.7239935587761687,12.825399838567517,0.0028999635019137486,0.0006551946301966358
1943.0,100.0,0.7237922705314022,12.81886070624685,0.7237922705314022,12.8252665507604,0.0029292276272459912,0.0006649278592024075
1944.0,100.0,0.7235909822866357,12.818766415794071,0.7235909822866357,12.825134706390056,0.002957064524344297,0.0006746448796707029
1945.0,100.0,0.7233896940418691,12.818672125341294,0.7233896940418691,12.82500423582275,0.002983543799951004,0.0006843457185932516
1946.0,100.0,0.7231884057971026,12.818577834888517,0.7231884057971026,12.824875072819552,0.0030087316660475675,0.0006940304029168347
1947.0,100.0,0.7229871175523361,12.81848354443574,0.7229871175523361,12.824747154370776,0.003032691105419003,0.0007036989595433593
1948.0,100.0,0.7227858293075696,12.81838925398296,0.7227858293075696,12.824620420538487,0.003055482029143653,0.0007133514153299333
1949.0,100.0,0.7225845410628031,12.818294963530183,0.7225845410628031,12.824494814306693,0.0030771614264020917,0.0007229877970889402
1950.0,100.0,0.7223832528180366,12.818200673077406,0.7223832528180366,12.824370281438837,0.0030977835069797587,0.0007326081315881133
1951.0,100.0,0.7221819645732701,12.818106382624627,0.7221819645732701,12.824246770342258,0.0031173998368196603,0.0007422124455506101
1952.0,100.0,0.7219806763285036,12.818012092171852,0.7219806763285036,12.824124231939232,0.003136059466964086,0.0007518007656550867
1953.0,100.0,0.7217793880837371,12.817917801719073,0.7217793880837371,12.824002619544329,0.003153809056207764,0.0007613731185357718
1954.0,100.0,0.7215780998389706,12.817823511266294,0.7215780998389706,12.823881888747742,0.003170692987769152,0.0007709295307825407
1955.0,100.0,0.7213768115942041,12.817729220813519,0.7213768115942041,12.823761997304306,0.0031867534802716008,0.000780470028940989
1956.0,100.0,0.7211755233494376,12.81763493036074,0.7211755233494376,12.823642905027913,0.003202030693311903,0.0007899946395125068
1957.0,100.0,0.7209742351046711,12.817540639907962,0.7209742351046711,12.823524573691127,0.0032165628278802046,0.0007995033889543516
1958.0,100.0,0.7207729468599046,12.817446349455185,0.7207729468599046,12.823406966929621,0.003230386221882377,0.0008089963036797225
1959.0,100.0,0.720571658615138,12.817352059002408,0.720571658615138,12.823290050151346,0.00324353544100371,0.0008184734100578332
1960.0,100.0,0.7203703703703715,12.817257768549629,0.7203703703703715,12.823173790450074,0.0032560433651411297,0.0008279347344139853
1961.0,100.0,0.720169082125605,12.817163478096852,0.720169082125605,12.823058156523203,0.0032679412706200658,0.0008373803030296413
1962.0,100.0,0.7199677938808385,12.817070943734267,0.7199677938808385,12.822944874683724,0.003279258908401558,0.000846810142142498
1963.0,100.0,0.719766505636072,12.816987628845204,0.719766505636072,12.822841379988782,0.0032900245784751544,0.0008562242779465589
1964.0,100.0,0.7195652173913055,12.81690431395614,0.7195652173913055,12.822738426018924,0.003300265200623626,0.0008656227365922074
1965.0,100.0,0.719363929146539,12.816820999067076,0.719363929146539,12.822635987141153,0.003310006381736446,0.000875005544186279
1966.0,100.0,0.7191626409017725,12.816737684178014,0.7191626409017725,12.82253403897138,0.0033192724798403513,0.0008843727267921343
1967.0,100.0,0.718961352657006,12.81665436928895,0.718961352657006,12.822432558313512,0.003328086665007096,0.0008937243104297309
1968.0,100.0,0.7187600644122395,12.816571054399885,0.7187600644122395,12.82233152310152,0.0033364709772907013,0.0009030603210756961
1969.0,100.0,0.718558776167473,12.816487739510821,0.718558776167473,12.82223091234432,0.0033444463818390695,0.0009123807846633988
1970.0,100.0,0.7183574879227065,12.816404424621759,0.7183574879227065,12.822130706073358,0.0033520328213177742,0.0009216857270830215
1971.0,100.0,0.71815619967794,12.816321109732694,0.71815619967794,12.822030885292735,0.003359249265777112,0.0009309751741816326
1972.0,100.0,0.7179549114331735,12.81623779484363,0.7179549114331735,12.821931431931779,0.003366113760087109,0.0009402491517632577
1973.0,100.0,0.717753623188407,12.816154479954568,0.717753623188407,12.82183232879992,0.003372643469059096,0.0009495076855889516
1974.0,100.0,0.7175523349436405,12.816071165065502,0.7175523349436405,12.821733559543757,0.0033788547203666766,0.0009587508013768699
1975.0,100.0,0.717351046698874,12.815987850176437,0.717351046698874,12.821635108606262,0.0033847630453734154,0.00096797852480234
1976.0,100.0,0.7171497584541074,12.815904535287373,0.7171497584541074,12.821536961187908,0.003390383217969339,0.000977190881497933
1977.0,100.0,0.7169484702093409,12.81582122039831,0.7169484702093409,12.821439103209743,0.003395729291513354,0.0009863878970535346
1978.0,100.0,0.7167471819645744,12.815737905509247,0.7167471819645744,12.821341521278256,0.0034008146339739656,0.0009955695970164159
1979.0,100.0,0.7165458937198079,12.815654590620182,0.7165458937198079,12.821244202651934,0.0034056519613561626,0.001004736006891305
1980.0,100.0,0.7163446054750414,12.81557127573112,0.7163446054750414,12.82114713520948,0.0034102533694980513,0.0010138871521404578
1981.0,100.0,0.7161433172302749,12.815487960842056,0.7161433172302749,12.821050307419556,0.003414630364316753,0.0010230230581837277
1982.0,100.0,0.7159420289855084,12.815404645952992,0.7159420289855084,12.820953708312013,0.0034187938905791892,0.0010321437503986374
1983.0,100.0,0.7157407407407419,12.815321331063927,0.7157407407407419,12.82085732745054,0.0034227543592697,0.0010412492541204492
1984.0,100.0,0.7155394524959754,12.815238016174865,0.7155394524959754,12.8207611549066,0.0034265216736229275,0.0010503395946422347
1985.0,100.0,0.7153381642512089,12.8151547012858,0.7153381642512089,12.820665181234698,0.0034301052538870617,0.0010594147972149456
1986.0,100.0,0.7151368760064424,12.815071386396736,0.7151368760064424,12.82056939744881,0.003433514060879366,0.0010684748870474837
1987.0,100.0,0.7149355877616759,12.814988071507674,0.7149355877616759,12.820473794999973,0.00343675661839289,0.001077519889306771
1988.0,100.0,0.7147342995169094,12.81490475661861,0.7147342995169094,12.820378365754982,0.0034398410345103892,0.00108654982911782
1989.0,100.0,0.7145330112721429,12.814821441729546,0.7145330112721429,12.820283101976102,0.003442775021878759,0.0010955647315638022
1990.0,100.0,0.7143317230273764,12.814738126840481,0.7143317230273764,12.8201879963018,0.003445565916994666,0.0011045646216861192
1991.0,100.0,0.7141304347826098,12.814654811951419,0.7141304347826098,12.820093041728384,0.0034482206985496115,0.0011135495244844716
1992.0,100.0,0.7139291465378433,12.814571497062355,0.7139291465378433,12.819998231592557,0.0034507460048802978,0.0011225194649169285
1993.0,100.0,0.7137278582930768,12.814488182173289,0.7137278582930768,12.81990355955482,0.0034531481505679245,0.001131474467899997
1994.0,100.0,0.7135265700483103,12.814404867284225,0.7135265700483103,12.819809019583689,0.0034554331422279325,0.0011404145583086907
1995.0,100.0,0.7133252818035438,12.814321552395162,0.7133252818035438,12.819714605940655,0.003457606693529671,0.0011493397609766004
1996.0,100.0,0.7131239935587773,12.814238237506098,0.7131239935587773,12.819620313165919,0.0034596742394835465,0.0011582501006959611
1997.0,100.0,0.7129227053140108,12.814154922617034,0.7129227053140108,12.819526136064786,0.00346164095003138,0.0011671456022177224
1998.0,100.0,0.7127214170692443,12.814071607727971,0.7127214170692443,12.819432069694747,0.0034635117429739556,0.0011760262902516163
1999.0,100.0,0.7125201288244778,12.813988292838907,0.7125201288244778,12.819338109353174,0.0034652912962680814,0.0011848921894662265
2000.0,100.0,0.7123188405797113,12.813904977949843,0.7123188405797113,12.81924425056563,0.003466984059723921,0.0011937433244890564
2001.0,100.0,0.7121175523349448,12.813821663060779,0.7121175523349448,12.819150489074742,0.003468594266131835,0.001202579719906598
2002.0,100.0,0.7119162640901783,12.813738348171716,0.7119162640901783,12.819056820829605,0.0034701259418465627,0.0012114014002643997
2003.0,100.0,0.7117149758454118,12.813655033282652,0.7117149758454118,12.818963241975728,0.0034715829168552046,0.0012202083900671348
2004.0,100.0,0.7115136876006453,12.813571718393588,0.7115136876006453,12.818869748845456,0.003472968834354187,0.0012290007137786697
2005.0,100.0,0.7113123993558788,12.813488403504525,0.7113123993558788,12.818776337948844,0.0034742871598591497,0.0012377783958221313
2006.0,100.0,0.7111111111111122,12.813405088615461,0.7111111111111122,12.818683005965012,0.00347554118987054,0.0012465414605799755
2007.0,100.0,0.7109098228663457,12.813321773726397,0.7109098228663457,12.818589749733887,0.0034767340601165814,0.0012552899323940545
2008.0,100.0,0.7107085346215792,12.813238458837333,0.7107085346215792,12.818496566248374,0.0034778687533942275,0.0012640238355656843
2009.0,100.0,0.7105072463768127,12.81315514394827,0.7105072463768127,12.818403452646887,0.0034789481070277074,0.001272743194355713
2010.0,100.0,0.7103059581320462,12.813071829059206,0.7103059581320462,12.818310406206257,0.0034799748199633154,0.001281448032984587
2011.0,100.0,0.7101046698872797,12.81298851417014,0.7101046698872797,12.81821742433499,0.0034809514595181812,0.0012901383756324192
2012.0,100.0,0.7099033816425132,12.812907251276336,0.7099033816425132,12.818126556562095,0.003481880467799901,0.001298814246439056
2013.0,100.0,0.7097020933977467,12.81282821137739,0.7097020933977467,12.818037971540072,0.0034827641678130774,0.001307475669504144
2014.0,100.0,0.7095008051529802,12.812749171478446,0.7095008051529802,12.81794944404029,0.0034836047692680424,0.0013161226688871974
2015.0,100.0,0.7092995169082137,12.8126701315795,0.7092995169082137,12.817860971936787,0.0034844043741062833,0.0013247552686076645
2016.0,100.0,0.7090982286634472,12.812591091680556,0.7090982286634472,12.817772553206154,0.0034851649817563913,0.0013333734926449946
2017.0,100.0,0.7088969404186807,12.81251205178161,0.7088969404186807,12.817684185922538,0.0034858884941336744,0.0013419773649387043
2018.0,100.0,0.7086956521739142,12.812433011882666,0.7086956521739142,12.81759586825288,0.0034865767203959364,0.0013505669093884444
2019.0,100.0,0.7084943639291477,12.81235397198372,0.7084943639291477,12.8175075984524,0.0034872313814673143,0.001359142149854066
2020.0,100.0,0.7082930756843812,12.812274932084776,0.7082930756843812,12.817419374860279,0.003487854114341484,0.0013677031101556874
2021.0,100.0,0.7080917874396147,12.81219589218583,0.7080917874396147,12.817331195895584,0.0034884464761749984,0.0013762498140737589
2022.0,100.0,0.7078904991948481,12.812116852286886,0.7078904991948481,12.817243060053356,0.003489009948180988,0.0013847822853491306
2023.0,100.0,0.7076892109500816,12.812037812387944,0.7076892109500816,12.817154965900928,0.0034895459393329683,0.0013933005476831168
2024.0,100.0,0.7074879227053151,12.811958772488998,0.7074879227053151,12.817066912074372,0.0034900557898880037,0.001401804624737563
2025.0,100.0,0.7072866344605486,12.811879732590054,0.7072866344605486,12.816978897275181,0.0034905407747380514,0.001410294540134911
2026.0,100.0,0.7070853462157821,12.811800692691108,0.7070853462157821,12.816890920267051,0.003491002106597854,0.0014187703174582645
2027.0,100.0,0.7068840579710156,12.811721652792164,0.7068840579710156,12.816802979872875,0.0034914409390373576,0.0014272319802514546
2028.0,100.0,0.7066827697262491,12.811642612893218,0.7066827697262491,12.816715074971833,0.003491858369366239,0.0014356795520191058
2029.0,100.0,0.7064814814814826,12.811563572994274,0.7064814814814826,12.816627204496669,0.00349225544137775,0.0014441130562267007
2030.0,100.0,0.7062801932367161,12.81148453309533,0.7062801932367161,12.816539367431071,0.003492633147958745,0.0014525325163006453
2031.0,100.0,0.7060789049919496,12.811405493196384,0.7060789049919496,12.816451562807183,0.003492992433572415,0.001460937955628334
2032.0,100.0,0.7058776167471831,12.81132645329744,0.7058776167471831,12.816363789703262,0.0034933341966199376,0.001469329397558215
2033.0,100.0,0.7056763285024166,12.811247413398494,0.7056763285024166,12.816276047241407,0.003493659291686948,0.0014777068653998545
2034.0,100.0,0.7054750402576501,12.81116837349955,0.7054750402576501,12.816188334585446,0.0034939685316804484,0.001486070382424002
2035.0,100.0,0.7052737520128836,12.811089333600604,0.7052737520128836,12.81610065093888,0.0034942626898614984,0.0014944199718626542
2036.0,100.0,0.705072463768117,12.81101029370166,0.705072463768117,12.816012995542971,0.0034945425017787707,0.0015027556569091208
2037.0,100.0,0.7048711755233505,12.810931253802714,0.7048711755233505,12.81592536767489,0.0034948086671078064,0.0015110774607180878
2038.0,100.0,0.704669887278584,12.81085221390377,0.704669887278584,12.815837766645963,0.003495061851400567,0.0015193854064056822
2039.0,100.0,0.7044685990338175,12.810773174004826,0.7044685990338175,12.815750191800026,0.0034953026877496624,0.0015276795170495363
2040.0,100.0,0.704267310789051,12.81069413410588,0.704267310789051,12.81566264251182,0.0034955317783714112,0.0015359598156888517
2041.0,100.0,0.7040660225442845,12.810615094206938,0.7040660225442845,12.815575118185501,0.003495749696111696,0.0015442263253244632
2042.0,100.0,0.703864734299518,12.810536054307992,0.703864734299518,12.815487618253195,0.003495956985878375,0.001552479068918903
2043.0,100.0,0.7036634460547515,12.810457014409048,0.7036634460547515,12.815400142173646,0.0034961541660038383,0.001560718069396464
2044.0,100.0,0.703462157809985,12.810377974510102,0.703462157809985,12.815312689430918,0.0034963417295411055,0.0015689433496432642
2045.0,100.0,0.7032608695652185,12.810298934611158,0.7032608695652185,12.815225259533154,0.0034965201454967175,0.001577154932507309
2046.0,100.0,0.703059581320452,12.810219894712212,0.703059581320452,12.81513785201141,0.0034966898600034962,0.0015853528407985568
2047.0,100.0,0.7028582930756855,12.810140854813268,0.7028582930756855,12.815050466418542,0.0034968512974361088,0.00159353709728898
2048.0,100.0,0.702657004830919,12.810061814914324,0.702657004830919,12.814963102328138,0.0034970048614722258,0.0016017077247126295
2049.0,100.0,0.7024557165861525,12.809982775015378,0.7024557165861525,12.81487575933351,0.0034971509361019252,0.001609864745765698
2050.0,100.0,0.702254428341386,12.809903735116434,0.702254428341386,12.81478843704674,0.0034972898865878684,0.0016180081831065826
2051.0,100.0,0.7020531400966195,12.809824695217488,0.7020531400966195,12.814701135097753,0.003497422060378646,0.001626138059355948
2052.0,100.0,0.701851851851853,12.809745655318544,0.701851851851853,12.81461385313347,0.0034975477879775818,0.0016342543970967885
2053.0,100.0,0.7016505636070864,12.809666615419598,0.7016505636070864,12.814526590816953,0.0034976673837691613,0.0016423572188744924
2054.0,100.0,0.7014492753623199,12.809587575520654,0.7014492753623199,12.814439347826651,0.003497781146805158,0.001650446547196903
2055.0,100.0,0.7012479871175534,12.809508535621708,0.7012479871175534,12.814352123855622,0.0034978893615524188,0.001658522404534382
2056.0,100.0,0.7010466988727869,12.809429495722764,0.7010466988727869,12.81426491861084,0.003497992298604178,0.0016665848133198718
2057.0,100.0,0.7008454106280204,12.80935045582382,0.7008454106280204,12.814177731812514,0.0034980902153566827,0.0016746337959489572
2058.0,100.0,0.7006441223832539,12.809271415924874,0.7006441223832539,12.81409056319344,0.003498183356652817,0.0016826693747799286
2059.0,100.0,0.7004428341384874,12.80919237602593,0.7004428341384874,12.814003412498401,0.003498271955394336,0.0016906915721338436
2060.0,100.0,0.7002415458937209,12.809113336126986,0.7002415458937209,12.813916279483568,0.0034983562331242423,0.0016987004102945887
2061.0,100.0,0.7000402576489544,12.809034296228042,0.7000402576489544,12.813829163915953,0.0034984364005807597,0.0017066959115089417
2062.0,100.0,0.6998389694041879,12.80895766905198,0.6998389694041879,12.813744478295769,0.0034985126582242863,0.0017146780979866336
2063.0,100.0,0.6996376811594214,12.808881645056642,0.6996376811594214,12.813660412868002,0.0034985851967386516,0.0017226469919004097
2064.0,100.0,0.6994363929146549,12.808805621061303,0.6994363929146549,12.81357636424841,0.0034986541975079257,0.0017306026153860912
2065.0,100.0,0.6992351046698884,12.808729597065962,0.6992351046698884,12.81349233224235,0.0034987198330699723,0.0017385449905426376
2066.0,100.0,0.6990338164251219,12.808653573070623,0.6990338164251219,12.813408316663644,0.0034987822675478846,0.0017464741394322071
2067.0,100.0,0.6988325281803554,12.808577549075284,0.6988325281803554,12.813324317334143,0.0034988416570603783,0.0017543900840802187
2068.0,100.0,0.6986312399355888,12.808501525079945,0.6986312399355888,12.813240334083357,0.003498898150112169,0.0017622928464754123
2069.0,100.0,0.6984299516908223,12.808425501084606,0.6984299516908223,12.813156366748071,0.003498951887965312,0.001770182448569911
2070.0,100.0,0.6982286634460558,12.808349477089266,0.6982286634460558,12.813072415171993,0.0034990030049924315,0.0017780589122792809
2071.0,100.0,0.6980273752012893,12.808273453093927,0.6980273752012893,12.812988479205432,0.0034990516290127204,0.0017859222594825933
2072.0,100.0,0.6978260869565228,12.808197429098588,0.6978260869565228,12.812904558704954,0.003499097881611557,0.0017937725120224842
2073.0,100.0,0.6976247987117563,12.808121405103249,0.6976247987117563,12.812820653533098,0.0034991418784445297,0.0018016096917052157
2074.0,100.0,0.6974235104669898,12.808045381107908,0.6974235104669898,12.812736763558082,0.003499183729526638,0.0018094338203007365
2075.0,100.0,0.6972222222222233,12.807969357112569,0.6972222222222233,12.812652888653519,0.0034992235395073868,0.0018172449195427418
2076.0,100.0,0.6970209339774568,12.80789333311723,0.6970209339774568,12.812569028698167,0.003499261407932464,0.001825043011128735
2077.0,100.0,0.6968196457326903,12.807817309121893,0.6968196457326903,12.81248518357568,0.003499297429492657,0.0018328281167200864
2078.0,100.0,0.6966183574879238,12.807741285126554,0.6966183574879238,12.81240135317435,0.0034993316942606286,0.0018406002579420943
2079.0,100.0,0.6964170692431573,12.807665261131213,0.6964170692431573,12.812317537386912,0.003499364287916147,0.0018483594563840449
2080.0,100.0,0.6962157809983908,12.807589237135874,0.6962157809983908,12.812233736110313,0.0034993952919603285,0.0018561057335992723
2081.0,100.0,0.6960144927536243,12.807513213140535,0.6960144927536243,12.812149949245509,0.003499424783919432,0.001863839111105218
2082.0,100.0,0.6958132045088578,12.807437189145196,0.6958132045088578,12.812066176697273,0.0034994528375387178,0.0018715596103834914
2083.0,100.0,0.6956119162640912,12.807361165149857,0.6956119162640912,12.81198241837401,0.003499479522966846,0.0018792672528799286
2084.0,100.0,0.6954106280193247,12.807285141154516,0.6954106280193247,12.81189867418758,0.0034995049069312867,0.0018869620600046526
2085.0,100.0,0.6952093397745582,12.807209117159177,0.6952093397745582,12.81181494405314,0.0034995290529051732,0.0018946440531321326
2086.0,100.0,0.6950080515297917,12.807133093163838,0.6950080515297917,12.81173122788897,0.0034995520212660176,0.0019023132536012434
2087.0,100.0,0.6948067632850252,12.807057069168499,0.6948067632850252,12.811647525616337,0.003499573869446685,0.0019099696827153245
2088.0,100.0,0.6946054750402587,12.806981045173158,0.6946054750402587,12.811563837159339,0.003499594652079008,0.0019176133617422395
2089.0,100.0,0.6944041867954922,12.806905021177819,0.6944041867954922,12.811480162444774,0.003499614421130392,0.0019252443119144353
2090.0,100.0,0.6942028985507257,12.806828997182482,0.6942028985507257,12.811396501402019,0.003499633226033763,0.0019328625544290001
2091.0,100.0,0.6940016103059592,12.806752973187143,0.6940016103059592,12.811312853962884,0.0034996511138111744,0.001940468110447724
2092.0,100.0,0.6938003220611927,12.806676949191804,0.6938003220611927,12.811229220061515,0.003499668129191387,0.001948061001097156
2093.0,100.0,0.6935990338164262,12.806600925196463,0.6935990338164262,12.811145599634274,0.0034996843147217143,0.0019556412474686646
2094.0,100.0,0.6933977455716597,12.806524901201124,0.6933977455716597,12.811061992619631,0.003499699710874413,0.001963208870618494
2095.0,100.0,0.6931964573268932,12.806448877205785,0.6931964573268932,12.810978398958069,0.003499714356147884,0.0019707638915678247
2096.0,100.0,0.6929951690821267,12.806372853210446,0.6929951690821267,12.81089481859198,0.0034997282871629394,0.0019783063313028306
2097.0,100.0,0.6927938808373602,12.806296829215107,0.6927938808373602,12.810811251465578,0.0034997415387543734,0.0019858362107747383
2098.0,100.0,0.6925925925925936,12.806220805219766,0.6925925925925936,12.810727697524808,0.0034997541440580666,0.001993353550899884
2099.0,100.0,0.6923913043478271,12.806144781224427,0.6923913043478271,12.810644156717274,0.0034997661345938444,0.0020008583725597737
2100.0,100.0,0.6921900161030606,12.806068757229088,0.6921900161030606,12.810560628992143,0.003499777540344292,0.0020083506966011386
2101.0,100.0,0.6919887278582941,12.805992733233749,0.6919887278582941,12.810477114300083,0.003499788389829726,0.0020158305438359946
2102.0,100.0,0.6917874396135276,12.805916709238408,0.6917874396135276,12.810393612593188,0.0034997987101795117,0.0020232979350417
2103.0,100.0,0.6915861513687611,12.805840685243071,0.6915861513687611,12.810310123824909,0.003499808527199899,0.0020307528909610136
2104.0,100.0,0.6913848631239946,12.805764661247732,0.6913848631239946,12.81022664794999,0.003499817865438552,0.0020381954323021503
2105.0,100.0,0.6911835748792281,12.805688637252393,0.6911835748792281,12.810143184924408,0.003499826748245932,0.0020456255797388413
2106.0,100.0,0.6909822866344616,12.805612613257054,0.6909822866344616,12.810059734705309,0.003499835197833684,0.0020530433539103893
2107.0,100.0,0.6907809983896951,12.805536589261713,0.6907809983896951,12.809976297250962,0.003499843235330179,0.002060448775421728
2108.0,100.0,0.6905797101449286,12.805460565266374,0.6905797101449286,12.809892872520697,0.003499850880833344,0.0020678418648434767
2109.0,100.0,0.6903784219001621,12.805384541271035,0.6903784219001621,12.809809460474861,0.0034998581534609195,0.002075222642712
2110.0,100.0,0.6901771336553956,12.805308517275696,0.6901771336553956,12.809726061074768,0.0034998650713982627,0.002082591129529464
2111.0,100.0,0.6899758454106291,12.805232764645355,0.6899758454106291,12.809642945647647,0.0034998716519438204,0.0020899473457638915
2112.0,100.0,0.6897745571658626,12.805159002025,0.6897745571658626,12.809561832801599,0.0034998779115523846,0.0020972913118492216
2113.0,100.0,0.689573268921096,12.805085239404647,0.689573268921096,12.809480732490586,0.0034998838658762362,0.002104623048185365
2114.0,100.0,0.6893719806763295,12.805011476784292,0.6893719806763295,12.809399644679349,0.003499889529804287,0.0021119425751382603
2115.0,100.0,0.689170692431563,12.804937714163938,0.689170692431563,12.809318569333398,0.0034998949174993074,0.0021192499130399316
2116.0,100.0,0.6889694041867965,12.804863951543586,0.6889694041867965,12.809237506418965,0.003499900042433341,0.0021265450821885442
2117.0,100.0,0.68876811594203,12.804790188923231,0.68876811594203,12.809156455902961,0.003499904917421392,0.0021338281028484623
2118.0,100.0,0.6885668276972635,12.804716426302877,0.6885668276972635,12.809075417752972,0.0034999095546534706,0.002141098995250303
2119.0,100.0,0.688365539452497,12.804642663682523,0.688365539452497,12.808994391937206,0.003499913965725072,0.0021483577795909942
2120.0,100.0,0.6881642512077305,12.804568901062169,0.6881642512077305,12.808913378424469,0.0034999181616661725,0.0021556044760338306
2121.0,100.0,0.687962962962964,12.804495138441814,0.687962962962964,12.808832377184139,0.003499922152968811,0.0021628391047085293
2122.0,100.0,0.6877616747181975,12.80442137582146,0.6877616747181975,12.808751388186135,0.003499925949613323,0.0021700616857112855
2123.0,100.0,0.687560386473431,12.804347613201106,0.687560386473431,12.808670411400907,0.003499929561093297,0.002177272239104829
2124.0,100.0,0.6873590982286645,12.804273850580753,0.6873590982286645,12.808589446799397,0.003499932996439314,0.002184470784918479
2125.0,100.0,0.687157809983898,12.8042000879604,0.687157809983898,12.80850849435301,0.003499936264241529,0.0021916573431482018
2126.0,100.0,0.6869565217391315,12.804126325340045,0.6869565217391315,12.808427554033615,0.0034999393726711497,0.0021988319337566628
2127.0,100.0,0.686755233494365,12.804052562719692,0.686755233494365,12.808346625813517,0.0034999423295008687,0.0022059945766732853
2128.0,100.0,0.6865539452495985,12.803978800099337,0.6865539452495985,12.808265709665418,0.0034999451421243006,0.002213145291794304
2129.0,100.0,0.686352657004832,12.803905037478982,0.686352657004832,12.808184805562425,0.003499947817574469,0.0022202840989828214
2130.0,100.0,0.6861513687600654,12.803831274858629,0.6861513687600654,12.808103913478018,0.0034999503625413927,0.002227411018068862
2131.0,100.0,0.6859500805152989,12.803757512238274,0.6859500805152989,12.808023033386036,0.003499952783388815,0.002234526068849427
2132.0,100.0,0.6857487922705324,12.803683749617921,0.6857487922705324,12.807942165260663,0.0034999550861701152,0.0022416292710885524
2133.0,100.0,0.6855475040257659,12.803609986997568,0.6855475040257659,12.807861309076406,0.0034999572766434466,0.002248720644517359
2134.0,100.0,0.6853462157809994,12.803536224377213,0.6853462157809994,12.807780464808092,0.003499959360286133,0.002255800208834111
2135.0,100.0,0.6851449275362329,12.803462461756858,0.6851449275362329,12.807699632430845,0.0034999613423083663,0.00226286798370427
2136.0,100.0,0.6849436392914664,12.803388699136505,0.6849436392914664,12.807618811920078,0.0034999632276662344,0.002269923988760548
2137.0,100.0,0.6847423510466999,12.80331493651615,0.6847423510466999,12.807538003251473,0.0034999650210741145,0.0022769682436029636
2138.0,100.0,0.6845410628019334,12.803241173895795,0.6845410628019334,12.807457206400981,0.0034999667270164602,0.002284000767798896
2139.0,100.0,0.6843397745571669,12.803167411275442,0.6843397745571669,12.8073764213448,0.003499968349759016,0.002291021580883139
2140.0,100.0,0.6841384863124004,12.803093648655087,0.6841384863124004,12.80729564805937,0.0034999698933594835,0.0022980307023579565
2141.0,100.0,0.6839371980676339,12.803019886034734,0.6839371980676339,12.807214886521367,0.0034999713616776676,0.002305028151693134
2142.0,100.0,0.6837359098228674,12.802946123414381,0.6837359098228674,12.807134136707669,0.003499972758385129,0.0023120139483260352
2143.0,100.0,0.6835346215781009,12.802872360794026,0.6835346215781009,12.80705339859539,0.003499974086974364,0.0023189881116616557
2144.0,100.0,0.6833333333333343,12.802798598173672,0.6833333333333343,12.806972672161834,0.0034999753507675368,0.0023259506610726756
2145.0,100.0,0.6831320450885678,12.802724835553319,0.6831320450885678,12.806891957384494,0.0034999765529247894,0.0023329016158995146
2146.0,100.0,0.6829307568438013,12.802651072932964,0.6829307568438013,12.806811254241062,0.0034999776964521412,0.002339840995450385
2147.0,100.0,0.6827294685990348,12.80257731031261,0.6827294685990348,12.8067305627094,0.003499978784209006,0.0023467688190013454
2148.0,100.0,0.6825281803542683,12.802503547692256,0.6825281803542683,12.806649882767545,0.003499979818915342,0.002353685105796355
2149.0,100.0,0.6823268921095018,12.802429785071903,0.6823268921095018,12.806569214393695,0.003499980803158455,0.0023605898750473256
2150.0,100.0,0.6821256038647353,12.80235602245155,0.6821256038647353,12.806488557566217,0.0034999817393994645,0.0023674831459341763
2151.0,100.0,0.6819243156199688,12.802282259831195,0.6819243156199688,12.80640791226361,0.0034999826299794614,0.0023743649376048864
2152.0,100.0,0.6817230273752023,12.80220849721084,0.6817230273752023,12.806327278464538,0.0034999834771253595,0.002381235269175548
2153.0,100.0,0.6815217391304358,12.802134734590487,0.6815217391304358,12.8062466561478,0.0034999842829554644,0.00238809415973042
2154.0,100.0,0.6813204508856693,12.802060971970132,0.6813204508856693,12.806166045292324,0.0034999850494847715,0.002394941628321981
2155.0,100.0,0.6811191626409028,12.801987209349777,0.6811191626409028,12.806085445877176,0.003499985778630003,0.002401777693970981
2156.0,100.0,0.6809178743961363,12.801913446729424,0.6809178743961363,12.806004857881543,0.003499986472214402,0.0024086023756664954
2157.0,100.0,0.6807165861513698,12.801839684109071,0.6807165861513698,12.805924281284732,0.0034999871319722907,0.002415415692365978
2158.0,100.0,0.6805152979066033,12.801765921488716,0.6805152979066033,12.805843716066168,0.0034999877595534076,0.002422217662995313
2159.0,100.0,0.6803140096618367,12.801692158868363,0.6803140096618367,12.805763162205388,0.003499988356527032,0.002429008306448868
2160.0,100.0,0.6801127214170702,12.801618396248008,0.6801127214170702,12.805682619682033,0.0034999889243859093,0.002435787641589545
2161.0,100.0,0.6799114331723037,12.801538377942915,0.6799114331723037,12.805595832791116,0.0034999894645499825,0.0024425556872488354
2162.0,100.0,0.6797101449275372,12.80145039785724,0.6797101449275372,12.805501095416643,0.003499989978369943,0.0024493124622268704
2163.0,100.0,0.6795088566827707,12.801362417771568,0.6795088566827707,12.805406369319146,0.003499990467130608,0.0024560579852924737
2164.0,100.0,0.6793075684380042,12.801274437685892,0.6793075684380042,12.805311654478654,0.0034999909320541345,0.0024627922751832136
2165.0,100.0,0.6791062801932377,12.80118645760022,0.6791062801932377,12.80521695087531,0.003499991374303073,0.0024695153506054555
2166.0,100.0,0.6789049919484712,12.801098477514545,0.6789049919484712,12.805122258489327,0.003499991794983276,0.002476227230234413
2167.0,100.0,0.6787037037037047,12.801010497428873,0.6787037037037047,12.805027577301011,0.0034999921951466635,0.0024829279327142004
2168.0,100.0,0.6785024154589382,12.800922517343198,0.6785024154589382,12.804932907290747,0.003499992575793852,0.0024896174766578846
2169.0,100.0,0.6783011272141717,12.800834537257526,0.6783011272141717,12.804838248439001,0.0034999929378766587,0.002496295880647536
2170.0,100.0,0.6780998389694052,12.800746557171852,0.6780998389694052,12.804743600726317,0.003499993282300478,0.002502963163234282
2171.0,100.0,0.6778985507246387,12.800658577086178,0.6778985507246387,12.804648964133314,0.0034999936099265497,0.0025096193429383555
2172.0,100.0,0.6776972624798722,12.800570597000505,0.6776972624798722,12.804554338640681,0.003499993921574109,0.002516264438249149
2173.0,100.0,0.6774959742351057,12.800482616914831,0.6774959742351057,12.804459724229183,0.0034999942180224375,0.0025228984676252653
2174.0,100.0,0.6772946859903392,12.800394636829157,0.6772946859903392,12.80436512087965,0.0034999945000128104,0.0025295214494945677
2175.0,100.0,0.6770933977455726,12.800306656743484,0.6770933977455726,12.80427052857298,0.0034999947682503507,0.0025361334022542324
2176.0,100.0,0.6768921095008061,12.80021867665781,0.6768921095008061,12.804175947290133,0.0034999950234057917,0.002542734344270799
2177.0,100.0,0.6766908212560396,12.800130696572136,0.6766908212560396,12.804081377012139,0.0034999952661171553,0.0025493242938802218
2178.0,100.0,0.6764895330112731,12.800042716486463,0.6764895330112731,12.803986817720084,0.0034999954969913457,0.0025559032693879204
2179.0,100.0,0.6762882447665066,12.799954736400789,0.6762882447665066,12.803892269395114,0.003499995716605669,0.002562471289068831
2180.0,100.0,0.6760869565217401,12.799866756315115,0.6760869565217401,12.803797732018438,0.0034999959255092757,0.0025690283711674576
2181.0,100.0,0.6758856682769736,12.799778776229443,0.6758856682769736,12.80370320557132,0.003499996124224533,0.002575574533897921
2182.0,100.0,0.6756843800322071,12.799690796143768,0.6756843800322071,12.803608690035075,0.003499996313248333,0.0025821097954440105
2183.0,100.0,0.6754830917874406,12.799602816058096,0.6754830917874406,12.803514185391084,0.0034999964930533334,0.002588634173959235
2184.0,100.0,0.6752818035426741,12.79951483597242,0.6752818035426741,12.803419691620764,0.0034999966640891405,0.002595147687566872
2185.0,100.0,0.6750805152979076,12.799426855886749,0.6750805152979076,12.803325208705605,0.0034999968267834325,0.002601650354360019
2186.0,100.0,0.6748792270531411,12.799338875801073,0.6748792270531411,12.803230736627128,0.0034999969815430305,0.0026081421924016436
2187.0,100.0,0.6746779388083746,12.799250895715401,0.6746779388083746,12.803136275366922,0.0034999971287549138,0.002614623219724634
2188.0,100.0,0.6744766505636081,12.799162915629726,0.6744766505636081,12.803041824906607,0.003499997268787189,0.002621093454331847
2189.0,100.0,0.6742753623188416,12.799074935544054,0.6742753623188416,12.802947385227867,0.0034999974019900093,0.0026275529141961615
2190.0,100.0,0.674074074074075,12.798986955458378,0.674074074074075,12.802852956312423,0.0034999975286964516,0.0026340016172605256
2191.0,100.0,0.6738727858293085,12.798898975372706,0.6738727858293085,12.802758538142045,0.0034999976492233477,0.002640439581438007
2192.0,100.0,0.673671497584542,12.798810995287033,0.673671497584542,12.802664130698549,0.003499997763872078,0.0026468668246118444
2193.0,100.0,0.6734702093397755,12.79872301520136,0.6734702093397755,12.802569733963795,0.0034999978729293234,0.0026532833646354947
2194.0,100.0,0.673268921095009,12.798635035115685,0.673268921095009,12.802475347919684,0.0034999979766677843,0.002659689219332684
2195.0,100.0,0.6730676328502425,12.798547055030012,0.6730676328502425,12.802380972548168,0.003499998075346861,0.002666084406497458
2196.0,100.0,0.672866344605476,12.798459074944338,0.672866344605476,12.802286607831231,0.003499998169213302,0.002672468943894229
2197.0,100.0,0.6726650563607095,12.798371094858664,0.6726650563607095,12.802192253750905,0.0034999982585018226,0.002678842849257828
2198.0,100.0,0.672463768115943,12.79828311477299,0.672463768115943,12.80209791028926,0.0034999983434356907,0.002685206140293551
2199.0,100.0,0.6722624798711765,12.798195134687317,0.6722624798711765,12.802003577428414,0.0034999984242272855,0.0026915588346772107
2200.0,100.0,0.67206119162641,12.798107154601643,0.67206119162641,12.801909255150509,0.0034999985010786276,0.0026979009500551847
2201.0,100.0,0.6718599033816435,12.79801917451597,0.6718599033816435,12.801814943437744,0.0034999985741818855,0.002704232504044464
2202.0,100.0,0.671658615136877,12.797931194430296,0.671658615136877,12.801720642272343,0.0034999986437198555,0.002710553514232703
2203.0,100.0,0.6714573268921105,12.797843214344624,0.6714573268921105,12.80162635163658,0.0034999987098664185,0.002716863998178267
2204.0,100.0,0.671256038647344,12.797755234258949,0.671256038647344,12.801532071512751,0.0034999987727869757,0.002723163973410282
2205.0,100.0,0.6710547504025774,12.797667254173277,0.6710547504025774,12.801437801883209,0.003499998832638861,0.0027294534574286836
2206.0,100.0,0.6708534621578109,12.797579274087601,0.6708534621578109,12.801343542730326,0.003499998889571735,0.002735732467704265
2207.0,100.0,0.6706521739130444,12.79749129400193,0.6706521739130444,12.801249294036523,0.0034999989437279606,0.0027420010216787248
2208.0,100.0,0.6704508856682779,12.797403313916254,0.6704508856682779,12.801155055784246,0.0034999989952429556,0.0027482591367647175
2209.0,100.0,0.6702495974235114,12.797315333830582,0.6702495974235114,12.80106082795599,0.003499999044245535,0.0027545068303458996
2210.0,100.0,0.6700483091787449,12.797227353744907,0.6700483091787449,12.800966610534271,0.00349999909085823,0.00276074411977698
2211.0,100.0,0.6698470209339784,12.797134943242881,0.6698470209339784,12.800867973085301,0.003499999135197597,0.0027669710223837663
2212.0,100.0,0.6696457326892119,12.797041133662008,0.6696457326892119,12.800767946929168,0.003499999177374508,0.002773187555463215
2213.0,100.0,0.6694444444444454,12.796947324081131,0.6694444444444454,12.800667931127354,0.0034999992174944267,0.0027793937362834763
2214.0,100.0,0.6692431561996789,12.796853514500256,0.6692431561996789,12.800567925662515,0.0034999992556576736,0.0027855895820839464
2215.0,100.0,0.6690418679549124,12.796759704919383,0.6690418679549124,12.800467930517348,0.003499999291959677,0.0027917751100753115
2216.0,100.0,0.6688405797101459,12.796665895338508,0.6688405797101459,12.800367945674576,0.003499999326491211,0.002797950337439598
2217.0,100.0,0.6686392914653794,12.796572085757633,0.6686392914653794,12.800267971116964,0.003499999359338622,0.0028041152813302194
2218.0,100.0,0.6684380032206129,12.796478276176757,0.6684380032206129,12.8001680068273,0.0034999993905840457,0.0028102699588720237
2219.0,100.0,0.6682367149758464,12.796384466595883,0.6682367149758464,12.800068052788415,0.0034999994203056125,0.002816414387161341
2220.0,100.0,0.6680354267310799,12.796290657015009,0.6680354267310799,12.799968108983165,0.0034999994485776413,0.0028225485832660316
2221.0,100.0,0.6678341384863133,12.796196847434134,0.6678341384863133,12.799868175394437,0.003499999475470827,0.002828672564225534
2222.0,100.0,0.6676328502415468,12.796103037853259,0.6676328502415468,12.799768252005157,0.0034999995010524163,0.002834786347050909
2223.0,100.0,0.6674315619967803,12.796009228272386,0.6674315619967803,12.799668338798273,0.003499999525386377,0.0028408899487248917
2224.0,100.0,0.6672302737520138,12.795915418691509,0.6672302737520138,12.799568435756772,0.0034999995485335564,0.0028469833862019346
2225.0,100.0,0.6670289855072473,12.795821609110634,0.6670289855072473,12.799468542863673,0.0034999995705518347,0.0028530666764082567
2226.0,100.0,0.6668276972624808,12.795727799529761,0.6668276972624808,12.799368660102024,0.003499999591496269,0.0028591398362418905
2227.0,100.0,0.6666264090177143,12.795633989948886,0.6666264090177143,12.799268787454894,0.0034999996114192305,0.0028652028825727287
2228.0,100.0,0.6664251207729478,12.795540180368011,0.6664251207729478,12.799168924905397,0.003499999630370538,0.00287125583224257
2229.0,100.0,0.6662238325281813,12.795446370787134,0.6662238325281813,12.799069072436671,0.0034999996483975793,0.0028772987020651676
2230.0,100.0,0.6660225442834148,12.795352561206261,0.6660225442834148,12.79896923003189,0.0034999996655454314,0.0028833315088262748
2231.0,100.0,0.6658212560386483,12.795258751625386,0.6658212560386483,12.798869397674245,0.003499999681856973,0.002889354269283692
2232.0,100.0,0.6656199677938818,12.795164942044511,0.6656199677938818,12.79876957534697,0.003499999697372991,0.0028953670001673135
2233.0,100.0,0.6654186795491153,12.795071132463637,0.6654186795491153,12.798669763033327,0.0034999997121322843,0.0029013697181791732
2234.0,100.0,0.6652173913043488,12.794977322882762,0.6652173913043488,12.798569960716597,0.0034999997261717583,0.002907362439993492
2235.0,100.0,0.6650161030595823,12.794883513301887,0.6650161030595823,12.798470168380103,0.003499999739526519,0.0029133451822567226
2236.0,100.0,0.6648148148148157,12.794789703721012,0.6648148148148157,12.798370386007194,0.0034999997522299608,0.0029193179615875976
2237.0,100.0,0.6646135265700492,12.794695894140137,0.6646135265700492,12.798270613581249,0.003499999764313848,0.0029252807945771746
2238.0,100.0,0.6644122383252827,12.794602084559264,0.6644122383252827,12.798170851085667,0.0034999997758083973,0.0029312336977888828
2239.0,100.0,0.6642109500805162,12.794508274978389,0.6642109500805162,12.798071098503888,0.0034999997867423507,0.0029371766877585677
2240.0,100.0,0.6640096618357497,12.794414465397512,0.6640096618357497,12.797971355819374,0.003499999797143049,0.0029431097809945387
2241.0,100.0,0.6638083735909832,12.79432065581664,0.6638083735909832,12.797871623015624,0.003499999807036499,0.0029490329939776145
2242.0,100.0,0.6636070853462167,12.794226846235764,0.6636070853462167,12.797771900076155,0.0034999998164474398,0.002954946343161168
2243.0,100.0,0.6634057971014502,12.79413303665489,0.6634057971014502,12.797672186984519,0.0034999998253994035,0.0029608498449711727
2244.0,100.0,0.6632045088566837,12.794039227074014,0.6632045088566837,12.797572483724293,0.003499999833914775,0.002966743515806249
2245.0,100.0,0.6630032206119172,12.79394541749314,0.6630032206119172,12.797472790279086,0.003499999842014847,0.002972627372037708
2246.0,100.0,0.6628019323671507,12.793851607912265,0.6628019323671507,12.797373106632536,0.0034999998497198736,0.0029785014300095997
2247.0,100.0,0.6626006441223842,12.79375779833139,0.6626006441223842,12.797273432768302,0.0034999998570491215,0.0029843657060387545
2248.0,100.0,0.6623993558776177,12.793663988750515,0.6623993558776177,12.797173768670081,0.003499999864020918,0.0029902202164148323
2249.0,100.0,0.6621980676328512,12.793570179169642,0.6621980676328512,12.797074114321587,0.003499999870652696,0.0029960649774003656
2250.0,100.0,0.6619967793880847,12.793476369588767,0.6619967793880847,12.796974469706575,0.0034999998769610382,0.0030019000052308054
2251.0,100.0,0.6617954911433181,12.79338256000789,0.6617954911433181,12.796874834808813,0.003499999882961719,0.0030077253161145657
2252.0,100.0,0.6615942028985516,12.793288750427017,0.6615942028985516,12.796775209612115,0.0034999998886697434,0.0030135409262330697
2253.0,100.0,0.6613929146537851,12.793194940846142,0.6613929146537851,12.796675594100302,0.003499999894099384,0.003019346851740794
2254.0,100.0,0.6611916264090186,12.793101131265267,0.6611916264090186,12.796575988257239,0.003499999899264218,0.0030251431087653124
2255.0,100.0,0.6609903381642521,12.793007321684392,0.6609903381642521,12.796476392066808,0.00349999990417716,0.003030929713407343
2256.0,100.0,0.6607890499194856,12.792913512103517,0.6607890499194856,12.796376805512926,0.003499999908850495,0.0030367066817407916
2257.0,100.0,0.6605877616747191,12.792819702522642,0.6605877616747191,12.796277228579532,0.0034999999132959087,0.0030424740298127958
2258.0,100.0,0.6603864734299526,12.792725892941768,0.6603864734299526,12.7961776612506,0.003499999917524517,0.0030482317736437708
2259.0,100.0,0.6601851851851861,12.792632083360893,0.6601851851851861,12.796078103510121,0.0034999999215468936,0.003053979929227453
2260.0,100.0,0.6599838969404196,12.792538729591751,0.6599838969404196,12.795979011153849,0.0034999999253730965,0.003059718512530945
2261.0,100.0,0.6597826086956531,12.792450617657536,0.6597826086956531,12.79588517018903,0.0034999999290126933,0.00306544753949476
2262.0,100.0,0.6595813204508866,12.792362505723322,0.6595813204508866,12.795791338764815,0.003499999932474785,0.0030711670260328647
2263.0,100.0,0.6593800322061201,12.792274393789105,0.6593800322061201,12.795697516865305,0.0034999999357680283,0.003076876988032726
2264.0,100.0,0.6591787439613536,12.792186281854892,0.6591787439613536,12.795603704474635,0.0034999999389006583,0.0030825774413553533
2265.0,100.0,0.6589774557165871,12.792098169920678,0.6589774557165871,12.795509901576962,0.003499999941880508,0.0030882684018353423
2266.0,100.0,0.6587761674718206,12.792010057986461,0.6587761674718206,12.795416108156465,0.003499999944715029,0.0030939498852809205
2267.0,100.0,0.658574879227054,12.791921946052247,0.658574879227054,12.795322324197361,0.003499999947411309,0.00309962190747399
2268.0,100.0,0.6583735909822875,12.791833834118034,0.6583735909822875,12.795228549683886,0.0034999999499760893,0.0031052844841701712
2269.0,100.0,0.658172302737521,12.791745722183817,0.658172302737521,12.795134784600302,0.003499999952415784,0.003110937631098848
2270.0,100.0,0.6579710144927545,12.791657610249603,0.6579710144927545,12.795041028930902,0.0034999999547364936,0.0031165813639632096
2271.0,100.0,0.657769726247988,12.791569498315386,0.657769726247988,12.794947282660004,0.0034999999569440207,0.003122215698440296
2272.0,100.0,0.6575684380032215,12.791481386381173,0.6575684380032215,12.794853545771948,0.0034999999590438853,0.003127840650181039
2273.0,100.0,0.657367149758455,12.791393274446959,0.657367149758455,12.794759818251107,0.0034999999610413383,0.003133456234810309
2274.0,100.0,0.6571658615136885,12.791305162512742,0.6571658615136885,12.794666100081875,0.0034999999629413744,0.003139062467926955
2275.0,100.0,0.656964573268922,12.791217050578528,0.656964573268922,12.794572391248675,0.0034999999647487446,0.0031446593651038514
2276.0,100.0,0.6567632850241555,12.791128938644315,0.6567632850241555,12.794478691735959,0.0034999999664679683,0.0031502469418879376
2277.0,100.0,0.656561996779389,12.791040826710098,0.656561996779389,12.794385001528195,0.0034999999681033446,0.003155825213800264
2278.0,100.0,0.6563607085346225,12.790952714775884,0.6563607085346225,12.794291320609888,0.0034999999696589627,0.003161394196336034
2279.0,100.0,0.656159420289856,12.790864602841669,0.656159420289856,12.794197648965566,0.003499999971138712,0.0031669539049646468
2280.0,100.0,0.6559581320450895,12.790776490907454,0.6559581320450895,12.794103986579778,0.0034999999725462937,0.0031725043551297416
2281.0,100.0,0.655756843800323,12.79068837897324,0.655756843800323,12.794010333437106,0.0034999999738852265,0.003178045562249239
2282.0,100.0,0.6555555555555564,12.790600267039023,0.6555555555555564,12.79391668952215,0.0034999999751588588,0.0031835775417153843
2283.0,100.0,0.6553542673107899,12.79051215510481,0.6553542673107899,12.793823054819546,0.0034999999763703753,0.0031891003088947907
2284.0,100.0,0.6551529790660234,12.790424043170596,0.6551529790660234,12.793729429313945,0.0034999999775228055,0.0031946138791284816
2285.0,100.0,0.6549516908212569,12.79033593123638,0.6549516908212569,12.79363581299003,0.003499999978619031,0.003200118267731934
2286.0,100.0,0.6547504025764904,12.790247819302165,0.6547504025764904,12.793542205832509,0.003499999979661793,0.003205613489995119
2287.0,100.0,0.6545491143317239,12.790159707367952,0.6545491143317239,12.793448607826114,0.0034999999806536986,0.003211099561182547
2288.0,100.0,0.6543478260869574,12.790071595433735,0.6543478260869574,12.793355018955603,0.0034999999815972286,0.0032165764965333076
2289.0,100.0,0.6541465378421909,12.78998348349952,0.6541465378421909,12.793261439205764,0.003499999982494742,0.0032220443112611144
2290.0,100.0,0.6539452495974244,12.789895371565304,0.6539452495974244,12.793167868561403,0.0034999999833484835,0.0032275030205543447
2291.0,100.0,0.6537439613526579,12.789807259631091,0.6537439613526579,12.793074307007354,0.0034999999841605874,0.0032329526395760834
2292.0,100.0,0.6535426731078914,12.789719147696877,0.6535426731078914,12.792980754528479,0.0034999999849330845,0.0032383931834641644
2293.0,100.0,0.6533413848631249,12.78963103576266,0.6533413848631249,12.792887211109662,0.0034999999856679064,0.0032438246673312135
2294.0,100.0,0.6531400966183584,12.789542923828446,0.6531400966183584,12.792793676735814,0.0034999999863668907,0.003249247106264689
2295.0,100.0,0.6529388083735919,12.789454811894233,0.6529388083735919,12.792700151391875,0.003499999987031785,0.003254660515326925
2296.0,100.0,0.6527375201288254,12.789366699960016,0.6527375201288254,12.792606635062796,0.003499999987664252,0.003260064909555173
2297.0,100.0,0.6525362318840588,12.789278588025802,0.6525362318840588,12.792513127733574,0.0034999999882658734,0.0032654603039616414
2298.0,100.0,0.6523349436392923,12.789190476091587,0.6523349436392923,12.792419629389215,0.0034999999888381535,0.0032708467135335413
2299.0,100.0,0.6521336553945258,12.789102364157372,0.6521336553945258,12.792326140014758,0.003499999989382523,0.0032762241532331244
2300.0,0.0,0.6519323671497593,13.160289221807872,0.6519323671497593,13.153507629179973,0.0034999999899003433,0.003281592637997727
2301.0,0.0,0.6519323671497593,13.160289221807872,0.6519323671497593,13.153683790959557,0.0033293029761454086,0.003276127872170912
2302.0,0.0,0.6519323671497593,13.160289221807872,0.6519323671497593,13.153851618647183,0.0031669309539873115,0.003270672206701404
2303.0,0.0,0.6519323671497593,13.160289221807872,0.6519323671497593,13.154011518272643,0.0030124779087948475,0.003265225626434573
2304.0,0.0,0.6519323671497593,13.160289221807872,0.6519323671497593,13.154163876064128,0.0028655576275040374,0.0032597881162410264
2305.0,0.0,0.6519323671497593,13.160289221807872,0.6519323671497593,13.154309059413972,0.002725802732884297,0.0032543596610165653
2306.0,0.0,0.6519323671497593,13.160289221807872,0.6519323671497593,13.154447417797286,0.0025928637649040034,0.003248940245682144
2307.0,0.0,0.6519323671497593,13.160289221807872,0.6519323671497593,13.154579283645791,0.0024664083068983897,0.0032435298551838276
2308.0,0.0,0.6519323671497593,13.160289221807872,0.6519323671497593,13.154704973179024,0.0023461201543547357,0.00323812847449275
2309.0,0.0,0.6519323671497593,13.160289221807872,0.6519323671497593,13.15482478719503,0.0022316985242363816,0.003232736088605073
2310.0,0.0,0.6519323671497593,13.160289221807872,0.6519323671497593,13.154939011822462,0.002122857302868466,0.0032273526825419424
2311.0,0.0,0.6519323671497593,13.160289221807872,0.6519323671497593,13.155047919236019,0.002019324330504709,0.00322197824134945
2312.0,0.0,0.6519323671497593,13.160289221807872,0.6519323671497593,13.155151768336989,0.001920840720786284,0.0032166127500985885
2313.0,0.0,0.6519323671497593,13.160289221807872,0.6519323671497593,13.155250805400595,0.0018271602133910737,0.003211256193885212
2314.0,0.0,0.6519323671497593,13.160289221807872,0.6519323671497593,13.155345264691789,0.0017380485582545928,0.003205908557829995
2315.0,0.0,0.6519323671497593,13.160289221807872,0.6519323671497593,13.155435369050972,0.0016532829298228121,0.0032005698270783883
2316.0,0.0,0.6519323671497593,13.160289221807872,0.6519323671497593,13.155521330451199,0.001572651369872208,0.0031952399868005817
2317.0,0.0,0.6519323671497593,13.160289221807872,0.6519323671497593,13.155603350528178,0.0014959522575037998,0.00318991902219146
2318.0,0.0,0.6519323671497593,13.160289221807872,0.6519323671497593,13.155681621084415,0.0014229938049858835,0.0031846069184705617
2319.0,0.0,0.6519323671497593,13.160289221807872,0.6519323671497593,13.155756324568804,0.0013535935781848031,0.0031793036608820406
2320.0,0.0,0.6519323671497593,13.160289221807872,0.6519323671497593,13.155827634532793,0.0012875780403845925,0.0031740092346946216
2321.0,0.0,0.6519323671497593,13.160289221807872,0.6519323671497593,13.155895716064316,0.001224782118354793,0.003168723625201562
2322.0,0.0,0.6519323671497593,13.160289221807872,0.6519323671497593,13.15596072620057,0.0011650487895813952,0.0031634468177206103
2323.0,0.0,0.6519323671497593,13.160289221807872,0.6519323671497593,13.156022814320648,0.001108228689628764,0.003158178797593964
2324.0,0.0,0.6519323671497593,13.160289221807872,0.6519323671497593,13.156082122519033,0.0010541797386507496,0.0031529195501882306
2325.0,0.0,0.6519323671497593,13.160289221807872,0.6519323671497593,13.156138785960861,0.0010027667861170657,0.003147669060894386
2326.0,0.0,0.6519323671497593,13.160289221807872,0.6519323671497593,13.156192933219877,0.000953861272866567,0.003142427315127735
2327.0,0.0,0.6519323671497593,13.160289221807872,0.6519323671497593,13.156244686599903,0.0009073409096423831,0.0031371942983278683
2328.0,0.0,0.6519323671497593,13.160289221807872,0.6519323671497593,13.156294162440608,0.0008630893713050784,0.0031319699959586255
2329.0,0.0,0.6519323671497593,13.160289221807872,0.6519323671497593,13.156341471408405,0.0008209960059592128,0.003126754393508052
2330.0,0.0,0.6519323671497593,13.160289221807872,0.6519323671497593,13.156386718773117,0.0007809555582659667,0.0031215474764883597
2331.0,0.0,0.6519323671497593,13.160289221807872,0.6519323671497593,13.156430004671186,0.0007428679062499693,0.0031163492304358874
2332.0,0.0,0.6519323671497593,13.160289221807872,0.6519323671497593,13.156471424356019,0.0007066378109422087,0.0031111596409110587
2333.0,0.0,0.6519323671497593,13.160289221807872,0.6519323671497593,13.156511068436142,0.0006721746782330014,0.0031059786934983444
2334.0,0.0,0.6519323671497593,13.160289221807872,0.6519323671497593,13.156549023101727,0.0006393923323395306,0.00310080637380622
2335.0,0.0,0.6519323671497593,13.160289221807872,0.6519323671497593,13.156585370340084,0.000608208800321501,0.003095642667467128
2336.0,0.0,0.6519323671497593,13.160289221807872,0.6519323671497593,13.156620188140629,0.000578546107106091,0.0030904875601374363
2337.0,0.0,0.6519323671497593,13.160289221807872,0.6519323671497593,13.156653550689866,0.0005503300805096554,0.0030853410374973985
2338.0,0.0,0.6519323671497593,13.160289221807872,0.6519323671497593,13.156685528556853,0.0005234901657686311,0.0030802030852511157
2339.0,0.0,0.6519323671497593,13.160289221807872,0.6519323671497593,13.15671618886963,0.0004979592491158783,0.003075073689126495
2340.0,0.0,0.6519323671497593,13.160289221807872,0.6519323671497593,13.156745595483034,0.0004736734899613046,0.0030699528348752097
2341.0,0.0,0.6519323671497593,13.160289221807872,0.6519323671497593,13.156773809138341,0.0004505721612571365,0.003064840508272662
2342.0,0.0,0.6519323671497593,13.160289221807872,0.6519323671497593,13.156800887615105,0.00042859749764866887,0.0030597366951179415
2343.0,0.0,0.6519323671497593,13.160289221807872,0.6519323671497593,13.156826885875608,0.0004076945510307894,0.0030546413812337857
2344.0,0.0,0.6519323671497593,13.160289221807872,0.6519323671497593,13.156851856202255,0.0003878110531490948,0.003049554552466542
2345.0,0.0,0.6519323671497593,13.160289221807872,0.6519323671497593,13.156875848328283,0.00036889728490202924,0.0030444761946861274
2346.0,0.0,0.6519323671497593,13.160289221807872,0.6519323671497593,13.15689890956207,0.0003509059520172332,0.0030394062937859887
2347.0,0.0,0.6519323671497593,13.160289221807872,0.6519323671497593,13.156921084905397,0.0003337920667912279,0.003034344835683065
2348.0,0.0,0.6519323671497593,13.160289221807872,0.6519323671497593,13.156942417165958,0.0003175128355967236,0.003029291806317747
2349.0,0.0,0.6519323671497593,13.160289221807872,0.6519323671497593,13.156962947064342,0.0003020275518762612,0.003024247191653839
2350.0,0.0,0.6519323671497593,13.160289221807872,0.6519323671497593,13.15698271333584,0.00028729749435461545,0.003019210977678519
2351.0,0.0,0.6519323671497593,13.160289221807872,0.6519323671497593,13.157001752827256,0.000273285830215438,0.0030141831504023006
2352.0,0.0,0.6519323671497593,13.160289221807872,0.6519323671497593,13.157020100589014,0.00025995752300003093,0.0030091636958589937
2353.0,0.0,0.6519323671497593,13.160289221807872,0.6519323671497593,13.157037789962768,0.00024727924499795057,0.0030041526001056656
2354.0,0.0,0.6519323671497593,13.160289221807872,0.6519323671497593,13.15705485266474,0.0002352192939103716,0.002999149849222603
2355.0,0.0,0.6519323671497593,13.160289221807872,0.6519323671497593,13.15707131886498,0.00022374751357782707,0.002994155429313272
2356.0,0.0,0.6519323671497593,13.160289221807872,0.6519323671497593,13.157087217262793,0.00021283521857410215,0.0029891693265042814
2357.0,0.0,0.6519323671497593,13.160289221807872,0.6519323671497593,13.157102575158449,0.00020245512247772687,0.0029841915269453417
2358.0,0.0,0.6519323671497593,13.160289221807872,0.6519323671497593,13.15711741852142,0.0001925812696417097,0.002979222016809229
2359.0,0.0,0.6519323671497593,13.160289221807872,0.6519323671497593,13.157131772055289,0.00018318897029090034,0.0029742607822917455
2360.0,0.0,0.6519323671497593,13.160289221807872,0.6519323671497593,13.157145659259477,0.00017425473878469153,0.0029693078096116807
2361.0,0.0,0.6519323671497593,13.160289221807872,0.6519323671497593,13.15715910248797,0.00016575623489068438,0.0029643630850107743
2362.0,0.0,0.6519323671497593,13.160289221807872,0.6519323671497593,13.157172123005196,0.00015767220792247088,0.0029594265947536767
2363.0,0.0,0.6519323671497593,13.160289221807872,0.6519323671497593,13.157184741039142,0.0001499824436018489,0.002954498325127912
2364.0,0.0,0.6519323671497593,13.160289221807872,0.6519323671497593,13.157196975831916,0.00014266771351259755,0.002949578262443839
2365.0,0.0,0.6519323671497593,13.160289221807872,0.6519323671497593,13.15720884568782,0.0001357097270194209,0.0029446663930346134
2366.0,0.0,0.6519323671497593,13.160289221807872,0.6519323671497593,13.157220368019084,0.00012909108553183274,0.002939762703256151
2367.0,0.0,0.6519323671497593,13.160289221807872,0.6519323671497593,13.157231559389386,0.00012279523899861772,0.0029348671794870882
2368.0,0.0,0.6519323671497593,13.160289221807872,0.6519323671497593,13.15724243555522,0.00011680644452408276,0.0029299798081287446
2369.0,0.0,0.6519323671497593,13.160289221807872,0.6519323671497593,13.157253011505263,0.00011110972700261782,0.0029251005756050852
2370.0,0.0,0.6519323671497593,13.160289221807872,0.6519323671497593,13.157263301497837,0.0001056908416731316,0.002920229468362683
2371.0,0.0,0.6519323671497593,13.160289221807872,0.6519323671497593,13.1572733190965,0.00010053623849972905,0.0029153664728706822
2372.0,0.0,0.6519323671497593,13.160289221807872,0.6519323671497593,13.157283077203962,9.563302828956379e-05,0.0029105115756207583
2373.0,0.0,0.6519323671497593,13.160289221807872,0.6519323671497593,13.157292588094283,9.096895046314227e-05,0.0029056647631270824
2374.0,0.0,0.6519323671497593,13.160289221807872,0.6519323671497593,13.157301863443548,8.653234239648878e-05,0.0029008260219262837
2375.0,0.0,0.6519323671497593,13.160289221807872,0.6519323671497593,13.157310914359037,8.231211025851076e-05,0.002895995338577411
2376.0,0.0,0.6519323671497593,13.160289221807872,0.6519323671497593,13.15731975140694,7.829770127064251e-05,0.0028911726996618966
2377.0,0.0,0.6519323671497593,13.160289221807872,0.6519323671497593,13.157328384638769,7.447907731940209e-05,0.002886358091783518
2378.0,0.0,0.6519323671497593,13.160289221807872,0.6519323671497593,13.157336823616449,7.084668985587904e-05,0.0028815515015683615
2379.0,0.0,0.6519323671497593,13.160289221807872,0.6519323671497593,13.157345077436188,6.73914560193884e-05,0.0028767529156647842
2380.0,0.0,0.6519323671497593,13.160289221807872,0.6519323671497593,13.157353154751204,6.4104735925588e-05,0.002871962320743378
2381.0,0.0,0.6519323671497593,13.160289221807872,0.6519323671497593,13.157361063793314,6.097831106226732e-05,0.002867179703496932
2382.0,0.0,0.6519323671497593,13.160289221807872,0.6519323671497593,13.157368812393493,5.800436373878606e-05,0.0028624050506403944
2383.0,0.0,0.6519323671497593,13.160289221807872,0.6519323671497593,13.157376408001424,5.517545753777555e-05,0.002857638348910838
2384.0,0.0,0.6519323671497593,13.160289221807872,0.6519323671497593,13.157383857704085,5.248451872022182e-05,0.002852879585067422
2385.0,0.0,0.6519323671497593,13.160289221807872,0.6519323671497593,13.157391168243445,4.992481853743355e-05,0.0028481287458913544
2386.0,0.0,0.6519323671497593,13.160289221807872,0.6519323671497593,13.157398346033279,4.74899564056655e-05,0.0028433858181858567
2387.0,0.0,0.6519323671497593,13.160289221807872,0.6519323671497593,13.157405397175195,4.5173843901325186e-05,0.0028386507887761267
2388.0,0.0,0.6519323671497593,13.160289221807872,0.6519323671497593,13.157412327473827,4.297068953674265e-05,0.0028339236445093017
2389.0,0.0,0.6519323671497593,13.160289221807872,0.6519323671497593,13.157419142451339,4.087498427843456e-05,0.0028292043722544227
2390.0,0.0,0.6519323671497593,13.160289221807872,0.6519323671497593,13.157425847361198,3.888148777165104e-05,0.002824492958902397
2391.0,0.0,0.6519323671497593,13.160289221807872,0.6519323671497593,13.15743244720127,3.698521523675917e-05,0.002819789391365962
2392.0,0.0,0.6519323671497593,13.160289221807872,0.6519323671497593,13.157438946726288,3.518142500469746e-05,0.0028150936565796494
2393.0,0.0,0.6519323671497593,13.160289221807872,0.6519323671497593,13.157445350459712,3.346560666033339e-05,0.002810405741499749
2394.0,0.0,0.6519323671497593,13.160289221807872,0.6519323671497593,13.157451662705004,3.1833469764076195e-05,0.0028057256331042706
2395.0,0.0,0.6519323671497593,13.160289221807872,0.6519323671497593,13.157457887556356,3.028093312354308e-05,0.0028010533183929105
2396.0,0.0,0.6519323671497593,13.160289221807872,0.6519323671497593,13.157464028908896,2.8804114588452494e-05,0.002796388784387014
2397.0,0.0,0.6519323671497593,13.160289221807872,0.6519323671497593,13.157470090468399,2.7399321343226286e-05,0.0027917320181295386
2398.0,0.0,0.6519323671497593,13.160289221807872,0.6519323671497593,13.157476075760513,2.606304067302727e-05,0.00278708300668502
2399.0,0.0,0.6519323671497593,13.160289221807872,0.6519323671497593,13.157481988139553,2.4791931180142434e-05,0.002782441737139534
2400.0,0.0,0.6519323671497593,13.160289221807872,0.6519323671497593,13.157487830796843,2.3582814428748195e-05,0.0027778081966006625
2401.0,0.0,0.6519323671497593,13.160289221807872,0.6519323671497593,13.157493606768679,2.243266699716528e-05,0.002773182372197457
2402.0,0.0,0.6519323671497593,13.160289221807872,0.6519323671497593,13.157499318943874,2.133861291772969e-05,0.0027685642510804015
2403.0,0.0,0.6519323671497593,13.160289221807872,0.6519323671497593,13.157504970070965,2.0297916485375515e-05,0.0027639538204213793
2404.0,0.0,0.6519323671497593,13.160289221807872,0.6519323671497593,13.15751056276504,1.9307975416947307e-05,0.0027593510674136356
2405.0,0.0,0.6519323671497593,13.160289221807872,0.6519323671497593,13.157516099514256,1.836631434413672e-05,0.0027547559792717425
2406.0,0.0,0.6519323671497593,13.160289221807872,0.6519323671497593,13.157521582686018,1.747057862377238e-05,0.002750168543231563
2407.0,0.0,0.6519323671497593,13.160289221807872,0.6519323671497593,13.15752701453287,1.6618528449985477e-05,0.0027455887465502164
2408.0,0.0,0.6519323671497593,13.160289221807872,0.6519323671497593,13.157532397198112,1.580803325352843e-05,0.0027410165765060423
2409.0,0.0,0.6519323671497593,13.160289221807872,0.6519323671497593,13.1575377327211,1.5037066374241996e-05,0.0027364520203985655
2410.0,0.0,0.6519323671497593,13.160289221807872,0.6519323671497593,13.157543023042331,1.4303699993349253e-05,0.0027318950655484606
2411.0,0.0,0.6519323671497593,13.160289221807872,0.6519323671497593,13.157548270008263,1.3606100312904477e-05,0.0027273456992975165
2412.0,0.0,0.6519323671497593,13.160289221807872,0.6519323671497593,13.157553475375893,1.2942522970343111e-05,0.0027228039090086017
2413.0,0.0,0.6519323671497593,13.160289221807872,0.6519323671497593,13.15755864081713,1.231130867666675e-05,0.0027182696820656294
2414.0,0.0,0.6519323671497593,13.160289221807872,0.6519323671497593,13.157563767922932,1.1710879067356359e-05,0.002713743005873522
2415.0,0.0,0.6519323671497593,13.160289221807872,0.6519323671497593,13.157568858207258,1.1139732755638848e-05,0.0027092238678581757
2416.0,0.0,0.6519323671497593,13.160289221807872,0.6519323671497593,13.157573913110827,1.0596441578238095e-05,0.002704712255466427
2417.0,0.0,0.6519323671497593,13.160289221807872,0.6519323671497593,13.15757893400468,1.007964702422286e-05,0.0027002081561660154
2418.0,0.0,0.6519323671497593,13.160289221807872,0.6519323671497593,13.15758392219359,9.588056838021845e-06,0.002695711557445552
2419.0,0.0,0.6519323671497593,13.160289221807872,0.6519323671497593,13.157588878919269,9.120441788111655e-06,0.0026912224468144813
2420.0,0.0,0.6519323671497593,13.160289221807872,0.6519323671497593,13.157593805363476,8.675632593297714e-06,0.002686740811803049
2421.0,0.0,0.6519323671497593,13.160289221807872,0.6519323671497593,13.157598702650912,8.25251699890222e-06,0.0026822666399622655
2422.0,0.0,0.6519323671497593,13.160289221807872,0.6519323671497593,13.157603571852013,7.850036995548119e-06,0.0026777999188638737
2423.0,0.0,0.6519323671497593,13.160289221807872,0.6519323671497593,13.157608413985598,7.467186173584552e-06,0.0026733406361003115
2424.0,0.0,0.6519323671497593,13.160289221807872,0.6519323671497593,13.157613230021381,7.103007206538522e-06,0.0026688887792846797
2425.0,0.0,0.6519323671497593,13.160289221807872,0.6519323671497593,13.157618020882365,6.756589457300062e-06,0.0026644443360507065
2426.0,0.0,0.6519323671497593,13.160289221807872,0.6519323671497593,13.157622787447119,6.42706670105513e-06,0.0026600072940527134
2427.0,0.0,0.6519323671497593,13.160289221807872,0.6519323671497593,13.157627530551947,6.1136149592723736e-06,0.002655577640965581
2428.0,0.0,0.6519323671497593,13.160289221807872,0.6519323671497593,13.157632250992949,5.815450439327616e-06,0.002651155364484714
2429.0,0.0,0.6519323671497593,13.160289221807872,0.6519323671497593,13.157636949527973,5.531827574614033e-06,0.002646740452326009
2430.0,0.0,0.6519323671497593,13.160289221807872,0.6519323671497593,13.157641626878487,5.262037160237288e-06,0.002642332892225818
2431.0,0.0,0.6519323671497593,13.160289221807872,0.6519323671497593,13.157646283731351,5.005404579633887e-06,0.002637932671940915
2432.0,0.0,0.6519323671497593,13.160289221807872,0.6519323671497593,13.157650920740506,4.761288117678381e-06,0.002633539779248464
2433.0,0.0,0.6519323671497593,13.160289221807872,0.6519323671497593,13.15765553852857,4.529077356061294e-06,0.002629154201945982
2434.0,0.0,0.6519323671497593,13.160289221807872,0.6519323671497593,13.157660137688374,4.3081916469254e-06,0.002624775927851307
2435.0,0.0,0.6519323671497593,13.160289221807872,0.6519323671497593,13.157664718784408,4.098078660943631e-06,0.0026204049448025637
2436.0,0.0,0.6519323671497593,13.160289221807872,0.6519323671497593,13.157669282354208,3.898213006208067e-06,0.0026160412406581296
2437.0,0.0,0.6519323671497593,13.160289221807872,0.6519323671497593,13.157673828909662,3.708094914476498e-06,0.002611684803296602
2438.0,0.0,0.6519323671497593,13.160289221807872,0.6519323671497593,13.157678358938265,3.527248991491504e-06,0.002607335620616763
2439.0,0.0,0.6519323671497593,13.160289221807872,0.6519323671497593,13.157682872904306,3.3552230282471873e-06,0.0026029936805375465
2440.0,0.0,0.6519323671497593,13.160289221807872,0.6519323671497593,13.157687371250004,3.1915868702311147e-06,0.0025986589709980053
2441.0,0.0,0.6519323671497593,13.160289221807872,0.6519323671497593,13.157691854396575,3.0359313418139784e-06,0.0025943314799572767
2442.0,0.0,0.6519323671497593,13.160289221807872,0.6519323671497593,13.157696322745254,2.887867223097391e-06,0.002590011195394549
2443.0,0.0,0.6519323671497593,13.160289221807872,0.6519323671497593,13.157700776678286,2.7470242766614066e-06,0.00258569810530903
2444.0,0.0,0.6519323671497593,13.160289221807872,0.6519323671497593,13.15770521655983,2.61305032177812e-06,0.002581392197719911
2445.0,0.0,0.6519323671497593,13.160289221807872,0.6519323671497593,13.157709642736853,2.4856103537764066e-06,0.0025770934606663336
2446.0,0.0,0.6519323671497593,13.160289221807872,0.6519323671497593,13.157714055539959,2.3643857063557473e-06,0.0025728018822073597
2447.0,0.0,0.6519323671497593,13.160289221807872,0.6519323671497593,13.157718455284195,2.2490732547544916e-06,0.002568517450421935
2448.0,0.0,0.6519323671497593,13.160289221807872,0.6519323671497593,13.157722842269806,2.1393846577800626e-06,0.002564240153408858
2449.0,0.0,0.6519323671497593,13.160289221807872,0.6519323671497593,13.15772721678295,2.035045636805786e-06,0.0025599699792867446
2450.0,0.0,0.6519323671497593,13.160289221807872,0.6519323671497593,13.157731579096389,1.935795289931457e-06,0.0025557069161939974
2451.0,0.0,0.6519323671497593,13.160289221807872,0.6519323671497593,13.157735929470144,1.8413854395926927e-06,0.002551450952288772
2452.0,0.0,0.6519323671497593,13.160289221807872,0.6519323671497593,13.15774026815211,1.7515800119877515e-06,0.0025472020757489433
2453.0,0.0,0.6519323671497593,13.160289221807872,0.6519323671497593,13.157744595378654,1.6661544467700626e-06,0.0025429602747720744
2454.0,0.0,0.6519323671497593,13.160289221807872,0.6519323671497593,13.15774891137516,1.5848951355303922e-06,0.0025387255375753813
2455.0,0.0,0.6519323671497593,13.160289221807872,0.6519323671497593,13.157753216356587,1.507598887664556e-06,0.0025344978523957028
2456.0,0.0,0.6519323671497593,13.160289221807872,0.6519323671497593,13.157757510527961,1.4340724222910724e-06,0.002530277207489466
2457.0,0.0,0.6519323671497593,13.160289221807872,0.6519323671497593,13.157761794084855,1.3641318849482818e-06,0.0025260635911326552
2458.0,0.0,0.6519323671497593,13.160289221807872,0.6519323671497593,13.157766067213863,1.2976023878624284e-06,0.0025218569916207775
2459.0,0.0,0.6519323671497593,13.160289221807872,0.6519323671497593,13.157770330093031,1.2343175726371301e-06,0.002517657397268831
2460.0,0.0,0.6519323671497593,13.160289221807872,0.6519323671497593,13.157774582892266,1.1741191942707355e-06,0.0025134647964112737
2461.0,0.0,0.6519323671497593,13.160289221807872,0.6519323671497593,13.157778825773743,1.1168567254613938e-06,0.0025092791774019895
2462.0,0.0,0.6519323671497593,13.160289221807872,0.6519323671497593,13.157783058892278,1.0623869802103936e-06,0.002505100528614256
2463.0,0.0,0.6519323671497593,13.160289221807872,0.6519323671497593,13.157787282395676,1.0105737557825842e-06,0.002500928838440712
2464.0,0.0,0.6519323671497593,13.160289221807872,0.6519323671497593,13.157791496425087,9.612874921285927e-07,0.002496764095293328
2465.0,0.0,0.6519323671497593,13.160289221807872,0.6519323671497593,13.15779570111532,9.144049479172159e-07,0.0024926062876033696
2466.0,0.0,0.6519323671497593,13.160289221807872,0.6519323671497593,13.15779989659516,8.698088923678987e-07,0.0024884554038213684
2467.0,0.0,0.6519323671497593,13.160289221807872,0.6519323671497593,13.157804082987644,8.273878121127198e-07,0.002484311432417089
2468.0,0.0,0.6519323671497593,13.160289221807872,0.6519323671497593,13.15780826041036,7.870356323548873e-07,0.002480174361879497
2469.0,0.0,0.6519323671497593,13.160289221807872,0.6519323671497593,13.157812428975703,7.48651451626495e-07,0.0024760441807167273
2470.0,0.0,0.6519323671497593,13.160289221807872,0.6519323671497593,13.157816588791126,7.12139289482295e-07,0.0024719208774560517
2471.0,0.0,0.6519323671497593,13.160289221807872,0.6519323671497593,13.157820739959382,6.774078464985909e-07,0.0024678044406438475
2472.0,0.0,0.6519323671497593,13.160289221807872,0.6519323671497593,13.157824882578751,6.443702759771226e-07,0.002463694858845565
2473.0,0.0,0.6519323671497593,13.160289221807872,0.6519323671497593,13.157829016743259,6.129439667830846e-07,0.002459592120645697
2474.0,0.0,0.6519323671497593,13.160289221807872,0.6519323671497593,13.157833142542888,5.830503367742583e-07,0.0024554962146477455
2475.0,0.0,0.6519323671497593,13.160289221807872,0.6519323671497593,13.157837260063761,5.546146363047253e-07,0.0024514071294741914
2476.0,0.0,0.6519323671497593,13.160289221807872,0.6519323671497593,13.157841369388343,5.275657613118167e-07,0.0024473248537664623
2477.0,0.0,0.6519323671497593,13.160289221807872,0.6519323671497593,13.157845470595612,5.018360755189204e-07,0.0024432493761849003
2478.0,0.0,0.6519323671497593,13.160289221807872,0.6519323671497593,13.157849563761221,4.773612413095595e-07,0.0024391806854087324
2479.0,0.0,0.6519323671497593,13.160289221807872,0.6519323671497593,13.157853648957678,4.5408005884983874e-07,0.0024351187701360365
2480.0,0.0,0.6519323671497593,13.160289221807872,0.6519323671497593,13.157857726254477,4.3193431305698245e-07,0.0024310636190837125
2481.0,0.0,0.6519323671497593,13.160289221807872,0.6519323671497593,13.157861795718256,4.1086862803130467e-07,0.002427015220987449
2482.0,0.0,0.6519323671497593,13.160289221807872,0.6519323671497593,13.157865857412942,3.9083032858761586e-07,0.0024229735646016932
2483.0,0.0,0.6519323671497593,13.160289221807872,0.6519323671497593,13.157869911399864,3.717693085398228e-07,0.0024189386386996195
2484.0,0.0,0.6519323671497593,13.160289221807872,0.6519323671497593,13.157873957737895,3.5363790540936404e-07,0.0024149104320730975
2485.0,0.0,0.6519323671497593,13.160289221807872,0.6519323671497593,13.157877996483558,3.363907812441873e-07,0.0024108889335326617
2486.0,0.0,0.6519323671497593,13.160289221807872,0.6519323671497593,13.157882027691157,3.199848092502539e-07,0.0024068741319074804
2487.0,0.0,0.6519323671497593,13.160289221807872,0.6519323671497593,13.157886051412861,3.0437896595208974e-07,0.0024028660160453244
2488.0,0.0,0.6519323671497593,13.160289221807872,0.6519323671497593,13.15789006769883,2.8953422861272877e-07,0.002398864574812536
2489.0,0.0,0.6519323671497593,13.160289221807872,0.6519323671497593,13.157894076597302,2.7541347765654415e-07,0.0023948697970939976
2490.0,0.0,0.6519323671497593,13.160289221807872,0.6519323671497593,13.157898078154675,2.6198140385097475e-07,0.002390881671793102
2491.0,0.0,0.6519323671497593,13.160289221807872,0.6519323671497593,13.15790207241562,2.4920442001505186e-07,0.0023869001878317215
2492.0,0.0,0.6519323671497593,13.160289221807872,0.6519323671497593,13.157906059423146,2.37050577033952e-07,0.002382925334150175
2493.0,0.0,0.6519323671497593,13.160289221807872,0.6519323671497593,13.157910039218683,2.2548948396956833e-07,0.0023789570997072
2494.0,0.0,0.6519323671497593,13.160289221807872,0.6519323671497593,13.157914011842161,2.1449223206733545e-07,0.0023749954734799206
2495.0,0.0,0.6519323671497593,13.160289221807872,0.6519323671497593,13.157917977332087,2.040313224692851e-07,0.002371040444463817
2496.0,0.0,0.6519323671497593,13.160289221807872,0.6519323671497593,13.157921935725602,1.9408059745257767e-07,0.0023670920016726944
2497.0,0.0,0.6519323671497593,13.160289221807872,0.6519323671497593,13.157925887058559,1.8461517502157019e-07,0.0023631501341386542
2498.0,0.0,0.6519323671497593,13.160289221807872,0.6519323671497593,13.157929831365573,1.756113866898668e-07,0.002359214830912062
2499.0,0.0,0.6519323671497593,13.160289221807872,0.6519323671497593,13.157933768680094,1.6704671829677433e-07,0.0023552860810615167
2500.0,0.0,0.6519323671497593,13.160289221807872,0.6519323671497593,13.157937699034445,1.5889975371017355e-07,0.0023513638736738225
2501.0,0.0,0.6519323671497593,13.160289221807872,0.6519323671497593,13.157941622459896,1.5115012127503357e-07,0.0023474481978539557
2502.0,0.0,0.6519323671497593,13.160289221807872,0.6519323671497593,13.157945538986704,1.437784428736633e-07,0.002343539042725037
2503.0,0.0,0.6519323671497593,13.160289221807872,0.6519323671497593,13.157949448644159,1.3676628547032354e-07,0.0023396363974282994
2504.0,0.0,0.6519323671497593,13.160289221807872,0.6519323671497593,13.157953351460634,1.3009611501903621e-07,0.002335740251123059
2505.0,0.0,0.6519323671497593,13.160289221807872,0.6519323671497593,13.157957247463633,1.237512526193365e-07,0.002331850592986685
2506.0,0.0,0.6519323671497593,13.160289221807872,0.6519323671497593,13.157961136679823,1.1771583281033394e-07,0.0023279674122145683
2507.0,0.0,0.6519323671497593,13.160289221807872,0.6519323671497593,13.157965019135089,1.1197476389879622e-07,0.0023240906980200936
2508.0,0.0,0.6519323671497593,13.160289221807872,0.6519323671497593,13.157968894854548,1.0651369022205526e-07,0.002320220439634608
2509.0,0.0,0.6519323671497593,13.160289221807872,0.6519323671497593,13.157972763862608,1.0131895625137296e-07,0.002316356626307391
2510.0,0.0,0.6519323671497593,13.160289221807872,0.6519323671497593,13.157976626182993,9.637757244600652e-08,0.002312499247305625
2511.0,0.0,0.6519323671497593,13.160289221807872,0.6519323671497593,13.157980481838775,9.167718277259066e-08,0.0023086482919143668
2512.0,0.0,0.6519323671497593,13.160289221807872,0.6519323671497593,13.1579843308524,8.720603380861818e-08,0.002304803749436515
2513.0,0.0,0.6519323671497593,13.160289221807872,0.6519323671497593,13.157988173245734,8.295294535276168e-08,0.002300965609192782
2514.0,0.0,0.6519323671497593,13.160289221807872,0.6519323671497593,13.157992009040068,7.890728246854667e-08,0.0022971338605216655
2515.0,0.0,0.6519323671497593,13.160289221807872,0.6519323671497593,13.157995838256163,7.505892889147093e-08,0.002293308492779416
2516.0,0.0,0.6519323671497593,13.160289221807872,0.6519323671497593,13.157999660914271,7.139826173307391e-08,0.0022894894953400108
2517.0,0.0,0.6519323671497593,13.160289221807872,0.6519323671497593,13.15800347703415,6.791612741870324e-08,0.00228567685759512
2518.0,0.0,0.6519323671497593,13.160289221807872,0.6519323671497593,13.1580072866351,6.460381879881025e-08,0.002281870568954081
2519.0,0.0,0.6519323671497593,13.160289221807872,0.6519323671497593,13.158011089735973,6.145305337654068e-08,0.0022780706188438673
2520.0,0.0,0.6519323671497593,13.160289221807872,0.6519323671497593,13.15801488635521,5.845595259717845e-08,0.00227427699670906
2521.0,0.0,0.6519323671497593,13.160289221807872,0.6519323671497593,13.158018676510837,5.5605022147655076e-08,0.002270489692011817
2522.0,0.0,0.6519323671497593,13.160289221807872,0.6519323671497593,13.158022460220508,5.289313321686339e-08,0.002266708694231845
2523.0,0.0,0.6519323671497593,13.160289221807872,0.6519323671497593,13.1580262375015,5.031350466991656e-08,0.00226293399286637
2524.0,0.0,0.6519323671497593,13.160289221807872,0.6519323671497593,13.158030008370757,4.785968609177872e-08,0.0022591655774301077
2525.0,0.0,0.6519323671497593,13.160289221807872,0.6519323671497593,13.158033772844874,4.55255416578675e-08,0.0022554034374552357
2526.0,0.0,0.6519323671497593,13.160289221807872,0.6519323671497593,13.158037530940145,4.330523479129658e-08,0.0022516475624913624
2527.0,0.0,0.6519323671497593,13.160289221807872,0.6519323671497593,13.158041282672553,4.119321356839335e-08,0.0022478979421054995
2528.0,0.0,0.6519323671497593,13.160289221807872,0.6519323671497593,13.158045028057792,3.918419683599781e-08,0.002244154565882032
2529.0,0.0,0.6519323671497593,13.160289221807872,0.6519323671497593,13.15804876711129,3.727316100582889e-08,0.0022404174234226908
2530.0,0.0,0.6519323671497593,13.160289221807872,0.6519323671497593,13.158052499848198,3.545532749289707e-08,0.002236686504346522
2531.0,0.0,0.6519323671497593,13.160289221807872,0.6519323671497593,13.158056226283431,3.372615076655283e-08,0.0022329617982898586
2532.0,0.0,0.6519323671497593,13.160289221807872,0.6519323671497593,13.15805994643166,3.208130698429236e-08,0.002229243294906293
2533.0,0.0,0.6519323671497593,13.160289221807872,0.6519323671497593,13.158063660307324,3.051668317989916e-08,0.002225530983866647
2534.0,0.0,0.6519323671497593,13.160289221807872,0.6519323671497593,13.158067367924646,2.9028366978886097e-08,0.0022218248548589426
2535.0,0.0,0.6519323671497593,13.160289221807872,0.6519323671497593,13.158071069297646,2.7612636815521353e-08,0.002218124897588375
2536.0,0.0,0.6519323671497593,13.160289221807872,0.6519323671497593,13.158074764440142,2.6265952626975604e-08,0.002214431101777282
2537.0,0.0,0.6519323671497593,13.160289221807872,0.6519323671497593,13.158078453365759,2.4984947001321022e-08,0.002210743457165118
2538.0,0.0,0.6519323671497593,13.160289221807872,0.6519323671497593,13.158082136087947,2.3766416757247438e-08,0.0022070619535084234
2539.0,0.0,0.6519323671497593,13.160289221807872,0.6519323671497593,13.158085812619976,2.2607314934440606e-08,0.0022033865805807964
2540.0,0.0,0.6519323671497593,13.160289221807872,0.6519323671497593,13.158089482974956,2.1504743174594336e-08,0.0021997173281728655
2541.0,0.0,0.6519323671497593,13.160289221807872,0.6519323671497593,13.158093147165836,2.0455944474005027e-08,0.0021960541860922608
2542.0,0.0,0.6519323671497593,13.160289221807872,0.6519323671497593,13.158096805205412,1.9458296289626362e-08,0.002192397144163585
2543.0,0.0,0.6519323671497593,13.160289221807872,0.6519323671497593,13.15810045710634,1.8509303981345663e-08,0.0021887461922283865
2544.0,0.0,0.6519323671497593,13.160289221807872,0.6519323671497593,13.158104102881131,1.760659457408421e-08,0.002185101320145129
2545.0,0.0,0.6519323671497593,13.160289221807872,0.6519323671497593,13.158107742542171,1.674791082412352e-08,0.002181462517789166
2546.0,0.0,0.6519323671497593,13.160289221807872,0.6519323671497593,13.158111376101715,1.5931105574820294e-08,0.0021778297750527104
2547.0,0.0,0.6519323671497593,13.160289221807872,0.6519323671497593,13.158115003571892,1.5154136387596425e-08,0.0021742030818448083
2548.0,0.0,0.6519323671497593,13.160289221807872,0.6519323671497593,13.15811862496472,1.4415060434778676e-08,0.0021705824280913093
2549.0,0.0,0.6519323671497593,13.160289221807872,0.6519323671497593,13.158122240292109,1.3712029641517532e-08,0.0021669678037348396
2550.0,0.0,0.6519323671497593,13.160289221807872,0.6519323671497593,13.158125849565852,1.3043286064637453e-08,0.0021633591987347735
2551.0,0.0,0.6519323671497593,13.160289221807872,0.6519323671497593,13.158129452797647,1.2407157496863267e-08,0.002159756603067206
2552.0,0.0,0.6519323671497593,13.160289221807872,0.6519323671497593,13.158133049999094,1.1802053285430965e-08,0.0021561600067249247
2553.0,0.0,0.6519323671497593,13.160289221807872,0.6519323671497593,13.158136641181695,1.1226460354627258e-08,0.002152569399717382
2554.0,0.0,0.6519323671497593,13.160289221807872,0.6519323671497593,13.158140226356863,1.0678939422312168e-08,0.002148984772070667
2555.0,0.0,0.6519323671497593,13.160289221807872,0.6519323671497593,13.158143805535923,1.0158121400963991e-08,0.0021454061138274786
2556.0,0.0,0.6519323671497593,13.160289221807872,0.6519323671497593,13.15814737873012,9.662703974247365e-09,0.0021418334150470966
2557.0,0.0,0.6519323671497593,13.160289221807872,0.6519323671497593,13.15815094595062,9.191448340544082e-09,0.002138266665805356
2558.0,0.0,0.6519323671497593,13.160289221807872,0.6519323671497593,13.1581545072085,8.74317611530379e-09,0.0021347058561946176
2559.0,0.0,0.6519323671497593,13.160289221807872,0.6519323671497593,13.158158062514783,8.316766384468813e-09,0.002131150976323741
2560.0,0.0,0.6519323671497593,13.160289221807872,0.6519323671497593,13.158161611880402,7.911152901605154e-09,0.002127602016318058
2561.0,0.0,0.6519323671497593,13.160289221807872,0.6519323671497593,13.158165155316231,7.525321421731023e-09,0.0021240589663193443
2562.0,0.0,0.6519323671497593,13.160289221807872,0.6519323671497593,13.158168692833078,7.158307165176096e-09,0.0021205218164857915
2563.0,0.0,0.6519323671497593,13.160289221807872,0.6519323671497593,13.158172224441687,6.809192405129795e-09,0.002116990556991981
2564.0,0.0,0.6519323671497593,13.160289221807872,0.6519323671497593,13.15817575015274,6.477104172846248e-09,0.002113465178028857
2565.0,0.0,0.6519323671497593,13.160289221807872,0.6519323671497593,13.158179269976857,6.161212074767709e-09,0.0021099456698036975
2566.0,0.0,0.6519323671497593,13.160289221807872,0.6519323671497593,13.158182783924605,5.860726216108138e-09,0.002106432022540089
2567.0,0.0,0.6519323671497593,13.160289221807872,0.6519323671497593,13.1581862920065,5.574895225704791e-09,0.002102924226477897
2568.0,0.0,0.6519323671497593,13.160289221807872,0.6519323671497593,13.158189794232994,5.303004377198947e-09,0.0020994222718732423
2569.0,0.0,0.6519323671497593,13.160289221807872,0.6519323671497593,13.1581932906145,5.044373801847722e-09,0.0020959261489984704
2570.0,0.0,0.6519323671497593,13.160289221807872,0.6519323671497593,13.158196781161372,4.798356788498087e-09,0.0020924358481421265
2571.0,0.0,0.6519323671497593,13.160289221807872,0.6519323671497593,13.158200265883925,4.5643381664721296e-09,0.0020889513596089285
2572.0,0.0,0.6519323671497593,13.160289221807872,0.6519323671497593,13.15820374479242,4.341732767319928e-09,0.0020854726737197394
2573.0,0.0,0.6519323671497593,13.160289221807872,0.6519323671497593,13.158207217897077,4.129983961593627e-09,0.0020819997808115406
2574.0,0.0,0.6519323671497593,13.160289221807872,0.6519323671497593,13.158210685208072,3.928562266983885e-09,0.0020785326712374048
2575.0,0.0,0.6519323671497593,13.160289221807872,0.6519323671497593,13.158214146735542,3.736964024338301e-09,0.0020750713353664702
2576.0,0.0,0.6519323671497593,13.160289221807872,0.6519323671497593,13.158217602489579,3.554710138251195e-09,0.0020716157635839124
2577.0,0.0,0.6519323671497593,13.160289221807872,0.6519323671497593,13.158221052480236,3.3813448790755376e-09,0.0020681659462909187
2578.0,0.0,0.6519323671497593,13.160289221807872,0.6519323671497593,13.158224496717532,3.21643474336146e-09,0.0020647218739046616
2579.0,0.0,0.6519323671497593,13.160289221807872,0.6519323671497593,13.158227935211448,3.0595673698718235e-09,0.0020612835368582706
2580.0,0.0,0.6519323671497593,13.160289221807872,0.6519323671497593,13.15823136797192,2.910350508464338e-09,0.0020578509256008073
2581.0,0.0,0.6519323671497593,13.160289221807872,0.6519323671497593,13.158234795008864,2.7684110392618927e-09,0.0020544240305972383
2582.0,0.0,0.6519323671497593,13.160289221807872,0.6519323671497593,13.15823821633215,2.6333940396585137e-09,0.0020510028423284085
2583.0,0.0,0.6519323671497593,13.160289221807872,0.6519323671497593,13.15824163195162,2.5049618968279784e-09,0.0020475873512910154
2584.0,0.0,0.6519323671497593,13.160289221807872,0.6519323671497593,13.158245041877082,2.3827934635158947e-09,0.0020441775479975812
2585.0,0.0,0.6519323671497593,13.160289221807872,0.6519323671497593,13.158248446118312,2.2665832550042877e-09,0.0020407734229764283
2586.0,0.0,0.6519323671497593,13.160289221807872,0.6519323671497593,13.15825184468506,2.1560406852406835e-09,0.0020373749667716512
2587.0,0.0,0.6519323671497593,13.160289221807872,0.6519323671497593,13.15825523758704,2.0508893402216204e-09,0.002033982169943092
2588.0,0.0,0.6519323671497593,13.160289221807872,0.6519323671497593,13.15825862483394,1.950866286813661e-09,0.0020305950230663124
2589.0,0.0,0.6519323671497593,13.160289221807872,0.6519323671497593,13.158262006435418,1.8557214152836037e-09,0.0020272135167325694
2590.0,0.0,0.6519323671497593,13.160289221807872,0.6519323671497593,13.158265382401106,1.7652168138938728e-09,0.0020238376415487877
2591.0,0.0,0.6519323671497593,13.160289221807872,0.6519323671497593,13.158268752740609,1.6791261739992527e-09,0.0020204673881375336
2592.0,0.0,0.6519323671497593,13.160289221807872,0.6519323671497593,13.1582721174635,1.597234224157395e-09,0.00201710274713699
2593.0,0.0,0.6519323671497593,13.160289221807872,0.6519323671497593,13.158275476579336,1.5193361918380832e-09,0.0020137437092009303
2594.0,0.0,0.6519323671497593,13.160289221807872,0.6519323671497593,13.158278830097636,1.4452372913852463e-09,0.002010390264998691
2595.0,0.0,0.6519323671497593,13.160289221807872,0.6519323671497593,13.158282178027905,1.3747522369513585e-09,0.0020070424052151467
2596.0,0.0,0.6519323671497593,13.160289221807872,0.6519323671497593,13.158285520379618,1.30770477918631e-09,0.0020037001205506855
2597.0,0.0,0.6519323671497593,13.160289221807872,0.6519323671497593,13.158288857162223,1.243927264522227e-09,0.002000363401721181
2598.0,0.0,0.6519323671497593,13.160289221807872,0.6519323671497593,13.158292188385154,1.1832602159522254e-09,0.0019970322394579675
2599.0,0.0,0.6519323671497593,13.160289221807872,0.6519323671497593,13.158295514057814,1.125551934254826e-09,0.0019937066245078144
2600.0,140.0,0.6519323671497593,12.640504264389271,0.6519323671497593,12.65251387677098,1.0706581186668837e-09,0.0019903865476329
2601.0,140.0,0.6516505636070862,12.64038356639321,0.6516505636070862,12.652142363520415,0.00023897683838800738,0.0020022260344072446
2602.0,140.0,0.651368760064413,12.64026286839715,0.651368760064413,12.651782524971615,0.0004662976203953257,0.002014045805138232
2603.0,140.0,0.6510869565217399,12.640142170401088,0.6510869565217399,12.651433792671387,0.0006825318370411995,0.002025845892658566
2604.0,140.0,0.6508051529790667,12.640021472405026,0.6508051529790667,12.65109562588878,0.0008882201864986166,0.0020376263297462757
2605.0,140.0,0.6505233494363936,12.639900774408966,0.6505233494363936,12.650767510263062,0.0010838769967794972,0.0020493871491248043
2606.0,140.0,0.6502415458937204,12.639780076412904,0.6502415458937204,12.650448956517618,0.0012699915118226247,0.0020611283834631026
2607.0,140.0,0.6499597423510473,12.639659354851984,0.6499597423510473,12.650139475671748,0.0014470291148583284,0.0020728500653757176
2608.0,140.0,0.6496779388083741,12.639538491901906,0.6496779388083741,12.649838507182375,0.0016154324921089666,0.0020845522274228847
2609.0,140.0,0.649396135265701,12.63941762895183,0.649396135265701,12.649545771309983,0.0017756227397350678,0.0020962349021106173
2610.0,140.0,0.6491143317230278,12.63929676600175,0.6491143317230278,12.649260867463065,0.001928000416795071,0.0021078981218907965
2611.0,140.0,0.6488325281803546,12.639175903051672,0.6488325281803546,12.648983414585661,0.0020729465468516135,0.0021195419191612627
2612.0,140.0,0.6485507246376815,12.639055040101598,0.6485507246376815,12.648713050204602,0.002210823570728904,0.002131166326265905
2613.0,140.0,0.6482689210950083,12.63893417715152,0.6482689210950083,12.64844942952322,0.0023419762528035706,0.0021427713754947502
2614.0,140.0,0.6479871175523352,12.63881331420144,0.6479871175523352,12.648192224559264,0.00246673254309518,0.002154357099084054
2615.0,140.0,0.647705314009662,12.638692451251364,0.647705314009662,12.647941123324836,0.0025854043973121124,0.002165923529216389
2616.0,140.0,0.6474235104669889,12.638571588301286,0.6474235104669889,12.647695829046361,0.002698288556903317,0.0021774706980207358
2617.0,140.0,0.6471417069243157,12.638450725351207,0.6471417069243157,12.647456059422568,0.0028056672910665055,0.00218899863757257
2618.0,140.0,0.6468599033816426,12.638329862401132,0.6468599033816426,12.647221545918669,0.002907809102568171,0.0022005073798939535
2619.0,140.0,0.6465780998389694,12.638208999451054,0.6465780998389694,12.646992033094959,0.00300496939914036,0.0022119969569536226
2620.0,140.0,0.6462962962962963,12.638088136500976,0.6462962962962963,12.646767277968177,0.003097391132133043,0.0022234674006670766
2621.0,140.0,0.6460144927536231,12.637967273550899,0.6460144927536231,12.646547049403983,0.003185305404019031,0.0022349187428966663
2622.0,140.0,0.64573268921095,12.63784641060082,0.64573268921095,12.646331127539101,0.003268932046270539,0.002246351015451683
2623.0,140.0,0.6454508856682768,12.637725547650744,0.6454508856682768,12.646119303231604,0.0033484801690523676,0.002257764250088447
2624.0,140.0,0.6451690821256036,12.637604684700667,0.6451690821256036,12.64591137753805,0.003424148684106239,0.0022691584785103952
2625.0,140.0,0.6448872785829305,12.637483821750589,0.6448872785829305,12.645707161216087,0.0034961268021337557,0.002280533732368169
2626.0,140.0,0.6446054750402573,12.637362958800512,0.6446054750402573,12.64550647425133,0.003564594505921715,0.0022918900432597035
2627.0,140.0,0.6443236714975842,12.637242095850434,0.6443236714975842,12.64530914540731,0.0036297230003928217,0.0023032274427303135
2628.0,140.0,0.644041867954911,12.637121232900355,0.644041867954911,12.645115011797374,0.00369167514070717,0.002314545962272783
2629.0,140.0,0.6437600644122379,12.637000369950279,0.6437600644122379,12.644923918477467,0.003750605839484975,0.0023258456333274512
2630.0,140.0,0.6434782608695647,12.636879507000202,0.6434782608695647,12.644735718058751,0.0038066624541688117,0.002337126487282301
2631.0,140.0,0.6431964573268916,12.636758644050124,0.6431964573268916,12.644550270339158,0.003859985155493976,0.0023483885554730446
2632.0,140.0,0.6429146537842184,12.636637781100047,0.6429146537842184,12.644367441952875,0.003910707277988335,0.002359631869183212
2633.0,140.0,0.6426328502415453,12.636516918149969,0.6426328502415453,12.644187106036947,0.003958955653378099,0.0023708564596442373
2634.0,140.0,0.6423510466988721,12.636396055199892,0.6423510466988721,12.644009141914124,0.004004850927733199,0.002382062358035546
2635.0,140.0,0.642069243156199,12.636275192249816,0.642069243156199,12.643833434791185,0.004048507863145303,0.002393249595484641
2636.0,140.0,0.6417874396135258,12.636154329299737,0.6417874396135258,12.643659875471977,0.004090035624692824,0.0024044182030671882
2637.0,140.0,0.6415056360708526,12.636033466349659,0.6415056360708526,12.643488360084442,0.004129538053410474,0.0024155682118071056
2638.0,140.0,0.6412238325281795,12.635912603399582,0.6412238325281795,12.643318789820958,0.004167113925945945,0.0024266996526766467
2639.0,140.0,0.6409420289855063,12.635791740449505,0.6409420289855063,12.643151070691355,0.004202857201552973,0.0024378125565964874
2640.0,140.0,0.6406602254428332,12.635670877499427,0.6406602254428332,12.642985113287953,0.004236857257038417,0.0024489069544358128
2641.0,140.0,0.64037842190016,12.63555001454935,0.64037842190016,12.642820832562087,0.004269199110250828,0.0024599828770124014
2642.0,140.0,0.6400966183574869,12.635429151599272,0.6400966183574869,12.642658147611508,0.0042999636326693565,0.002471040355092712
2643.0,140.0,0.6398148148148137,12.635306993171305,0.6398148148148137,12.64249568600029,0.004329227751624573,0.002482079419391969
2644.0,140.0,0.6395330112721406,12.635184158841833,0.6395330112721406,12.642333994098601,0.004357064642656863,0.0024931001005742467
2645.0,140.0,0.6392512077294674,12.63506132451236,0.6392512077294674,12.642173678170614,0.004383543912493399,0.0025041024292525556
2646.0,140.0,0.6389694041867943,12.634938490182886,0.6389694041867943,12.642014671973797,0.004408731773101205,0.002515086435988927
2647.0,140.0,0.6386876006441211,12.634815655853412,0.6386876006441211,12.641856912494868,0.004432691207251573,0.0025260521512944973
2648.0,140.0,0.638405797101448,12.63469282152394,0.638405797101448,12.6417003397923,0.0044554821260097905,0.002536999605629594
2649.0,140.0,0.6381239935587748,12.634569987194466,0.6381239935587748,12.641544896846517,0.004477161518544012,0.00254792882940382
2650.0,140.0,0.6378421900161017,12.634447152864993,0.6378421900161017,12.64139052941739,0.004497783594627864,0.0025588398529761366
2651.0,140.0,0.6375603864734285,12.634324318535521,0.6375603864734285,12.641237185908672,0.004517399920193117,0.0025697327066549498
2652.0,140.0,0.6372785829307553,12.634201484206047,0.6372785829307553,12.641084817239076,0.004536059546271371,0.0025806074206981937
2653.0,140.0,0.6369967793880822,12.634078649876573,0.6369967793880822,12.640933376719614,0.004553809131647188,0.0025914640253134145
2654.0,140.0,0.636714975845409,12.6339558155471,0.636714975845409,12.640782819936913,0.004570693059529352,0.002602302550657854
2655.0,140.0,0.6364331723027359,12.633832981217628,0.6364331723027359,12.640633104642257,0.004586753548532014,0.0026131230268385337
2656.0,140.0,0.6361513687600627,12.633710146888154,0.6361513687600627,12.640484190646,0.0046020307582432165,0.002623925483912339
2657.0,140.0,0.6358695652173896,12.63358731255868,0.6358695652173896,12.64033603971715,0.004616562889644781,0.0026347099518861023
2658.0,140.0,0.6355877616747164,12.633464478229207,0.6355877616747164,12.640188615487855,0.004630386280634659,0.0026454764607166856
2659.0,140.0,0.6353059581320433,12.633341643899735,0.6353059581320433,12.640041883362532,0.004643535496890609,0.002656225040311065
2660.0,140.0,0.6350241545893701,12.63321880957026,0.6350241545893701,12.639895810431433,0.004656043418302392,0.002666955720526413
2661.0,140.0,0.634742351046697,12.633095975240789,0.634742351046697,12.639750365388428,0.004667941321188623,0.002677668531170182
2662.0,140.0,0.6344605475040238,12.632973140911314,0.6344605475040238,12.639605518452809,0.004679258956503857,0.0026883635020001854
2663.0,140.0,0.6341787439613507,12.63285030658184,0.6341787439613507,12.639461241294883,0.004690024624231477,0.002699040662724683
2664.0,140.0,0.6338969404186775,12.632727472252368,0.6338969404186775,12.639317506965218,0.004700265244148387,0.002709700043002461
2665.0,140.0,0.6336151368760043,12.632604637922896,0.6336151368760043,12.639174289827313,0.004710006423138479,0.0027203416724429163
2666.0,140.0,0.6333333333333312,12.632481803593421,0.6333333333333312,12.639031565493593,0.004719272519223184,0.002730965580606137
2667.0,140.0,0.633051529790658,12.632358969263947,0.633051529790658,12.638889310764474,0.004728086702469205,0.0027415717970029865
2668.0,140.0,0.6327697262479849,12.632236134934473,0.6327697262479849,12.638747503570453,0.004736471012925761,0.0027521603510951838
2669.0,140.0,0.6324879227053117,12.632113300605003,0.6324879227053117,12.63860612291697,0.004744446415736187,0.0027627312722953855
2670.0,140.0,0.6322061191626386,12.631990466275528,0.6322061191626386,12.638465148832,0.00475203285356171,0.002773284589967269
2671.0,140.0,0.6319243156199654,12.631867631946054,0.6319243156199654,12.638324562316182,0.004759249296448492,0.002783820333425612
2672.0,140.0,0.6316425120772923,12.631744797616582,0.6316425120772923,12.638184345295382,0.004766113789262628,0.0027943385319363755
2673.0,140.0,0.6313607085346191,12.63162196328711,0.6313607085346191,12.63804448057558,0.004772643496811708,0.0028048392147167842
2674.0,140.0,0.631078904991946,12.631499128957635,0.631078904991946,12.637904951799934,0.004778854746765778,0.002815322410935408
2675.0,140.0,0.6307971014492728,12.631376294628161,0.6307971014492728,12.637765743407964,0.004784763070485017,0.0028257881497122436
2676.0,140.0,0.6305152979065997,12.631253460298689,0.6305152979065997,12.637626840596713,0.0047903832418562334,0.002836236460118794
2677.0,140.0,0.6302334943639265,12.631130625969215,0.6302334943639265,12.6374882292838,0.004795729314235271,0.0028466673711781505
2678.0,140.0,0.6299516908212534,12.631010726828228,0.6299516908212534,12.637352831260776,0.004800814655587722,0.0028570809118650723
2679.0,140.0,0.6296698872785802,12.630905014431578,0.6296698872785802,12.637231885338554,0.004805651981915803,0.0028674771111060686
2680.0,140.0,0.629388083735907,12.630799302034928,0.629388083735907,12.637111192648094,0.004810253389054987,0.002877855997779477
2681.0,140.0,0.6291062801932339,12.63069358963828,0.6291062801932339,12.636990741654644,0.004814630382919885,0.0028882176007155452
2682.0,140.0,0.6288244766505607,12.63058787724163,0.6288244766505607,12.63687052138466,0.004818793908275036,0.0028985619486965103
2683.0,140.0,0.6285426731078876,12.630482164844983,0.6285426731078876,12.636750521398424,0.00482275437610251,0.0029088890704566783
2684.0,140.0,0.6282608695652144,12.630376452448333,0.6282608695652144,12.636630731764015,0.004826521689634791,0.0029191989946825057
2685.0,140.0,0.6279790660225413,12.630270740051682,0.6279790660225413,12.636511143032552,0.004830105269118017,0.002929491750012677
2686.0,140.0,0.6276972624798681,12.630165027655035,0.6276972624798681,12.63639174621463,0.004833514075367499,0.0029397673650381866
2687.0,140.0,0.627415458937195,12.630059315258384,0.627415458937195,12.636272532757907,0.0048367566321744285,0.002950025868302416
2688.0,140.0,0.6271336553945218,12.629953602861736,0.6271336553945218,12.636153494525816,0.0048398410476197945,0.0029602672883012136
2689.0,140.0,0.6268518518518487,12.629847890465086,0.6268518518518487,12.636034623777254,0.004842775034348811,0.002970491653482975
2690.0,140.0,0.6265700483091755,12.629742178068437,0.6265700483091755,12.635915913147333,0.004845565928856546,0.002980698992248722
2691.0,140.0,0.6262882447665024,12.629636465671789,0.6262882447665024,12.635797355629004,0.004848220709832981,0.0029908893329521793
2692.0,140.0,0.6260064412238292,12.629530753275139,0.6260064412238292,12.635678944555627,0.00485074601561337,0.0030010627038998556
2693.0,140.0,0.625724637681156,12.629425040878491,0.625724637681156,12.635560673584365,0.004853148160777539,0.003011219133351121
2694.0,140.0,0.6254428341384829,12.629319328481841,0.6254428341384829,12.635442536680383,0.004855433151939618,0.003021358649518286
2695.0,140.0,0.6251610305958097,12.629213616085192,0.6251610305958097,12.635324528101856,0.004857606702767712,0.00303148128056668
2696.0,140.0,0.6248792270531366,12.629107903688544,0.6248792270531366,12.635206642385658,0.004859674248271042,0.003041587054614729
2697.0,140.0,0.6245974235104634,12.629002191291894,0.6245974235104634,12.63508887433377,0.004861640958390304,0.0030516759997340345
2698.0,140.0,0.6243156199677903,12.628896478895246,0.6243156199677903,12.634971219000372,0.00486351175092521,0.00306174814394945
2699.0,140.0,0.6240338164251171,12.628790766498597,0.6240338164251171,12.634853671679526,0.004865291303831548,0.0030718035152391605
2700.0,140.0,0.623752012882444,12.628685054101947,0.623752012882444,12.634736227893493,0.004866984066918514,0.003081842141534759
2701.0,140.0,0.6234702093397708,12.628579341705299,0.6234702093397708,12.6346188833816,0.004868594272975544,0.0030918640507213257
2702.0,140.0,0.6231884057970977,12.62847362930865,0.6231884057970977,12.634501634089656,0.0048701259483564996,0.0031018692706375034
2703.0,140.0,0.6229066022544245,12.628367916912001,0.6229066022544245,12.634384476159877,0.004871582923047648,0.003111857829075576
2704.0,140.0,0.6226247987117514,12.628262204515352,0.6226247987117514,12.634267405921324,0.004872968840244621,0.003121829753781546
2705.0,140.0,0.6223429951690782,12.628156492118702,0.6223429951690782,12.634150419880784,0.004874287165462304,0.00313178507245521
2706.0,140.0,0.622061191626405,12.628050779722054,0.622061191626405,12.634033514714103,0.004875541195200425,0.0031417238127502377
2707.0,140.0,0.6217793880837319,12.627945067325404,0.6217793880837319,12.633916687257942,0.004876734065186524,0.0031516460022742473
2708.0,140.0,0.6214975845410587,12.627839354928756,0.6214975845410587,12.633799934501951,0.004877868758216906,0.003161551668588883
2709.0,140.0,0.6212157809983856,12.627733642532107,0.6212157809983856,12.63368325358128,0.004878948111615182,0.0031714408392098906
2710.0,140.0,0.6209339774557124,12.627627930135459,0.6209339774557124,12.633566641769525,0.004879974824327056,0.003181313541607195
2711.0,140.0,0.6206521739130393,12.627522217738807,0.6206521739130393,12.633450096471934,0.004880951463669099,0.0031911698032049763
2712.0,140.0,0.6203703703703661,12.627416505342158,0.6203703703703661,12.633333615219028,0.004881880471748376,0.0032010096513817444
2713.0,140.0,0.620088566827693,12.62731079294551,0.620088566827693,12.633217195660471,0.004882764171568983,0.003210833113470418
2714.0,140.0,0.6198067632850198,12.627212057234098,0.6198067632850198,12.6331078122445,0.004883604772840771,0.003220640216758398
2715.0,140.0,0.6195249597423467,12.627116519170087,0.6195249597423467,12.633001683804096,0.004884404377504768,0.003230430988487644
2716.0,140.0,0.6192431561996735,12.627020981106076,0.6192431561996735,12.632895610665232,0.00488516498498913,0.0032402054558547506
2717.0,140.0,0.6189613526570004,12.626925443042065,0.6189613526570004,12.632789590898845,0.00488588849720875,0.003249963646011022
2718.0,140.0,0.6186795491143272,12.626829904978054,0.6186795491143272,12.63268362266867,0.0048865767233210395,0.003259705586062548
2719.0,140.0,0.6183977455716541,12.626734366914043,0.6183977455716541,12.63257770422672,0.0048872313842497584,0.003269431303070281
2720.0,140.0,0.6181159420289809,12.626638828850032,0.6181159420289809,12.632471833908992,0.004887854116988227,0.003279140824050106
2721.0,140.0,0.6178341384863077,12.626543290786021,0.6178341384863077,12.632366010131355,0.004888446478692658,0.003288834175972922
2722.0,140.0,0.6175523349436346,12.626447752722008,0.6175523349436346,12.632260231385668,0.00488900995057586,0.0032985113857647123
2723.0,140.0,0.6172705314009614,12.626352214657997,0.6172705314009614,12.632154496236081,0.00488954594161104,0.0033081724803066216
2724.0,140.0,0.6169887278582883,12.626256676593986,0.6169887278582883,12.632048803315495,0.004890055792054973,0.0033178174864350297
2725.0,140.0,0.6167069243156151,12.626161138529975,0.6167069243156151,12.631943151322234,0.004890540776799336,0.0033274464309416265
2726.0,140.0,0.616425120772942,12.626065600465964,0.616425120772942,12.63183753901683,0.0048910021085586085,0.0033370593405734864
2727.0,140.0,0.6161433172302688,12.625970062401953,0.6161433172302688,12.631731965219016,0.004891440940902485,0.0033466562420331426
2728.0,140.0,0.6158615136875957,12.625874524337942,0.6158615136875957,12.631626428804822,0.004891858371140403,0.0033562371619786603
2729.0,140.0,0.6155797101449225,12.625778986273932,0.6155797101449225,12.631520928703843,0.004892255443065387,0.0033658021270237125
2730.0,140.0,0.6152979066022494,12.62568344820992,0.6152979066022494,12.631415463896618,0.004892633149564075,0.0033753511637376527
2731.0,140.0,0.6150161030595762,12.625587910145908,0.6150161030595762,12.631310033412165,0.004892992435099452,0.003384884298645589
2732.0,140.0,0.6147342995169031,12.625492372081897,0.6147342995169031,12.631204636325597,0.0048933341980725,0.003394401558228458
2733.0,140.0,0.6144524959742299,12.625396834017886,0.6144524959742299,12.631099271755893,0.004893659293068668,0.0034039029689230975
2734.0,140.0,0.6141706924315568,12.625301295953875,0.6141706924315568,12.630993938863757,0.004893968532994781,0.0034133885571223216
2735.0,140.0,0.6138888888888836,12.625205757889864,0.6138888888888836,12.630888636849576,0.00489426269111173,0.0034228583491749923
2736.0,140.0,0.6136070853462104,12.625110219825853,0.6136070853462104,12.6307833649515,0.004894542502968028,0.0034323123713860936
2737.0,140.0,0.6133252818035373,12.625014681761842,0.6133252818035373,12.630678122443586,0.004894808668239063,0.003441750650016804
2738.0,140.0,0.6130434782608641,12.62491914369783,0.6130434782608641,12.630572908634068,0.004895061852476651,0.003451173211284571
2739.0,140.0,0.612761674718191,12.624823605633818,0.612761674718191,12.630467722863683,0.004895302688773265,0.003460580081363182
2740.0,140.0,0.6124798711755178,12.624728067569807,0.6124798711755178,12.630362564504079,0.004895531779345092,0.003469971286382837
2741.0,140.0,0.6121980676328447,12.624632529505796,0.6121980676328447,12.630257432956327,0.004895749697037889,0.0034793468524302227
2742.0,140.0,0.6119162640901715,12.624536991441785,0.6119162640901715,12.630152327649476,0.004895956986759397,0.0034887068055485843
2743.0,140.0,0.6116344605474984,12.624441453377774,0.6116344605474984,12.630047248039194,0.0048961541668418925,0.003498051171737798
2744.0,140.0,0.6113526570048252,12.624345915313762,0.6113526570048252,12.62994219360647,0.0048963417303382875,0.003507379976954442
2745.0,140.0,0.6110708534621521,12.624250377249751,0.6110708534621521,12.629837163856383,0.004896520146255021,0.0035166932471118705
2746.0,140.0,0.6107890499194789,12.62415483918574,0.6107890499194789,12.629732158316934,0.004896689860724816,0.003525991008080284
2747.0,140.0,0.6105072463768058,12.624059301121727,0.6105072463768058,12.62962717653792,0.00489685129812225,0.0035352732856868026
2748.0,140.0,0.6102254428341326,12.623963763057716,0.6102254428341326,12.629522218089877,0.0048970048621249035,0.0035445401057155367
2749.0,140.0,0.6099436392914594,12.623866428123733,0.6099436392914594,12.629415485693103,0.004897150936722772,0.003553791493907659
2750.0,140.0,0.6096618357487863,12.623761905709854,0.6096618357487863,12.629301588346713,0.004897289887178436,0.003563027475961476
2751.0,140.0,0.6093800322061131,12.623657383295974,0.6093800322061131,12.629187713157503,0.004897422060940411,0.0035722480775324987
2752.0,140.0,0.60909822866344,12.623552860882098,0.60909822866344,12.629073859769353,0.004897547788511949,0.003581453324233516
2753.0,140.0,0.6088164251207668,12.623448338468219,0.6088164251207668,12.628960027842307,0.004897667384277467,0.0035906432416346634
2754.0,140.0,0.6085346215780937,12.62334381605434,0.6085346215780937,12.628846217051787,0.004897781147288674,0.003599817855263495
2755.0,140.0,0.6082528180354205,12.623239293640461,0.6082528180354205,12.628732427087842,0.004897889362012353,0.0036089771906050545
2756.0,140.0,0.6079710144927474,12.623134771226582,0.6079710144927474,12.62861865765444,0.0048979922990416815,0.003618121273101946
2757.0,140.0,0.6076892109500742,12.623030248812704,0.6076892109500742,12.628504908468775,0.004898090215772849,0.003627250128154405
2758.0,140.0,0.6074074074074011,12.622925726398826,0.6074074074074011,12.628391179260657,0.004898183357048686,0.0036363637811203673
2759.0,140.0,0.6071256038647279,12.622821203984948,0.6071256038647279,12.628277469771861,0.004898271955770898,0.0036454622573155416
2760.0,140.0,0.6068438003220548,12.622716681571069,0.6068438003220548,12.628163779755571,0.0048983562334824395,0.003654545582013479
2761.0,140.0,0.6065619967793816,12.622612159157189,0.6065619967793816,12.628050108975822,0.004898436400921487,0.003663613780445643
2762.0,140.0,0.6062801932367085,12.622507636743311,0.6062801932367085,12.62793645720696,0.004898512658548396,0.0036726668778014793
2763.0,140.0,0.6059983896940353,12.622403114329432,0.6059983896940353,12.627822824233156,0.004898585197046955,0.0036817048992284864
2764.0,140.0,0.6057165861513621,12.622298591915555,0.6057165861513621,12.627709209847922,0.004898654197801193,0.003690727869832285
2765.0,140.0,0.605434782608689,12.622194069501676,0.605434782608689,12.62759561385365,0.004898719833348936,0.0036997358146766885
2766.0,140.0,0.6051529790660158,12.622089547087796,0.6051529790660158,12.627482036061199,0.004898782267813243,0.003708728758783771
2767.0,140.0,0.6048711755233427,12.621985024673918,0.6048711755233427,12.62736847628947,0.004898841657312795,0.0037177067271339397
2768.0,140.0,0.6045893719806695,12.621880502260039,0.6045893719806695,12.627254934365022,0.0048988981503522745,0.0037266697446660005
2769.0,140.0,0.6043075684379964,12.621775979846161,0.6043075684379964,12.62714141012169,0.004898951888193707,0.0037356178362772303
2770.0,140.0,0.6040257648953232,12.621671457432283,0.6040257648953232,12.62702790340025,0.004899003005209688,0.0037445510268234445
2771.0,140.0,0.6037439613526501,12.621566935018405,0.6037439613526501,12.626914414048066,0.00489905162921938,0.0037534693411190676
2772.0,140.0,0.6034621578099769,12.621462412604526,0.6034621578099769,12.62680094191878,0.004899097881808138,0.0037623728039372006
2773.0,140.0,0.6031803542673038,12.621357890190646,0.6031803542673038,12.626687486872006,0.004899141878631523,0.0037712614400096903
2774.0,140.0,0.6028985507246306,12.621253367776768,0.6028985507246306,12.626574048773035,0.004899183729704511,0.0037801352740271976
2775.0,140.0,0.6026167471819575,12.621148845362889,0.6026167471819575,12.626460627492573,0.004899223539676585,0.003788994330639268
2776.0,140.0,0.6023349436392843,12.621044322949013,0.6023349436392843,12.626347222906464,0.00489926140809341,0.0037978386344543974
2777.0,140.0,0.6020531400966112,12.620939800535133,0.6020531400966112,12.626233834895448,0.004899297429645753,0.003806668210040102
2778.0,140.0,0.601771336553938,12.620835278121254,0.601771336553938,12.626120463344925,0.004899331694406259,0.0038154830819229863
2779.0,140.0,0.6014895330112648,12.620730755707376,0.6014895330112648,12.626007108144732,0.0048993642880546745,0.0038242832745888113
2780.0,140.0,0.6012077294685917,12.620626233293496,0.6012077294685917,12.625893769188922,0.0048993952920921,0.0038330688124825624
2781.0,140.0,0.6009259259259185,12.620521710879618,0.6009259259259185,12.625780446375565,0.0048994247840447765,0.003841839720008517
2782.0,140.0,0.6006441223832454,12.62041718846574,0.6006441223832454,12.625667139606552,0.0048994528376579485,0.0038505960215303127
2783.0,140.0,0.6003623188405722,12.620312666051861,0.6003623188405722,12.62555384878741,0.004899479523080261,0.0038593377413710154
2784.0,140.0,0.6000805152978991,12.620208143637983,0.6000805152978991,12.625440573827131,0.004899504907039171,0.0038680649038131854
2785.0,140.0,0.5997987117552259,12.620096520019088,0.5997987117552259,12.625320213432982,0.004899529053007796,0.003876777533098946
2786.0,140.0,0.5995169082125528,12.61998205591819,0.5995169082125528,12.625197028243395,0.004899552021363635,0.0038854756534300516
2787.0,140.0,0.5992351046698796,12.61986759181729,0.5992351046698796,12.625073858658782,0.004899573869539542,0.0038941592889679523
2788.0,140.0,0.5989533011272065,12.619753127716391,0.5989533011272065,12.624950704600389,0.004899594652167336,0.003902828463833864
2789.0,140.0,0.5986714975845333,12.619638663615492,0.5986714975845333,12.62482756599217,0.004899614421214412,0.0039114832021088335
2790.0,140.0,0.5983896940418602,12.619524199514593,0.5983896940418602,12.624704442760645,0.0048996332261136855,0.003920123527833806
2791.0,140.0,0.598107890499187,12.619409735413694,0.598107890499187,12.624581334834797,0.004899651113887199,0.003928749465009693
2792.0,140.0,0.5978260869565138,12.619295271312794,0.5978260869565138,12.624458242145932,0.004899668129263703,0.003937361037597434
2793.0,140.0,0.5975442834138407,12.619180807211894,0.5975442834138407,12.624335164627585,0.004899684314790504,0.003945958269518071
2794.0,140.0,0.5972624798711675,12.619066343110994,0.5972624798711675,12.624212102215402,0.004899699710939847,0.00395454118465281
2795.0,140.0,0.5969806763284944,12.618951879010096,0.5969806763284944,12.624089054847042,0.004899714356210127,0.0039631098068430865
2796.0,140.0,0.5966988727858212,12.618837414909196,0.5966988727858212,12.623966022462083,0.004899728287222146,0.003971664159890634
2797.0,140.0,0.5964170692431481,12.618722950808298,0.5964170692431481,12.623843005001929,0.004899741538810692,0.003980204267557551
2798.0,140.0,0.5961352657004749,12.618608486707396,0.5961352657004749,12.62372000240972,0.0048997541441116385,0.003988730153566363
2799.0,140.0,0.5958534621578018,12.618494022606498,0.5958534621578018,12.623597014630253,0.004899766134644804,0.003997241841600093
2800.0,140.0,0.5955716586151286,12.618379558505598,0.5955716586151286,12.623474041609903,0.004899777540392766,0.004005739355302324
2801.0,140.0,0.5952898550724555,12.618265094404698,0.5952898550724555,12.623351083296546,0.004899788389875836,0.004014222718277267
2802.0,140.0,0.5950080515297823,12.6181506303038,0.5950080515297823,12.623228139639487,0.004899798710223373,0.004022691954089824
2803.0,140.0,0.5947262479871092,12.6180361662029,0.5947262479871092,12.623105210589394,0.0048998085272416204,0.004031147086265655
2804.0,140.0,0.594444444444436,12.617921702102,0.594444444444436,12.62298229609823,0.0048998178654782384,0.004039588138291244
2805.0,140.0,0.5941626409017629,12.6178072380011,0.5941626409017629,12.622859396119203,0.004899826748283683,0.004048015133613963
2806.0,140.0,0.5938808373590897,12.617692773900202,0.5938808373590897,12.622736510606689,0.004899835197869594,0.004056428095642138
2807.0,140.0,0.5935990338164165,12.617578309799303,0.5935990338164165,12.622613639516192,0.0048998432353643375,0.004064827047745114
2808.0,140.0,0.5933172302737434,12.617463845698405,0.5933172302737434,12.622490782804284,0.004899850880865837,0.004073212013253318
2809.0,140.0,0.5930354267310702,12.617349381597505,0.5930354267310702,12.622367940428555,0.004899858153491828,0.004081583015458327
2810.0,140.0,0.5927536231883971,12.617234917496605,0.5927536231883971,12.622245112347565,0.004899865071427664,0.004089940077612929
2811.0,140.0,0.5924718196457239,12.617120453395705,0.5924718196457239,12.622122298520802,0.004899871651971787,0.004098283222931193
2812.0,140.0,0.5921900161030508,12.617005989294805,0.5921900161030508,12.621999498908638,0.004899877911578987,0.0041066124745885255
2813.0,140.0,0.5919082125603776,12.616891525193907,0.5919082125603776,12.621876713472282,0.004899883865901541,0.0041149278557217435
2814.0,140.0,0.5916264090177045,12.616777061093007,0.5916264090177045,12.62175394217375,0.0048998895298283576,0.004123229389429133
2815.0,140.0,0.5913446054750313,12.616662596992109,0.5913446054750313,12.621631184975817,0.004899894917522204,0.0041315170987705156
2816.0,140.0,0.5910628019323582,12.616548132891209,0.5910628019323582,12.621508441841986,0.004899900042455121,0.004139791006767311
2817.0,140.0,0.590780998389685,12.616433668790307,0.590780998389685,12.621385712736464,0.004899904917442109,0.004148051136402603
2818.0,140.0,0.5904991948470119,12.61631920468941,0.5904991948470119,12.621262997624115,0.004899909554673177,0.0041562975106212005
2819.0,140.0,0.5902173913043387,12.61620474058851,0.5902173913043387,12.621140296470436,0.004899913965743817,0.004164530152329704
2820.0,140.0,0.5899355877616655,12.616088381839102,0.5899355877616655,12.621015714593021,0.0048999181616840035,0.004172749084396569
2821.0,140.0,0.5896537842189924,12.61596562865097,0.5896537842189924,12.620884752168333,0.004899922152985773,0.004180954329652166
2822.0,140.0,0.5893719806763192,12.61584287546284,0.5893719806763192,12.620753803602323,0.004899925949629457,0.00418914591088885
2823.0,140.0,0.5890901771336461,12.615720122274713,0.5890901771336461,12.620622868862743,0.004899929561108644,0.004197323850861016
2824.0,140.0,0.5888083735909729,12.615597369086581,0.5888083735909729,12.620491947917843,0.0048999329964539125,0.0042054881722851725
2825.0,140.0,0.5885265700482998,12.615474615898453,0.5885265700482998,12.620361040736357,0.004899936264255416,0.004213638897839993
2826.0,140.0,0.5882447665056266,12.615351862710321,0.5882447665056266,12.62023014728747,0.004899939372684359,0.0042217760501663875
2827.0,140.0,0.5879629629629535,12.615229109522193,0.5879629629629535,12.62009926754081,0.004899942329513434,0.004229899651867563
2828.0,140.0,0.5876811594202803,12.615106356334064,0.5876811594202803,12.619968401466418,0.004899945142136253,0.004238009725509084
2829.0,140.0,0.5873993558776072,12.614983603145932,0.5873993558776072,12.619837549034727,0.0048999478175858376,0.004246106293618939
2830.0,140.0,0.587117552334934,12.614860849957804,0.587117552334934,12.619706710216562,0.004899950362552207,0.0042541893786876
2831.0,140.0,0.5868357487922609,12.614738096769674,0.5868357487922609,12.619575884983108,0.0048999527833991025,0.004262259003168085
2832.0,140.0,0.5865539452495877,12.614615343581544,0.5865539452495877,12.619445073305888,0.004899955086179901,0.004270315189476024
2833.0,140.0,0.5862721417069146,12.614492590393414,0.5862721417069146,12.619314275156771,0.0048999572766527544,0.004278357959989717
2834.0,140.0,0.5859903381642414,12.614369837205285,0.5859903381642414,12.61918349050794,0.004899959360294986,0.0042863873370501985
2835.0,140.0,0.5857085346215682,12.614247084017155,0.5857085346215682,12.619052719331878,0.004899961342316787,0.004294403342961299
2836.0,140.0,0.5854267310788951,12.614124330829025,0.5854267310788951,12.618921961601362,0.004899963227674245,0.004302405999989706
2837.0,140.0,0.5851449275362219,12.614001577640895,0.5851449275362219,12.618791217289449,0.0048999650210817345,0.004310395330365029
2838.0,140.0,0.5848631239935488,12.613878824452765,0.5848631239935488,12.618660486369462,0.004899966727023708,0.004318371356279856
2839.0,140.0,0.5845813204508756,12.613756071264635,0.5845813204508756,12.618529768814978,0.00489996834976591,0.004326334099889821
2840.0,140.0,0.5842995169082025,12.613633318076506,0.5842995169082025,12.618399064599826,0.004899969893366041,0.00433428358331366
2841.0,140.0,0.5840177133655293,12.613510564888378,0.5840177133655293,12.61826837369806,0.004899971361683905,0.004342219828633277
2842.0,140.0,0.5837359098228562,12.613387811700246,0.5837359098228562,12.618137696083961,0.0048999727583910625,0.004350142857893803
2843.0,140.0,0.583454106280183,12.613265058512116,0.583454106280183,12.618007031732034,0.004899974086980008,0.004358052693103659
2844.0,140.0,0.5831723027375099,12.613142305323986,0.5831723027375099,12.617876380616979,0.0048999753507729055,0.004365949356234613
2845.0,140.0,0.5828904991948367,12.613019552135857,0.5828904991948367,12.617745742713707,0.004899976552929897,0.004373832869221846
2846.0,140.0,0.5826086956521636,12.612896798947729,0.5826086956521636,12.617615117997307,0.0048999776964569995,0.004381703253964009
2847.0,140.0,0.5823268921094904,12.612774045759597,0.5823268921094904,12.617484506443061,0.004899978784213627,0.004389560532323289
2848.0,140.0,0.5820450885668172,12.612651292571469,0.5820450885668172,12.617353908026423,0.004899979818919738,0.004397404726125463
2849.0,140.0,0.5817632850241441,12.612528539383339,0.5817632850241441,12.617223322723015,0.004899980803162636,0.004405235857159964
2850.0,140.0,0.5814814814814709,12.612405786195207,0.5814814814814709,12.617092750508625,0.0048999817394034416,0.004413053947179938
2851.0,140.0,0.5811996779387978,12.61228303300708,0.5811996779387978,12.616962191359194,0.004899982629983244,0.004420859017902307
2852.0,140.0,0.5809178743961246,12.612160279818948,0.5809178743961246,12.616831645250812,0.004899983477128958,0.0044286510910078285
2853.0,140.0,0.5806360708534515,12.61203752663082,0.5806360708534515,12.616701112159719,0.004899984282958888,0.0044364301881411545
2854.0,140.0,0.5803542673107783,12.61191477344269,0.5803542673107783,12.616570592062294,0.004899985049488027,0.004444196330910893
2855.0,140.0,0.5800724637681052,12.61179202025456,0.5800724637681052,12.616440084935036,0.0048999857786331,0.004451949540889668
2856.0,140.0,0.579790660225432,12.611671363315045,0.579790660225432,12.616311687003213,0.004899986472217348,0.00445968983961418
2857.0,140.0,0.5795088566827589,12.611551432000049,0.5795088566827589,12.61618402761949,0.004899987131975093,0.004467417248585261
2858.0,140.0,0.5792270531400857,12.611431500685054,0.5792270531400857,12.61605638113623,0.004899987759556073,0.004475131789267944
2859.0,140.0,0.5789452495974126,12.61131156937006,0.5789452495974126,12.615928747530438,0.004899988356529567,0.0044828334830915115
2860.0,140.0,0.5786634460547394,12.611191638055065,0.5786634460547394,12.615801126779226,0.004899988924388321,0.004490522351449563
2861.0,140.0,0.5783816425120663,12.61107170674007,0.5783816425120663,12.615673518859817,0.004899989464552276,0.004498198415700073
2862.0,140.0,0.5780998389693931,12.610951775425074,0.5780998389693931,12.615545923749538,0.004899989978372125,0.004505861697165444
2863.0,140.0,0.57781803542672,12.610831844110079,0.57781803542672,12.615418341425814,0.004899990467132684,0.004513512217132576
2864.0,140.0,0.5775362318840468,12.610711912795084,0.5775362318840468,12.615290771866174,0.004899990932056109,0.0045211499968529165
2865.0,140.0,0.5772544283413736,12.61059198148009,0.5772544283413736,12.615163215048241,0.004899991374304951,0.004528775057542527
2866.0,140.0,0.5769726247987005,12.610472050165093,0.5769726247987005,12.615035670949727,0.004899991794985062,0.004536387420382136
2867.0,140.0,0.5766908212560273,12.610352118850098,0.5766908212560273,12.614908139548433,0.0048999921951483625,0.0045439871065172
2868.0,140.0,0.5764090177133542,12.610232187535104,0.5764090177133542,12.61478062082225,0.004899992575795468,0.004551574137057964
2869.0,140.0,0.576127214170681,12.61011225622011,0.576127214170681,12.614653114749151,0.004899992937878196,0.004559148533079517
2870.0,140.0,0.5758454106280079,12.609992324905114,0.5758454106280079,12.61452562130719,0.0048999932823019406,0.004566710315621853
2871.0,140.0,0.5755636070853347,12.609872393590118,0.5755636070853347,12.614398140474501,0.004899993609927941,0.004574259505689929
2872.0,140.0,0.5752818035426616,12.609752462275123,0.5752818035426616,12.614270672229292,0.004899993921575432,0.004581796124253722
2873.0,140.0,0.5749999999999884,12.609632530960129,0.5749999999999884,12.614143216549856,0.004899994218023697,0.0045893201922482885
2874.0,140.0,0.5747181964573153,12.609512599645134,0.5747181964573153,12.614015773414545,0.004899994500014008,0.004596831730573822
2875.0,140.0,0.5744363929146421,12.609392668330138,0.5744363929146421,12.613888342801792,0.00489999476825149,0.004604330760095711
2876.0,140.0,0.574154589371969,12.609272737015143,0.574154589371969,12.61376092469009,0.004899995023406875,0.004611817301644599
2877.0,140.0,0.5738727858292958,12.609152805700148,0.5738727858292958,12.613633519058013,0.0048999952661181855,0.004619291376016439
2878.0,140.0,0.5735909822866226,12.609032874385155,0.5735909822866226,12.613506125884191,0.004899995496992326,0.004626753003972553
2879.0,140.0,0.5733091787439495,12.608912943070159,0.5733091787439495,12.613378745147314,0.004899995716606601,0.004634202206239691
2880.0,140.0,0.5730273752012763,12.608793011755164,0.5730273752012763,12.613251376826144,0.004899995925510162,0.004641639003510085
2881.0,140.0,0.5727455716586032,12.60867308044017,0.5727455716586032,12.613124020899503,0.004899996124225377,0.004649063416441512
2882.0,140.0,0.57246376811593,12.608553149125175,0.57246376811593,12.612996677346269,0.004899996313249135,0.0046564754656573445
2883.0,140.0,0.5721819645732569,12.60843321781018,0.5721819645732569,12.612869346145379,0.004899996493054096,0.004663875171746613
2884.0,140.0,0.5719001610305837,12.608313286495184,0.5719001610305837,12.61274202727583,0.004899996664089866,0.004671262555264062
2885.0,140.0,0.5716183574879106,12.60819335518019,0.5716183574879106,12.612614720716675,0.004899996826784122,0.004678637636730205
2886.0,140.0,0.5713365539452374,12.608073423865195,0.5713365539452374,12.612487426447018,0.004899996981543687,0.004686000436631386
2887.0,140.0,0.5710547504025643,12.6079534925502,0.5710547504025643,12.612360144446026,0.004899997128755538,0.00469335097541983
2888.0,140.0,0.5707729468598911,12.607833561235203,0.5707729468598911,12.612232874692902,0.0048999972687877825,0.004700689273513706
2889.0,140.0,0.570491143317218,12.607713629920209,0.570491143317218,12.612105617166922,0.004899997401990574,0.004708015351297179
2890.0,140.0,0.5702093397745448,12.607593698605214,0.5702093397745448,12.611978371847394,0.004899997528696989,0.004715329229120471
2891.0,140.0,0.5699275362318716,12.607473565652306,0.5699275362318716,12.611850937075783,0.004899997649223858,0.0047226309272999124
2892.0,140.0,0.5696457326891985,12.607352850189873,0.5696457326891985,12.61172293195988,0.004899997763872564,0.004729920466118005
2893.0,140.0,0.5693639291465253,12.60723213472744,0.5693639291465253,12.611594938988688,0.004899997872929785,0.0047371978658234705
2894.0,140.0,0.5690821256038522,12.607111419265006,0.5690821256038522,12.611466958141706,0.004899997976668223,0.004744463146631314
2895.0,140.0,0.568800322061179,12.606990703802575,0.568800322061179,12.611338989398504,0.004899998075347279,0.004751716328722875
2896.0,140.0,0.5685185185185059,12.60686998834014,0.5685185185185059,12.611211032738682,0.0048999981692136995,0.004758957432245887
2897.0,140.0,0.5682367149758327,12.606749272877709,0.5682367149758327,12.611083088141891,0.004899998258502201,0.00476618647731453
2898.0,140.0,0.5679549114331596,12.606628557415274,0.5679549114331596,12.61095515558783,0.0048999983434360505,0.00477340348400949
2899.0,140.0,0.5676731078904864,12.60650784195284,0.5676731078904864,12.610827235056234,0.004899998424227627,0.004780608472378013
2900.0,140.0,0.5673913043478133,12.606387126490409,0.5673913043478133,12.610699326526895,0.004899998501078953,0.0047878014624339596
2901.0,140.0,0.5671095008051401,12.606266411027974,0.5671095008051401,12.610571429979636,0.004899998574182195,0.004794982474157862
2902.0,140.0,0.566827697262467,12.606145695565543,0.566827697262467,12.610443545394324,0.004899998643720149,0.00480215152749698
2903.0,140.0,0.5665458937197938,12.606024980103108,0.5665458937197938,12.610315672750877,0.004899998709866698,0.004809308642365356
2904.0,140.0,0.5662640901771206,12.605904264640676,0.5662640901771206,12.610187812029245,0.004899998772787241,0.004816453838643868
2905.0,140.0,0.5659822866344475,12.605783549178243,0.5659822866344475,12.610059963209423,0.004899998832639114,0.004823587136180288
2906.0,140.0,0.5657004830917743,12.60566283371581,0.5657004830917743,12.609932126271449,0.004899998889571976,0.004830708554789337
2907.0,140.0,0.5654186795491012,12.605542118253377,0.5654186795491012,12.609804301195396,0.004899998943728189,0.004837818114252738
2908.0,140.0,0.565136876006428,12.605421402790943,0.565136876006428,12.609676487961382,0.0048999989952431735,0.004844915834319271
2909.0,140.0,0.5648550724637549,12.60530068732851,0.5648550724637549,12.609548686549559,0.004899999044245742,0.00485200173470483
2910.0,140.0,0.5645732689210817,12.605179971866079,0.5645732689210817,12.609420896940128,0.004899999090858427,0.004859075835092476
2911.0,140.0,0.5642914653784086,12.605059256403644,0.5642914653784086,12.609293119113314,0.004899999135197785,0.004866138155132493
2912.0,140.0,0.5640096618357354,12.604938540941212,0.5640096618357354,12.609165353049393,0.0048999991773746865,0.00487318871444244
2913.0,140.0,0.5637278582930623,12.604817825478777,0.5637278582930623,12.609037598728676,0.0048999992174945965,0.004880227532607209
2914.0,140.0,0.5634460547503891,12.604697110016346,0.5634460547503891,12.60890985613151,0.0048999992556578355,0.004887254629179078
2915.0,140.0,0.563164251207716,12.604576394553913,0.563164251207716,12.608782125238275,0.004899999291959831,0.004894270023677764
2916.0,140.0,0.5628824476650428,12.60445567909148,0.5628824476650428,12.608654406029398,0.004899999326491357,0.004901273735590478
2917.0,140.0,0.5626006441223697,12.604334963629046,0.5626006441223697,12.608526698485335,0.0048999993593387605,0.00490826578437198
2918.0,140.0,0.5623188405796965,12.604214248166613,0.5623188405796965,12.608399002586586,0.004899999390584177,0.004915246189444632
2919.0,140.0,0.5620370370370233,12.60409353270418,0.5620370370370233,12.608271318313674,0.004899999420305738,0.004922214970198452
2920.0,140.0,0.5617552334943502,12.603972817241749,0.5617552334943502,12.60814364564718,0.00489999944857776,0.0049291721459911704
2921.0,140.0,0.561473429951677,12.603852101779314,0.561473429951677,12.608015984567695,0.00489999947547094,0.004936117736148279
2922.0,140.0,0.5611916264090039,12.603731386316882,0.5611916264090039,12.607888335055867,0.004899999501052524,0.0049430517599630885
2923.0,140.0,0.5609098228663307,12.603610670854447,0.5609098228663307,12.607760697092365,0.004899999525386479,0.0049499742366967804
2924.0,140.0,0.5606280193236576,12.603489955392016,0.5606280193236576,12.607633070657904,0.004899999548533653,0.004956885185578462
2925.0,140.0,0.5603462157809844,12.603369239929583,0.5603462157809844,12.607505455733225,0.004899999570551926,0.004963784625805216
2926.0,140.0,0.5600644122383113,12.603248524467148,0.5600644122383113,12.607377852299111,0.004899999591496356,0.004970672576542161
2927.0,140.0,0.5597826086956381,12.603117263572642,0.5597826086956381,12.6072397149043,0.004899999611419313,0.004977549056922497
2928.0,140.0,0.559500805152965,12.602982878105667,0.559500805152965,12.607098464389248,0.004899999630370616,0.004984414086047562
2929.0,140.0,0.5592190016102918,12.602848492638696,0.5592190016102918,12.60695722530731,0.004899999648397654,0.004991267682986886
2930.0,140.0,0.5589371980676187,12.602714107171721,0.5589371980676187,12.606815997639398,0.004899999665545502,0.0049981098667782435
2931.0,140.0,0.5586553945249455,12.602579721704748,0.5586553945249455,12.606674781366463,0.00489999968185704,0.005004940656427704
2932.0,140.0,0.5583735909822723,12.602445336237775,0.5583735909822723,12.606533576469491,0.004899999697373055,0.005011760070909688
2933.0,140.0,0.5580917874395992,12.6023109507708,0.5580917874395992,12.606392382929503,0.004899999712132345,0.005018568129167018
2934.0,140.0,0.557809983896926,12.602176565303829,0.557809983896926,12.606251200727545,0.004899999726171816,0.005025364850110972
2935.0,140.0,0.5575281803542529,12.602042179836854,0.5575281803542529,12.606110029844707,0.004899999739526574,0.0050321502526213336
2936.0,140.0,0.5572463768115797,12.60190779436988,0.5572463768115797,12.605968870262105,0.004899999752230013,0.005038924355546448
2937.0,140.0,0.5569645732689066,12.601773408902908,0.5569645732689066,12.60582772196089,0.004899999764313897,0.005045687177703272
2938.0,140.0,0.5566827697262334,12.601639023435935,0.5566827697262334,12.605686584922248,0.004899999775808444,0.005052438737877428
2939.0,140.0,0.5564009661835603,12.60150463796896,0.5564009661835603,12.605545459127395,0.004899999786742395,0.005059179054823252
2940.0,140.0,0.5561191626408871,12.601370252501988,0.5561191626408871,12.60540434455758,0.004899999797143091,0.005065908147263853
2941.0,140.0,0.555837359098214,12.601235867035014,0.555837359098214,12.605263241194086,0.004899999807036539,0.0050726260338911575
2942.0,140.0,0.5555555555555408,12.601101481568042,0.5555555555555408,12.605122149018227,0.004899999816447478,0.005079332733365967
2943.0,140.0,0.5552737520128677,12.600967096101067,0.5552737520128677,12.604981068011352,0.004899999825399439,0.005086028264318005
2944.0,140.0,0.5549919484701945,12.600832710634094,0.5549919484701945,12.604839998154832,0.004899999833914809,0.0050927126453459756
2945.0,140.0,0.5547101449275214,12.600698325167121,0.5547101449275214,12.60469893943009,0.004899999842014879,0.005099385895017606
2946.0,140.0,0.5544283413848482,12.600563939700148,0.5544283413848482,12.604557891818558,0.004899999849719904,0.005106048031869705
2947.0,140.0,0.554146537842175,12.600429554233173,0.554146537842175,12.604416855301716,0.004899999857049151,0.005112699074408214
2948.0,140.0,0.5538647342995019,12.600295168766202,0.5538647342995019,12.604275829861072,0.0048999998640209454,0.0051193390411082545
2949.0,140.0,0.5535829307568287,12.600160783299227,0.5535829307568287,12.60413481547816,0.004899999870652722,0.005125967950414183
2950.0,140.0,0.5533011272141556,12.600026397832256,0.5533011272141556,12.603993812134554,0.004899999876961063,0.005132585820739641
2951.0,140.0,0.5530193236714824,12.599892012365281,0.5530193236714824,12.60385281981185,0.004899999882961742,0.005139192670467605
2952.0,140.0,0.5527375201288093,12.599757626898306,0.5527375201288093,12.603711838491687,0.004899999888669765,0.0051457885179504404
2953.0,140.0,0.5524557165861361,12.599623241431335,0.5524557165861361,12.603570868155725,0.004899999894099404,0.0051523733815099495
2954.0,140.0,0.552173913043463,12.59948885596436,0.552173913043463,12.60342990878566,0.004899999899264237,0.005158947279437425
2955.0,140.0,0.5518921095007898,12.599354470497389,0.5518921095007898,12.603288960363217,0.004899999904177178,0.005165510229993698
2956.0,140.0,0.5516103059581167,12.599220085030414,0.5516103059581167,12.603148022870155,0.004899999908850512,0.00517206225140919
2957.0,140.0,0.5513285024154435,12.59908569956344,0.5513285024154435,12.60300709628826,0.0048999999132959245,0.005178603361883967
2958.0,140.0,0.5510466988727704,12.598951314096468,0.5510466988727704,12.602866180599356,0.0048999999175245315,0.005185133579587783
2959.0,140.0,0.5507648953300972,12.598816928629494,0.5507648953300972,12.602725275785287,0.004899999921546908,0.005191652922660136
2960.0,140.0,0.550483091787424,12.59868254316252,0.550483091787424,12.602584381827938,0.00489999992537311,0.005198161409210317
2961.0,140.0,0.5502012882447509,12.598548157695548,0.5502012882447509,12.602443498709217,0.0048999999290127065,0.005204659057317459
2962.0,140.0,0.5499194847020777,12.598413077144563,0.5499194847020777,12.602301931327057,0.004899999932474797,0.005211145885030589
2963.0,140.0,0.5496376811594046,12.598276258883551,0.5496376811594046,12.602158637037416,0.00489999993576804,0.005217621910368677
2964.0,140.0,0.5493558776167314,12.59813944062254,0.5493558776167314,12.60201535353232,0.004899999938900669,0.005224087151320686
2965.0,140.0,0.5490740740740583,12.59800262236153,0.5490740740740583,12.601872080793806,0.004899999941880518,0.005230541625845623
2966.0,140.0,0.5487922705313851,12.59786580410052,0.5487922705313851,12.601728818803931,0.004899999944715038,0.005236985351872588
2967.0,140.0,0.548510466988712,12.59772898583951,0.548510466988712,12.601585567544797,0.004899999947411317,0.005243418347300824
2968.0,140.0,0.5482286634460388,12.5975921675785,0.5482286634460388,12.601442326998523,0.004899999949976097,0.005249840629999768
2969.0,140.0,0.5479468599033657,12.59745534931749,0.5479468599033657,12.601299097147265,0.004899999952415792,0.0052562522178090975
2970.0,140.0,0.5476650563606925,12.59731853105648,0.5476650563606925,12.601155877973206,0.0048999999547365,0.005262653128538782
2971.0,140.0,0.5473832528180194,12.597181712795468,0.5473832528180194,12.601012669458557,0.004899999956944027,0.0052690433799691344
2972.0,140.0,0.5471014492753462,12.597044894534458,0.5471014492753462,12.600869471585565,0.0048999999590438915,0.005275422989850857
2973.0,140.0,0.546819645732673,12.596908076273447,0.546819645732673,12.600726284336499,0.004899999961041344,0.005281791975905091
2974.0,140.0,0.5465378421899999,12.596771258012437,0.5465378421899999,12.600583107693671,0.00489999996294138,0.005288150355823471
2975.0,140.0,0.5462560386473267,12.596634439751426,0.5462560386473267,12.600439941639408,0.00489999996474875,0.0052944981472681655
2976.0,140.0,0.5459742351046536,12.596497621490416,0.5459742351046536,12.600296786156074,0.004899999966467974,0.005300835367871933
2977.0,140.0,0.5456924315619804,12.596360803229405,0.5456924315619804,12.600153641226063,0.00489999996810335,0.005307162035238168
2978.0,140.0,0.5454106280193073,12.596223984968393,0.5454106280193073,12.600010506831794,0.004899999969658967,0.0053134781669409515
2979.0,140.0,0.5451288244766341,12.596087166707383,0.5451288244766341,12.59986738295572,0.004899999971138717,0.0053197837805250975
2980.0,140.0,0.544847020933961,12.595950348446372,0.544847020933961,12.599724269580319,0.004899999972546298,0.005326078893506203
2981.0,140.0,0.5445652173912878,12.595813530185362,0.5445652173912878,12.599581166688106,0.004899999973885231,0.005332363523370697
2982.0,140.0,0.5442834138486147,12.595676711924352,0.5442834138486147,12.599438074261617,0.004899999975158863,0.005338637687575889
2983.0,140.0,0.5440016103059415,12.595539893663341,0.5440016103059415,12.59929499228342,0.004899999976370379,0.005344901403550016
2984.0,140.0,0.5437198067632684,12.59540307540233,0.5437198067632684,12.599151920736114,0.004899999977522809,0.005351154688692295
2985.0,140.0,0.5434380032205952,12.595266257141319,0.5434380032205952,12.599008859602328,0.004899999978619034,0.005357397560372966
2986.0,140.0,0.5431561996779221,12.595129438880308,0.5431561996779221,12.598865808864714,0.004899999979661796,0.005363630035933342
2987.0,140.0,0.5428743961352489,12.594992620619298,0.5428743961352489,12.59872276850596,0.004899999980653701,0.005369852132685859
2988.0,140.0,0.5425925925925758,12.594855802358287,0.5425925925925758,12.598579738508775,0.004899999981597231,0.005376063867914125
2989.0,140.0,0.5423107890499026,12.594718984097277,0.5423107890499026,12.598436718855908,0.004899999982494745,0.005382265258872962
2990.0,140.0,0.5420289855072294,12.594582165836266,0.5420289855072294,12.598293709530129,0.004899999983348486,0.005388456322788461
2991.0,140.0,0.5417471819645563,12.594445347575256,0.5417471819645563,12.598150710514236,0.00489999998416059,0.005394637076858026
2992.0,140.0,0.5414653784218831,12.594308529314244,0.5414653784218831,12.59800772179106,0.004899999984933087,0.005400807538250421
2993.0,140.0,0.54118357487921,12.594171711053233,0.54118357487921,12.597864743343461,0.004899999985667909,0.0054069677241058225
2994.0,140.0,0.5409017713365368,12.594034892792223,0.5409017713365368,12.597721775154321,0.004899999986366893,0.00541311765153586
2995.0,140.0,0.5406199677938637,12.593898074531213,0.5406199677938637,12.597578817206557,0.004899999987031787,0.005419257337623671
2996.0,140.0,0.5403381642511905,12.593761256270202,0.5403381642511905,12.597435869483114,0.004899999987664255,0.005425386799423941
2997.0,140.0,0.5400563607085174,12.593624438009192,0.5400563607085174,12.597292931966962,0.004899999988265876,0.005431506053962958
2998.0,140.0,0.5397745571658442,12.593485225475122,0.5397745571658442,12.597147610368046,0.004899999988838156,0.005437615118238656
2999.0,140.0,0.5394927536231711,12.59334541437279,0.5394927536231711,12.597001700374188,0.004899999989382525,0.0054437140092206595
3000.0,-30.0,0.5392109500804979,13.216925573027632,0.5392109500804979,13.203575770293881,0.004899999989900345,0.005449802743850338
3001.0,-30.0,0.5392713365539279,13.216937420017432,0.5392713365539279,13.203890124940187,0.0046098150661721595,0.005437480011073719
3002.0,-30.0,0.5393317230273579,13.216949267007235,0.5393317230273579,13.204190306579981,0.004333782628175413,0.005425177799079659
3003.0,-30.0,0.5393921095007879,13.216961113997037,0.5393921095007879,13.204477005472306,0.00407121245103624,0.005412896073695338
3004.0,-30.0,0.5394524959742178,13.216972960986837,0.5394524959742178,13.204750878213488,0.0038214479725450935,0.005400634800804846
3005.0,-30.0,0.5395128824476478,13.21698480797664,0.5395128824476478,13.205012549378882,0.0035838646514092395,0.0053883939463490816
3006.0,-30.0,0.5395732689210778,13.216996654966442,0.5395732689210778,13.205262613084543,0.0033578684055742126,0.005376173476325665
3007.0,-30.0,0.5396336553945078,13.217008501956244,0.5396336553945078,13.205501634472746,0.0031428941267092384,0.005363973356788838
3008.0,-30.0,0.5396940418679378,13.217020348946045,0.5396940418679378,13.205730151125053,0.0029384042671420528,0.005351793553849372
3009.0,-30.0,0.5397544283413678,13.217032195935847,0.5397544283413678,13.205948674406464,0.002743887495709727,0.005339634033674473
3010.0,-30.0,0.5398148148147978,13.217044042925648,0.5398148148147978,13.206157690743996,0.0025588574191644188,0.005327494762487688
3011.0,-30.0,0.5398752012882277,13.21705588991545,0.5398752012882277,13.206357662842944,0.0023828513659369024,0.005315375706568811
3012.0,-30.0,0.5399355877616577,13.217067736905253,0.5399355877616577,13.206549030843782,0.0022154292292166497,0.005303276832253791
3013.0,-30.0,0.5399959742350877,13.217079583895053,0.5399959742350877,13.206732213422663,0.002056172366455564,0.005291198105934636
3014.0,-30.0,0.5400563607085177,13.217095326452132,0.5400563607085177,13.20691150440553,0.0019046825525435474,0.005279139494059319
3015.0,-30.0,0.5401167471819477,13.21711134726402,0.5401167471819477,13.20708366531685,0.0017605809840382993,0.00526710096313169
3016.0,-30.0,0.5401771336553777,13.217127368075904,0.5401771336553777,13.207248778264233,0.001623507331959402,0.005255082479711377
3017.0,-30.0,0.5402375201288077,13.217143388887791,0.5402375201288077,13.2074071860366,0.0014931188407781813,0.005243084010413696
3018.0,-30.0,0.5402979066022376,13.217159409699677,0.5402979066022376,13.207559214706418,0.0013690894713503524,0.005231105521909559
3019.0,-30.0,0.5403582930756676,13.217175430511563,0.5403582930756676,13.207705174444989,0.0012511090856483322,0.005219146980925377
3020.0,-30.0,0.5404186795490976,13.21719145132345,0.5404186795490976,13.207845360297952,0.0011388826712546273,0.005207208354242975
3021.0,-30.0,0.5404790660225276,13.217207472135335,0.5404790660225276,13.207980052922958,0.0010321296036771247,0.0051952896086994915
3022.0,-30.0,0.5405394524959576,13.217223492947221,0.5405394524959576,13.208109519291392,0.0009305829446416912,0.0051833907111872935
3023.0,-30.0,0.5405998389693876,13.217239513759107,0.5405998389693876,13.208234013355847,0.0008339887746074455,0.00517151162865388
3024.0,-30.0,0.5406602254428176,13.217255534570993,0.5406602254428176,13.208353776685057,0.0007421055578356458,0.005159652328101792
3025.0,-30.0,0.5407206119162475,13.21727155538288,0.5407206119162475,13.208469039067866,0.0006547035384245325,0.005147812776588521
3026.0,-30.0,0.5407809983896775,13.217287576194765,0.5407809983896775,13.208580019087739,0.0005715641657998989,0.005135992941226414
3027.0,-30.0,0.5408413848631075,13.217303597006651,0.5408413848631075,13.208686924669244,0.0004924795482248183,0.0051241927891825904
3028.0,-30.0,0.5409017713365375,13.217319617818537,0.5409017713365375,13.208789953597897,0.00041725193296201525,0.00511241228767884
3029.0,-30.0,0.5409621578099675,13.217335638630423,0.5409621578099675,13.208889294014643,0.00034569321178901796,0.005100651403991542
3030.0,-30.0,0.5410225442833975,13.21735165944231,0.5410225442833975,13.208985124886228,0.0002776244506296207,0.005088910105451566
3031.0,-30.0,0.5410829307568275,13.217367680254196,0.5410829307568275,13.209077616452626,0.00021287544212549074,0.005077188359444187
3032.0,-30.0,0.5411433172302574,13.217383701066082,0.5411433172302574,13.209166930652643,0.00015128428002911533,0.0050654861334089914
3033.0,-30.0,0.5412037037036874,13.217399721877968,0.5412037037036874,13.209253221528773,9.269695435384996e-05,0.005053803394839788
3034.0,-30.0,0.5412640901771174,13.217415742689854,0.5412640901771174,13.209336635612301,3.696696626873136e-05,0.005042140111284519
3035.0,-30.0,0.5413244766505474,13.21743176350174,0.5413244766505474,13.209417312289618,-1.604503822490764e-05,0.005030496250345165
3036.0,-30.0,0.5413848631239774,13.217447784313626,0.5413848631239774,13.2094953841507,-6.647161675102114e-05,0.005018871779677663
3037.0,-30.0,0.5414452495974074,13.217463805125512,0.5414452495974074,13.209570977320542,-0.00011443886202195614,0.005007266666991807
3038.0,-30.0,0.5415056360708373,13.217479825937398,0.5415056360708373,13.209644211774481,-0.00016006671713591223,0.004995680880051166
3039.0,-30.0,0.5415660225442673,13.217495846749284,0.5415660225442673,13.209715201638108,-0.00020346927549716267,0.004984114386672992
3040.0,-30.0,0.5416264090176973,13.21751186756117,0.5416264090176973,13.20978405547255,-0.00024475506610899353,0.004972567154728128
3041.0,-30.0,0.5416867954911273,13.217527888373056,0.5416867954911273,13.209850876545868,-0.0002840273249527424,0.004961039152140923
3042.0,-30.0,0.5417471819645573,13.217543909184942,0.5417471819645573,13.209915763091184,-0.0003213842531315247,0.0049495303468891395
3043.0,-30.0,0.5418075684379873,13.217559929996828,0.5418075684379873,13.209978808552249,-0.00035691926242414234,0.004938040707003867
3044.0,-30.0,0.5418679549114173,13.217575950808714,0.5418679549114173,13.210040101817007,-0.0003907212088631865,0.0049265702005694325
3045.0,-30.0,0.5419283413848472,13.2175919716206,0.5419283413848472,13.210099727439797,-0.0004228746149214025,0.00491511879572331
3046.0,-30.0,0.5419887278582772,13.217607992432486,0.5419887278582772,13.210157765852692,-0.000453459880861897,0.004903686460656034
3047.0,-30.0,0.5420491143317072,13.217624013244372,0.5420491143317072,13.210214293566542,-0.00048255348578067495,0.004892273163611112
3048.0,-30.0,0.5421095008051372,13.217640034056258,0.5421095008051372,13.210269383362217,-0.0005102281788442152,0.004880878872884932
3049.0,-30.0,0.5421698872785672,13.217656054868144,0.5421698872785672,13.210323104472518,-0.0005365531612002805,0.00486950355682668
3050.0,-30.0,0.5422302737519972,13.21767207568003,0.5422302737519972,13.210375522755207,-0.0005615942590168319,0.0048581471838382495
3051.0,-30.0,0.5422906602254272,13.217688096491916,0.5422906602254272,13.210426700857626,-0.0005854140880817362,0.0048468097223741515
3052.0,-30.0,0.5423510466988571,13.217704117303802,0.5423510466988571,13.210476698373235,-0.0006080722103748504,0.00483549114094143
3053.0,-30.0,0.5424114331722871,13.217720138115688,0.5424114331722871,13.210525571990594,-0.0006296252830039963,0.004824191408099575
3054.0,-30.0,0.5424718196457171,13.217736158927574,0.5424718196457171,13.21057337563499,-0.0006501271998772409,0.004812910492460432
3055.0,-30.0,0.5425322061191471,13.217752179739461,0.5425322061191471,13.210620160603238,-0.0006696292264657388,0.004801648362688116
3056.0,-30.0,0.5425925925925771,13.217768200551346,0.5425925925925771,13.21066597569184,-0.0006881801279941132,0.004790404987498926
3057.0,-30.0,0.5426529790660071,13.217784221363233,0.5426529790660071,13.21071086731895,-0.0007058262913789182,0.004779180335661258
3058.0,-30.0,0.542713365539437,13.217800242175118,0.542713365539437,13.210754879640342,-0.0007226118412200918,0.004767974375995516
3059.0,-30.0,0.542773752012867,13.217816262987006,0.542773752012867,13.210798054659767,-0.0007385787501354395,0.0047567870773740275
3060.0,-30.0,0.542834138486297,13.21783228379889,0.542834138486297,13.210840432333882,-0.000753766943714041,0.004745618408720955
3061.0,-30.0,0.542894524959727,13.217848304610778,0.542894524959727,13.210882050672115,-0.0007682144003510195,0.004734468339012212
3062.0,-30.0,0.542954911433157,13.217864325422662,0.542954911433157,13.2109229458316,-0.0007819572462133117,0.004723336837275376
3063.0,-30.0,0.543015297906587,13.21788034623455,0.543015297906587,13.210963152207533,-0.0007950298455739019,0.0047122238725896
3064.0,-30.0,0.543075684380017,13.217896367046434,0.543075684380017,13.211002702519089,-0.0008074648867404044,0.004701129414085532
3065.0,-30.0,0.543136070853447,13.217912387858322,0.543136070853447,13.21104162789117,-0.0008192934637928594,0.004690053430945225
3066.0,-30.0,0.5431964573268769,13.217928408670206,0.5431964573268769,13.211079957932139,-0.0008305451543351285,0.004678995892402052
3067.0,-30.0,0.5432568438003069,13.217944429482094,0.5432568438003069,13.211117720807808,-0.0008412480934543112,0.0046679567677406185
3068.0,-30.0,0.5433172302737369,13.217960450293978,0.5433172302737369,13.211154943311755,-0.0008514290440731176,0.004656936026296685
3069.0,-30.0,0.5433776167471669,13.217976471105866,0.5433776167471669,13.21119165093228,-0.000861113463871115,0.004645933637457073
3070.0,-30.0,0.5434380032205969,13.21799249191775,0.5434380032205969,13.211227867916032,-0.0008703255689421873,0.004634949570659584
3071.0,-30.0,0.5434983896940269,13.218008512729638,0.5434983896940269,13.211263617328592,-0.0008790883943473836,0.004623983795392914
3072.0,-30.0,0.5435587761674568,13.218024533541522,0.5435587761674568,13.211298921112041,-0.0008874238517145687,0.0046130362811965695
3073.0,-30.0,0.5436191626408868,13.21804055435341,0.5436191626408868,13.211333800139778,-0.0008953527840289064,0.004602106997660782
3074.0,-30.0,0.5436795491143168,13.218056575165294,0.5436795491143168,13.211368274268619,-0.000902895017751179,0.004591195914426423
3075.0,-30.0,0.5437399355877468,13.218072595977182,0.5437399355877468,13.211402362388391,-0.0009100694123942662,0.004580303001184921
3076.0,-30.0,0.5438003220611768,13.218088616789066,0.5438003220611768,13.21143608246907,-0.0009168939076817511,0.004569428227678177
3077.0,-30.0,0.5438607085346068,13.218104637600954,0.5438607085346068,13.21146945160566,-0.0009233855684065731,0.004558571563698479
3078.0,-30.0,0.5439210950080368,13.218120658412838,0.5439210950080368,13.211502486060851,-0.0009295606271018994,0.004547732979088422
3079.0,-30.0,0.5439814814814667,13.218136679224726,0.5439814814814667,13.211535201305617,-0.0009354345246309129,0.004536912443740818
3080.0,-30.0,0.5440418679548967,13.21815270003661,0.5440418679548967,13.21156761205781,-0.0009410219487970125,0.004526109927598617
3081.0,-30.0,0.5441022544283267,13.218168720848498,0.5441022544283267,13.211599732318913,-0.0009463368710709728,0.004515325400654824
3082.0,-30.0,0.5441626409017567,13.218184741660382,0.5441626409017567,13.211631575408957,-0.0009513925815268982,0.004504558832952412
3083.0,-30.0,0.5442230273751867,13.21820076247227,0.5442230273751867,13.21166315399976,-0.0009562017220743302,0.004493810194584243
3084.0,-30.0,0.5442834138486167,13.218216783284154,0.5442834138486167,13.211694480146532,-0.000960776318069607,0.004483079455692979
3085.0,-30.0,0.5443438003220467,13.218232804096042,0.5443438003220467,13.211725565317955,-0.0009651278083855175,0.0044723665864710065
3086.0,-30.0,0.5444041867954766,13.218248824907926,0.5444041867954766,13.21175642042478,-0.0009692670740144414,0.004461671557160349
3087.0,-30.0,0.5444645732689066,13.218264845719814,0.5444645732689066,13.211787055847038,-0.0009732044652764983,0.004450994338052583
3088.0,-30.0,0.5445249597423366,13.218280866531698,0.5445249597423366,13.211817481459912,-0.0009769498277007389,0.004440334899488761
3089.0,-30.0,0.5445853462157666,13.218296887343586,0.5445853462157666,13.21184770665837,-0.0009805125266440957,0.0044296932118593245
3090.0,-30.0,0.5446457326891966,13.21831290815547,0.5446457326891966,13.211877740380578,-0.0009839014707096545,0.0044190692456040235
3091.0,-30.0,0.5447061191626266,13.218328928967358,0.5447061191626266,13.211907591130169,-0.000987125134022801,0.004408462971211833
3092.0,-30.0,0.5447665056360566,13.218344949779244,0.5447665056360566,13.211937266997444,-0.0009901915774209495,0.004397874359220874
3093.0,-30.0,0.5448268921094865,13.21836097059113,0.5448268921094865,13.211966775679521,-0.0009931084686098342,0.004387303380218327
3094.0,-30.0,0.5448872785829165,13.218376991403016,0.5448872785829165,13.211996124499512,-0.0009958831013367683,0.004376750004840355
3095.0,-30.0,0.5449476650563465,13.218393012214902,0.5449476650563465,13.212025320424758,-0.0009985224136288106,0.004366214203772021
3096.0,-30.0,0.5450080515297765,13.218409033026788,0.5450080515297765,13.212054370084182,-0.0010010330051414477,0.004355695947747203
3097.0,-30.0,0.5450684380032065,13.218425053838674,0.5450684380032065,13.212083279784787,-0.00100342115366117,0.004345195207548517
3098.0,-30.0,0.5451288244766365,13.21844107465056,0.5451288244766365,13.212112055527356,-0.0010056928308032076,0.004334711954007233
3099.0,-30.0,0.5451892109500664,13.218457095462446,0.5451892109500664,13.212140703021387,-0.0010078537169436793,0.004324246158003196
3100.0,-30.0,0.5452495974234964,13.218473116274332,0.5452495974234964,13.21216922769929,-0.0010099092154234918,0.0043137977904647426
3101.0,-30.0,0.5453099838969264,13.218489137086218,0.5453099838969264,13.21219763472991,-0.001011864466059506,0.004303366822368624
3102.0,-30.0,0.5453703703703564,13.218505157898104,0.5453703703703564,13.21222592903136,-0.0010137243579967565,0.0042929532247399215
3103.0,-30.0,0.5454307568437864,13.21852117870999,0.5454307568437864,13.21225411528327,-0.0010154935419338608,0.004282556968651969
3104.0,-30.0,0.5454911433172164,13.218537199521876,0.5454911433172164,13.212282197938402,-0.0010171764417521883,0.0042721780252262705
3105.0,-30.0,0.5455515297906464,13.218553220333762,0.5455515297906464,13.212310181233708,-0.0010187772655778683,0.004261816365632421
3106.0,-30.0,0.5456119162640763,13.218569241145648,0.5456119162640763,13.212338069200863,-0.0010203000163042971,0.004251471961088025
3107.0,-30.0,0.5456723027375063,13.218585261957534,0.5456723027375063,13.212365865676277,-0.001021748501601456,0.00424114478285862
3108.0,-30.0,0.5457326892109363,13.21860128276942,0.5457326892109363,13.2123935743106,-0.00102312634343707,0.004230834802257592
3109.0,-30.0,0.5457930756843663,13.218617303581306,0.5457930756843663,13.212421198577793,-0.0010244369871334144,0.004220541990646101
3110.0,-30.0,0.5458534621577963,13.218633324393192,0.5458534621577963,13.212448741783742,-0.0010256837099824135,0.004210266319432996
3111.0,-30.0,0.5459138486312263,13.218649345205078,0.5459138486312263,13.212476207074443,-0.0010268696294405788,0.00420000776007474
3112.0,-30.0,0.5459742351046563,13.218665366016964,0.5459742351046563,13.212503597443813,-0.0010279977109242736,0.004189766284075327
3113.0,-30.0,0.5460346215780862,13.21868138682885,0.5460346215780862,13.212530915741088,-0.0010290707752247984,0.004179541862986206
3114.0,-30.0,0.5460950080515162,13.218697407640736,0.5460950080515162,13.212558164677892,-0.0010300915055618388,0.004169334468406202
3115.0,-30.0,0.5461553945249462,13.218713428452622,0.5461553945249462,13.212585346834935,-0.0010310624542929122,0.004159144071981434
3116.0,-30.0,0.5462157809983762,13.218729449264508,0.5462157809983762,13.212612464668398,-0.001031986049295591,0.004148970645405238
3117.0,-30.0,0.5462761674718062,13.218745470076394,0.5462761674718062,13.212639520516014,-0.0010328646000384606,0.0041388141604180905
3118.0,-30.0,0.5463365539452362,13.21876149088828,0.5463365539452362,13.212666516602829,-0.0010337003033559953,0.004128674588807526
3119.0,-30.0,0.5463969404186662,13.218777511700166,0.5463969404186662,13.212693455046699,-0.0010344952489417872,0.00411855190240806
3120.0,-30.0,0.5464573268920961,13.218793532512052,0.5464573268920961,13.212720337863525,-0.0010352514245738694,0.004108446073101115
3121.0,-30.0,0.5465177133655261,13.218809553323938,0.5465177133655261,13.212747166972209,-0.0010359707210851963,0.004098357072814935
3122.0,-30.0,0.5465780998389561,13.218825574135824,0.5465780998389561,13.212773944199391,-0.0010366549370917112,0.004088284873524513
3123.0,-30.0,0.5466384863123861,13.21884159494771,0.5466384863123861,13.212800671283949,-0.0010373057834898226,0.004078229447251512
3124.0,-30.0,0.5466988727858161,13.218857615759596,0.5466988727858161,13.212827349881266,-0.0010379248877345365,0.0040681907660641845
3125.0,-30.0,0.5467592592592461,13.218873636571482,0.5467592592592461,13.212853981567315,-0.0010385137979089416,0.004058168802077299
3126.0,-30.0,0.546819645732676,13.218889657383368,0.546819645732676,13.212880567842511,-0.0010390739865952237,0.00404816352745206
3127.0,-30.0,0.546880032206106,13.218905678195254,0.546880032206106,13.212907110135417,-0.0010396068545568875,0.004038174914396032
3128.0,-30.0,0.546940418679536,13.21892169900714,0.546940418679536,13.212933609806218,-0.0010401137342413958,0.004028202935163061
3129.0,-30.0,0.547000805152966,13.218937719819028,0.547000805152966,13.212960068150087,-0.0010405958931119818,0.004018247562053199
3130.0,-30.0,0.547061191626396,13.218953740630912,0.547061191626396,13.212986486400316,-0.0010410545368169672,0.004008308767412624
3131.0,-30.0,0.547121578099826,13.2189697614428,0.547121578099826,13.21301286573137,-0.0010414908122045113,0.003998386523633568
3132.0,-30.0,0.547181964573256,13.218985782254684,0.547181964573256,13.21303920726172,-0.0010419058101903288,0.003988480803154236
3133.0,-30.0,0.547242351046686,13.219001803066572,0.547242351046686,13.213065512056598,-0.0010423005684855467,0.003978591578458731
3134.0,-30.0,0.5473027375201159,13.219017823878456,0.5473027375201159,13.21309178113057,-0.001042676074191524,0.003968718822076978
3135.0,-30.0,0.5473631239935459,13.219033844690344,0.5473631239935459,13.213118015450029,-0.0010430332662681174,0.003958862506584648
3136.0,-30.0,0.5474235104669759,13.219049865502228,0.5474235104669759,13.213144215935506,-0.0010433730378815716,0.00394902260460308
3137.0,-30.0,0.5474838969404059,13.219065886314116,0.5474838969404059,13.213170383463954,-0.0010436962386378991,0.003939199088799207
3138.0,-30.0,0.5475442834138359,13.219081907126,0.5475442834138359,13.213196518870822,-0.001044003676707339,0.003929391931885478
3139.0,-30.0,0.5476046698872659,13.219097927937888,0.5476046698872659,13.213222622952113,-0.0010442961208452018,0.003919601106619784
3140.0,-30.0,0.5476650563606958,13.219113948749772,0.5476650563606958,13.21324869646628,-0.0010445743023141595,0.003909826585805383
3141.0,-30.0,0.5477254428341258,13.21912996956166,0.5477254428341258,13.21327474013608,-0.0010448389167127831,0.0039000683422908224
3142.0,-30.0,0.5477858293075558,13.219145990373544,0.5477858293075558,13.21330075465029,-0.0010450906257149005,0.003890326348969863
3143.0,-30.0,0.5478462157809858,13.219162011185432,0.5478462157809858,13.213326740665375,-0.0010453300587241262,0.0038806005787814057
3144.0,-30.0,0.5479066022544158,13.219178031997316,0.5479066022544158,13.213352698807055,-0.0010455578144476984,0.0038708910047094165
3145.0,-30.0,0.5479669887278458,13.219194052809204,0.5479669887278458,13.213378629671816,-0.0010457744623935587,0.00386119759978285
3146.0,-30.0,0.5480273752012758,13.219210073621088,0.5480273752012758,13.213404533828307,-0.0010459805442944187,0.003851520337075575
3147.0,-30.0,0.5480877616747057,13.219226094432976,0.5480877616747057,13.213430411818733,-0.0010461765754623737,0.0038418591897063
3148.0,-30.0,0.5481481481481357,13.21924211524486,0.5481481481481357,13.213456264160099,-0.0010463630460774518,0.0038322141308384985
3149.0,-30.0,0.5482085346215657,13.219258136056748,0.5482085346215657,13.213482091345481,-0.0010465404224133188,0.003822585133680334
3150.0,-30.0,0.5482689210949957,13.219274156868632,0.5482689210949957,13.21350789384515,-0.0010467091480032057,0.003812972171484586
3151.0,-30.0,0.5483293075684257,13.21929017768052,0.5483293075684257,13.21353367210772,-0.0010468696447489723,0.0038033752175485754
3152.0,-30.0,0.5483896940418557,13.219306198492404,0.5483896940418557,13.213559426561167,-0.001047022313976082,0.003793794245214091
3153.0,-30.0,0.5484500805152857,13.219322219304292,0.5484500805152857,13.213585157613863,-0.0010471675374371246,0.003784229227867314
3154.0,-30.0,0.5485104669887156,13.219338240116176,0.5485104669887156,13.213610865655504,-0.0010473056782663963,0.0037746801389387462
3155.0,-30.0,0.5485708534621456,13.219354260928064,0.5485708534621456,13.21363655105805,-0.0010474370818879244,0.003765146951903134
3156.0,-30.0,0.5486312399355756,13.219370281739948,0.5486312399355756,13.213662214176548,-0.0010475620768792078,0.0037556296402793967
3157.0,-30.0,0.5486916264090056,13.219386302551836,0.5486916264090056,13.213687855349999,-0.0010476809757928318,0.003746128177630551
3158.0,-30.0,0.5487520128824356,13.21940232336372,0.5487520128824356,13.213713474902093,-0.001047794075938012,0.003736642537563639
3159.0,-30.0,0.5488123993558656,13.219418344175608,0.5488123993558656,13.213739073142003,-0.0010479016601240229,0.003727172693729655
3160.0,-30.0,0.5488727858292956,13.219434364987492,0.5488727858292956,13.213764650365038,-0.0010480039973673673,0.0037177186198234704
3161.0,-30.0,0.5489331723027255,13.21945038579938,0.5489331723027255,13.21379020685336,-0.0010481013435644589,0.0037082802895837628
3162.0,-30.0,0.5489935587761555,13.219466406611264,0.5489935587761555,13.213815742876603,-0.0010481939421314956,0.0036988576767929427
3163.0,-30.0,0.5490539452495855,13.219482427423152,0.5490539452495855,13.213841258692488,-0.0010482820246131275,0.003689450755277079
3164.0,-30.0,0.5491143317230155,13.219498448235036,0.5491143317230155,13.213866754547393,-0.0010483658112614388,0.0036800594989058284
3165.0,-30.0,0.5491747181964455,13.219514469046924,0.5491747181964455,13.213892230676919,-0.0010484455115866928,0.0036706838815923617
3166.0,-30.0,0.5492351046698755,13.21953048985881,0.5492351046698755,13.213917687306397,-0.0010485213248812167,0.003661323877293291
3167.0,-30.0,0.5492954911433054,13.219546510670696,0.5492954911433054,13.213943124651406,-0.0010485934407177362,0.003651979460008599
3168.0,-30.0,0.5493558776167354,13.219562531482582,0.5493558776167354,13.213968542918224,-0.001048662039423406,0.0036426506037815646
3169.0,-30.0,0.5494162640901654,13.219578552294468,0.5494162640901654,13.2139939423043,-0.0010487272925307218,0.0036333372826986925
3170.0,-30.0,0.5494766505635954,13.219594573106354,0.5494766505635954,13.214019322998672,-0.0010487893632064407,0.00362403947088964
3171.0,-30.0,0.5495370370370254,13.21961059391824,0.5495370370370254,13.214044685182373,-0.0010488484066595832,0.0036147571425271465
3172.0,-30.0,0.5495974235104554,13.219626614730126,0.5495974235104554,13.214070029028829,-0.0010489045705295364,0.00360549027182696
3173.0,-30.0,0.5496578099838854,13.219642635542012,0.5496578099838854,13.21409535470422,-0.0010489579952552297,0.003596238833047768
3174.0,-30.0,0.5497181964573153,13.219658656353898,0.5497181964573153,13.214120662367833,-0.001049008814426305,0.0035870028004911223
3175.0,-30.0,0.5497785829307453,13.219674677165784,0.5497785829307453,13.2141459521724,-0.0010490571551171606,0.003577782148501372
3176.0,-30.0,0.5498389694041753,13.21969069797767,0.5498389694041753,13.214171224264408,-0.0010491031382047031,0.0035685768514655885
3177.0,-30.0,0.5498993558776053,13.219706718789556,0.5498993558776053,13.214196478784414,-0.001049146878670603,0.0035593868838134967
3178.0,-30.0,0.5499597423510353,13.219722739601442,0.5499597423510353,13.214221715867312,-0.0010491884858888083,0.0035502122200174024
3179.0,-30.0,0.5500201288244653,13.219739521839465,0.5500201288244653,13.214247697068771,-0.0010492280638990368,0.0035410528345921227
3180.0,-30.0,0.5500805152978953,13.219757826929767,0.5500805152978953,13.214275183939337,-0.0010492657116669293,0.003531908702094914
3181.0,-30.0,0.5501409017713252,13.219776132020067,0.5501409017713252,13.214302653746273,-0.0010493015233315156,0.0035227797971254028
3182.0,-30.0,0.5502012882447552,13.21979443711037,0.5502012882447552,13.214330106604484,-0.0010493355884406105,0.003513666094325514
3183.0,-30.0,0.5502616747181852,13.21981274220067,0.5502616747181852,13.214357542624466,-0.0010493679921747302,0.0035045675683794
3184.0,-30.0,0.5503220611916152,13.219831047290969,0.5503220611916152,13.214384961912515,-0.0010493988155600886,0.0034954841940133723
3185.0,-30.0,0.5503824476650452,13.21984935238127,0.5503824476650452,13.214412364570945,-0.0010494281356712043,0.0034864159459958295
3186.0,-30.0,0.5504428341384752,13.219867657471571,0.5504428341384752,13.214439750698258,-0.0010494560258236271,0.0034773627991371877
3187.0,-30.0,0.5505032206119052,13.219885962561873,0.5505032206119052,13.21446712038934,-0.0010494825557572655,0.0034683247282898113
3188.0,-30.0,0.5505636070853351,13.219904267652174,0.5505636070853351,13.214494473735636,-0.0010495077918107724,0.0034593017083479416
3189.0,-30.0,0.5506239935587651,13.219922572742476,0.5506239935587651,13.214521810825316,-0.0010495317970874265,0.003450293714247629
3190.0,-30.0,0.5506843800321951,13.219940877832775,0.5506843800321951,13.214549131743421,-0.001049554631612923,0.003441300720966662
3191.0,-30.0,0.5507447665056251,13.219959182923075,0.5507447665056251,13.214576436572036,-0.00104957635248547,0.003432322703524497
3192.0,-30.0,0.5508051529790551,13.219977488013377,0.5508051529790551,13.214603725390413,-0.0010495970140185626,0.003423359636982192
3193.0,-30.0,0.5508655394524851,13.219995793103678,0.5508655394524851,13.214630998275112,-0.0010496166678767953,0.003414411496442334
3194.0,-30.0,0.550925925925915,13.22001409819398,0.550925925925915,13.214658255300137,-0.0010496353632050513,0.0034054782570489706
3195.0,-30.0,0.550986312399345,13.22003240328428,0.550986312399345,13.214685496537044,-0.001049653146751389,0.003396559893987543
3196.0,-30.0,0.551046698872775,13.22005070837458,0.551046698872775,13.214712722055081,-0.0010496700629839375,0.003387656382484814
3197.0,-30.0,0.551107085346205,13.220069013464881,0.551107085346205,13.214739931921274,-0.0010496861542020892,0.0033787676978088016
3198.0,-30.0,0.551167471819635,13.220087318555182,0.551167471819635,13.214767126200556,-0.0010497014606422714,0.00336989381526871
3199.0,-30.0,0.551227858293065,13.220105623645484,0.551227858293065,13.214794304955847,-0.0010497160205785569,0.003361034710214859
3200.0,-30.0,0.551288244766495,13.220123928735784,0.551288244766495,13.214821468248164,-0.0010497298704183705,0.003352190358038618
3201.0,-30.0,0.551348631239925,13.220142233826087,0.551348631239925,13.214848616136708,-0.001049743044793526,0.0033433607341723367
3202.0,-30.0,0.5514090177133549,13.220160538916385,0.5514090177133549,13.214875748678942,-0.0010497555766468233,0.003334545814089276
3203.0,-30.0,0.5514694041867849,13.220178844006686,0.5514694041867849,13.214902865930696,-0.0010497674973144232,0.0033257455733035415
3204.0,-30.0,0.5515297906602149,13.220197149096988,0.5515297906602149,13.214929967946222,-0.0010497788366042038,0.003316959987370014
3205.0,-30.0,0.5515901771336449,13.220215454187288,0.5515901771336449,13.214957054778274,-0.0010497896228702961,0.003308189031884282
3206.0,-30.0,0.5516505636070749,13.22023375927759,0.5516505636070749,13.214984126478193,-0.0010497998830839837,0.003299432682482576
3207.0,-30.0,0.5517109500805049,13.220252064367891,0.5517109500805049,13.21501118309595,-0.001049809642901145,0.003290690914841696
3208.0,-30.0,0.5517713365539348,13.220270369458191,0.5517713365539348,13.215038224680239,-0.0010498189267264064,0.00328196370467895
3209.0,-30.0,0.5518317230273648,13.220288674548492,0.5518317230273648,13.215065251278514,-0.0010498277577741671,0.0032732510277520806
3210.0,-30.0,0.5518921095007948,13.220306979638792,0.5518921095007948,13.215092262937059,-0.0010498361581266463,0.0032645528598592025
3211.0,-30.0,0.5519524959742248,13.220325284729094,0.5519524959742248,13.215119259701044,-0.0010498441487891005,0.0032558691768387327
3212.0,-30.0,0.5520128824476548,13.220343589819395,0.5520128824476548,13.215146241614569,-0.0010498517497423484,0.003247199954569324
3213.0,-30.0,0.5520732689210848,13.220361894909697,0.5520732689210848,13.21517320872072,-0.0010498589799927318,0.003238545168969797
3214.0,-30.0,0.5521336553945148,13.220380199999996,0.5521336553945148,13.215200161061617,-0.0010498658576196431,0.003229904795999076
3215.0,-30.0,0.5521940418679447,13.220398505090298,0.5521940418679447,13.215227098678461,-0.001049872399820732,0.003221278811656119
3216.0,-30.0,0.5522544283413747,13.220416810180598,0.5522544283413747,13.215254021611573,-0.0010498786229549085,0.003212667191979853
3217.0,-30.0,0.5523148148148047,13.220435115270899,0.5523148148148047,13.215280929900432,-0.00104988454258325,0.0032040699130491063
3218.0,-30.0,0.5523752012882347,13.220453420361201,0.5523752012882347,13.215307823583727,-0.0010498901735079107,0.003195486950982543
3219.0,-30.0,0.5524355877616647,13.220471725451501,0.5524355877616647,13.215334702699371,-0.0010498955298091348,0.003186918281938597
3220.0,-30.0,0.5524959742350947,13.220490030541802,0.5524959742350947,13.215361567284566,-0.0010499006248804658,0.0031783638821154037
3221.0,-30.0,0.5525563607085247,13.220508335632102,0.5525563607085247,13.215388417375813,-0.0010499054714622359,0.003169823727750736
3222.0,-30.0,0.5526167471819546,13.220526640722404,0.5526167471819546,13.215415253008956,-0.0010499100816734237,0.0031612977951219375
3223.0,-30.0,0.5526771336553846,13.220544945812705,0.5526771336553846,13.215442074219201,-0.0010499144670419588,0.0031527860605458564
3224.0,-30.0,0.5527375201288146,13.220563250903005,0.5527375201288146,13.215468881041161,-0.0010499186385335465,0.0031442885003787804
3225.0,-30.0,0.5527979066022446,13.220581555993308,0.5527979066022446,13.21549567350887,-0.0010499226065790888,0.00313580509101637
3226.0,-30.0,0.5528582930756746,13.220599861083606,0.5528582930756746,13.215522451655813,-0.0010499263811007665,0.003127335808893594
3227.0,-30.0,0.5529186795491046,13.220618166173908,0.5529186795491046,13.21554921551496,-0.0010499299715368497,0.0031188806304846624
3228.0,-30.0,0.5529790660225345,13.220636471264209,0.5529790660225345,13.21557596511877,-0.0010499333868652988,0.003110439532302964
3229.0,-30.0,0.5530394524959645,13.22065477635451,0.5530394524959645,13.215602700499234,-0.001049936635626214,0.0031020124909009977
3230.0,-30.0,0.5530998389693945,13.220673081444811,0.5530998389693945,13.215629421687884,-0.0010499397259431896,0.0030935994828703104
3231.0,-30.0,0.5531602254428245,13.220691386535112,0.5531602254428245,13.215656128715814,-0.001049942665543628,0.0030852004848414298
3232.0,-30.0,0.5532206119162545,13.220709691625412,0.5532206119162545,13.215682821613706,-0.0010499454617780611,0.0030768154734838
3233.0,-30.0,0.5532809983896845,13.220727996715713,0.5532809983896845,13.215709500411846,-0.0010499481216385317,0.003068444425505718
3234.0,-30.0,0.5533413848631145,13.220746301806015,0.5533413848631145,13.215736165140136,-0.0010499506517760765,0.003060087317654267
3235.0,-30.0,0.5534017713365444,13.220764606896315,0.5534017713365444,13.215762815828118,-0.0010499530585173571,0.003051744126715253
3236.0,-30.0,0.5534621578099744,13.220782911986616,0.5534621578099744,13.215789452504984,-0.0010499553478804805,0.003043414829513141
3237.0,-30.0,0.5535225442834044,13.220801217076918,0.5535225442834044,13.215816075199596,-0.0010499575255900468,0.003035099402910988
3238.0,-30.0,0.5535829307568344,13.220819522167217,0.5535829307568344,13.215842683940497,-0.0010499595970914642,0.003026797823810382
3239.0,-30.0,0.5536433172302644,13.220837827257519,0.5536433172302644,13.215869278755932,-0.0010499615675645653,0.0030185100691513755
3240.0,-30.0,0.5537037037036944,13.22085613234782,0.5537037037036944,13.215895859673843,-0.0010499634419365593,0.0030102361159124224
3241.0,-30.0,0.5537640901771244,13.220874437438122,0.5537640901771244,13.215922426721905,-0.0010499652248943524,0.0030019759411103143
3242.0,-30.0,0.5538244766505543,13.220892742528422,0.5538244766505543,13.215948979927518,-0.001049966920896268,0.0029937295218001154
3243.0,-30.0,0.5538848631239843,13.220911047618722,0.5538848631239843,13.21597551931783,-0.0010499685341831939,0.0029854968350751005
3244.0,-30.0,0.5539452495974143,13.220929352709023,0.5539452495974143,13.216002044919746,-0.001049970068789188,0.0029772778580666897
3245.0,-30.0,0.5540056360708443,13.220947657799323,0.5540056360708443,13.21602855675993,-0.0010499715285515647,0.0029690725679443865
3246.0,-30.0,0.5540660225442743,13.220965962889625,0.5540660225442743,13.21605505486483,-0.0010499729171204902,0.002960880941915713
3247.0,-30.0,0.5541264090177043,13.220984267979926,0.5541264090177043,13.216081539260669,-0.00104997423796811,0.0029527029572261466
3248.0,-30.0,0.5541867954911343,13.221002573070228,0.5541867954911343,13.216108009973466,-0.0010499754943972314,0.0029445385911590584
3249.0,-30.0,0.5542471819645642,13.221020878160529,0.5542471819645642,13.216134467029041,-0.0010499766895495813,0.0029363878210356483
3250.0,-30.0,0.5543075684379942,13.221039183250827,0.5543075684379942,13.216160910453025,-0.0010499778264136633,0.002928250624214883
3251.0,-30.0,0.5543679549114242,13.22105748834113,0.5543679549114242,13.216187340270869,-0.0010499789078322298,0.0029201269780934334
3252.0,-30.0,0.5544283413848542,13.22107579343143,0.5544283413848542,13.216213756507832,-0.0010499799365093904,0.0029120168601056095
3253.0,-30.0,0.5544887278582842,13.221094098521732,0.5544887278582842,13.216240159189026,-0.0010499809150173738,0.002903920247723301
3254.0,-30.0,0.5545491143317142,13.221112403612032,0.5545491143317142,13.21626654833938,-0.0010499818458029597,0.002895837118455913
3255.0,-30.0,0.5546095008051442,13.221130708702333,0.5546095008051442,13.216292923983676,-0.001049982731193597,0.0028877674498503036
3256.0,-30.0,0.5546698872785741,13.221149013792633,0.5546698872785741,13.216319286146545,-0.0010499835734032235,0.002879711219490721
3257.0,-30.0,0.5547302737520041,13.221167318882934,0.5547302737520041,13.216345634852473,-0.0010499843745378017,0.002871668404998742
3258.0,-30.0,0.5547906602254341,13.221185623973236,0.5547906602254341,13.216371970125802,-0.0010499851366005855,0.0028636389840332108
3259.0,-30.0,0.5548510466988641,13.221203929063536,0.5548510466988641,13.216398291990744,-0.0010499858614971287,0.002855622934290175
3260.0,-30.0,0.5549114331722941,13.221222234153839,0.5549114331722941,13.216424600471376,-0.0010499865510400503,0.0028476202335028246
3261.0,-30.0,0.5549718196457241,13.221240539244139,0.5549718196457241,13.21645089559165,-0.001049987206953567,0.00283963085944143
3262.0,-30.0,0.555032206119154,13.221258844334438,0.555032206119154,13.216477177375403,-0.001049987830877804,0.00283165478991328
3263.0,-30.0,0.555092592592584,13.22127714942474,0.555092592592584,13.216503445846351,-0.0010499884243728966,0.0028236920027626213
3264.0,-30.0,0.555152979066014,13.22129545451504,0.555152979066014,13.216529701028092,-0.001049988988922892,0.002815742475870595
3265.0,-30.0,0.555213365539444,13.221313759605342,0.555213365539444,13.216555942944126,-0.0010499895259394594,0.0028078061871551776
3266.0,-30.0,0.555273752012874,13.221332064695643,0.555273752012874,13.216582171617837,-0.0010499900367654197,0.002799883114571117
3267.0,-30.0,0.555334138486304,13.221350369785945,0.555334138486304,13.216608387072512,-0.001049990522678104,0.002791973236109873
3268.0,-30.0,0.555394524959734,13.221368674876244,0.555394524959734,13.216634589331337,-0.0010499909848925469,0.0027840765297995566
3269.0,-30.0,0.555454911433164,13.221386979966544,0.555454911433164,13.216660778417403,-0.0010499914245645256,0.0027761929737048665
3270.0,-30.0,0.5555152979065939,13.221405285056846,0.5555152979065939,13.216686954353712,-0.0010499918427934489,0.0027683225459270316
3271.0,-30.0,0.5555756843800239,13.221423590147147,0.5555756843800239,13.216713117163168,-0.0010499922406251069,0.0027604652246037468
3272.0,-30.0,0.5556360708534539,13.221441895237449,0.5556360708534539,13.216739266868593,-0.001049992619054286,0.0027526209879091146
3273.0,-30.0,0.5556964573268839,13.22146020032775,0.5556964573268839,13.216765403492722,-0.001049992979027256,0.002744789814053584
3274.0,-30.0,0.5557568438003139,13.22147850541805,0.5557568438003139,13.216791527058211,-0.0010499933214441373,0.002736971681283889
3275.0,-30.0,0.5558172302737439,13.22149681050835,0.5558172302737439,13.216817637587628,-0.0010499936471611501,0.002729166567882989
3276.0,-30.0,0.5558776167471738,13.22151511559865,0.5558776167471738,13.216843735103474,-0.0010499939569927569,0.002721374452170009
3277.0,-30.0,0.5559380032206038,13.221533420688953,0.5559380032206038,13.216869819628167,-0.001049994251713698,0.002713595312500177
3278.0,-30.0,0.5559983896940338,13.221551725779253,0.5559983896940338,13.216895891184048,-0.001049994532060929,0.002705829127264767
3279.0,-30.0,0.5560587761674638,13.221570030869556,0.5560587761674638,13.2169219497934,-0.0010499947987354643,0.0026980758748910384
3280.0,-30.0,0.5561191626408938,13.221588335959854,0.5561191626408938,13.216947995478417,-0.001049995052404129,0.002690335533842173
3281.0,-30.0,0.5561795491143238,13.221606641050155,0.5561795491143238,13.21697402826124,-0.001049995293701227,0.0026826080826172186
3282.0,-30.0,0.5562399355877538,13.221624946140457,0.5562399355877538,13.217000048163936,-0.0010499955232301265,0.002674893499751028
3283.0,-30.0,0.5563003220611837,13.221643251230757,0.5563003220611837,13.217026055208507,-0.0010499957415647696,0.0026671917638141996
3284.0,-30.0,0.5563607085346137,13.22166155632106,0.5563607085346137,13.217052049416896,-0.0010499959492511065,0.002659502853413017
3285.0,-30.0,0.5564210950080437,13.22167986141136,0.5564210950080437,13.217078030810978,-0.001049996146808461,0.0026518267471893914
3286.0,-30.0,0.5564814814814737,13.22169816650166,0.5564814814814737,13.21710399941257,-0.00104999633473083,0.0026441634238208002
3287.0,-30.0,0.5565418679549037,13.22171647159196,0.5565418679549037,13.21712995524343,-0.0010499965134881167,0.002636512862020229
3288.0,-30.0,0.5566022544283337,13.221734776682261,0.5566022544283337,13.217155898325252,-0.0010499966835273078,0.0026288750405361132
3289.0,-30.0,0.5566626409017637,13.221753081772563,0.5566626409017637,13.217181828679685,-0.0010499968452735895,0.0026212499381522763
3290.0,-30.0,0.5567230273751936,13.221771386862864,0.5567230273751936,13.217207746328308,-0.001049996999131412,0.0026136375336878737
3291.0,-30.0,0.5567834138486236,13.221789691953166,0.5567834138486236,13.217233651292656,-0.0010499971454855,0.002606037805997332
3292.0,-30.0,0.5568438003220536,13.221807997043465,0.5568438003220536,13.217259543594196,-0.0010499972847018149,0.0025984507339702925
3293.0,-30.0,0.5569041867954836,13.221826302133767,0.5569041867954836,13.217285423254364,-0.00104999741712847,0.0025908762965315495
3294.0,-30.0,0.5569645732689136,13.221844607224067,0.5569645732689136,13.217311290294523,-0.0010499975430966009,0.0025833144726409947
3295.0,-30.0,0.5570249597423436,13.221862912314368,0.5570249597423436,13.217337144735996,-0.0010499976629211936,0.0025757652412935566
3296.0,-30.0,0.5570853462157735,13.22188121740467,0.5570853462157735,13.217362986600053,-0.001049997776901872,0.0025682285815191433
3297.0,-30.0,0.5571457326892035,13.221899522494969,0.5571457326892035,13.21738881590791,-0.001049997885323647,0.0025607044723825836
3298.0,-30.0,0.5572061191626335,13.221917827585271,0.5572061191626335,13.217414632680745,-0.0010499979884576298,0.00255319289298357
3299.0,-30.0,0.5572665056360635,13.221936132675571,0.5572665056360635,13.217440436939675,-0.0010499980865617087,0.0025456938224565993
3300.0,20.0,0.5573268921094935,13.039599070839909,0.5573268921094935,13.04011086177982,-0.0010499981798811953,0.002538207239970915
3301.0,20.0,0.5572866344605402,13.039584810231574,0.5572866344605402,13.040013314713086,-0.0009646497615256864,0.002536145280014899
3302.0,20.0,0.5572463768115868,13.03957054962324,0.5572463768115868,13.039919926704096,-0.0008834638346513295,0.0025340867537965665
3303.0,20.0,0.5572061191626335,13.039556289014907,0.5572061191626335,13.039830494751461,-0.000806237392153078,0.002532031655597788
3304.0,20.0,0.5571658615136802,13.039542028406572,0.5571658615136802,13.03974482575456,-0.0007327773276992287,0.0025299799797099563
3305.0,20.0,0.5571256038647269,13.039527767798239,0.5571256038647269,13.03966273603067,-0.0006628999528650084,0.0025279317204339705
3306.0,20.0,0.5570853462157735,13.039513507189906,0.5570853462157735,13.039584050855641,-0.0005964305378158322,0.00252588687208022
3307.0,20.0,0.5570450885668202,13.039499246581572,0.5570450885668202,13.039508604026995,-0.0005332028743917053,0.002523845428968569
3308.0,20.0,0.5570048309178669,13.039484985973237,0.5570048309178669,13.03943623744831,-0.00047305886050024815,0.0025218073854283408
3309.0,20.0,0.5569645732689136,13.039470725364904,0.5569645732689136,13.039366800733886,-0.00041584810477911444,0.002519772735798302
3310.0,20.0,0.5569243156199603,13.03945646475657,0.5569243156199603,13.039300150832682,-0.0003614275505392495,0.0025177414744266473
3311.0,20.0,0.5568840579710069,13.039442204148235,0.5568840579710069,13.039236151670615,-0.0003096611180486528,0.0025157135956709823
3312.0,20.0,0.5568438003220536,13.039427943539902,0.5568438003220536,13.039174673810265,-0.00026041936426216754,0.002513689093898309
3313.0,20.0,0.5568035426731003,13.039413682931569,0.5568035426731003,13.039115594127228,-0.00021357915914644327,0.0025116679634850105
3314.0,20.0,0.556763285024147,13.039399422323235,0.556763285024147,13.039058795502207,-0.00016902337779071746,0.002509650198816834
3315.0,20.0,0.5567230273751936,13.0393851617149,0.5567230273751936,13.039004166528144,-0.00012664060753353075,0.0025076357942888767
3316.0,20.0,0.5566827697262403,13.039370901106567,0.5566827697262403,13.038951601231636,-8.632486937304105e-05,0.0025056247443055687
3317.0,20.0,0.556642512077287,13.039356640498234,0.556642512077287,13.038900998807916,-4.797535296431697e-05,0.002503617043280659
3318.0,20.0,0.5566022544283337,13.039342379889899,0.5566022544283337,13.038852263368803,-1.149616454096567e-05,0.002501612685637199
3319.0,20.0,0.5565619967793803,13.039328119281567,0.5565619967793803,13.03880530370289,2.3203912869231895e-05,0.0024996116658075273
3320.0,20.0,0.556521739130427,13.039313858673234,0.556521739130427,13.038760033047465,5.621164753426435e-05,0.002497613978233254
3321.0,20.0,0.5564814814814737,13.039299598064899,0.5564814814814737,13.038716368871551,8.760957598375545e-05,0.002495619617365246
3322.0,20.0,0.5564412238325204,13.039285337456565,0.5564412238325204,13.038674232669509,0.00011747620939327946,0.0024936285776636104
3323.0,20.0,0.556400966183567,13.039271076848232,0.556400966183567,13.03863354976473,0.00014588622990319478,0.0024916408535976806
3324.0,20.0,0.5563607085346137,13.039256816239899,0.5563607085346137,13.03859424912289,0.00017291067736289502,0.002489656439645999
3325.0,20.0,0.5563204508856604,13.039242555631564,0.5563204508856604,13.0385562631743,0.00019861712696743545,0.0024876753302963037
3326.0,20.0,0.5562801932367071,13.03922829502323,0.5562801932367071,13.038519527644954,0.00022306985823071905,0.0024856975200455117
3327.0,20.0,0.5562399355877538,13.039214034414897,0.5562399355877538,13.038483981395778,0.00024633001571776293,0.0024837230033997047
3328.0,20.0,0.5561996779388004,13.039199773806562,0.5561996779388004,13.03844956626975,0.0002684557619379597,0.0024817517748741127
3329.0,20.0,0.5561594202898471,13.039185513198229,0.5561594202898471,13.038416226946454,0.00028950242278164625,0.0024797838289930996
3330.0,20.0,0.5561191626408938,13.039171252589895,0.5561191626408938,13.03838391080374,0.0003095226258636479,0.002477819160290148
3331.0,20.0,0.5560789049919405,13.03915699198156,0.5560789049919405,13.038352567786132,0.0003285664321197278,0.0024758577633078433
3332.0,20.0,0.5560386473429871,13.039142731373227,0.5560386473429871,13.038322150279644,0.00034668146098500174,0.0024738996325978594
3333.0,20.0,0.5559983896940338,13.039128470764894,0.5559983896940338,13.038292612992704,0.00036391300946733013,0.002471944762720943
3334.0,20.0,0.5559581320450805,13.03911421015656,0.5559581320450805,13.038263912842899,0.00038030416541343147,0.002469993148246899
3335.0,20.0,0.5559178743961272,13.039099949548225,0.5559178743961272,13.038236008849221,0.0003958959152509429,0.0024680447837545747
3336.0,20.0,0.5558776167471738,13.039085688939892,0.5558776167471738,13.038208862029586,0.00041072724647583806,0.002466099663831845
3337.0,20.0,0.5558373590982205,13.039071428331559,0.5558373590982205,13.03818243530334,0.00042483524514147454,0.002464157783075598
3338.0,20.0,0.5557971014492672,13.039057167723223,0.5557971014492672,13.03815669339854,0.00043825518859304474,0.0024622191360917194
3339.0,20.0,0.5557568438003139,13.039042907114892,0.5557568438003139,13.038131602763718,0.000451020633679314,0.002460283717495077
3340.0,20.0,0.5557165861513605,13.039028646506559,0.5557165861513605,13.038107131483986,0.00046316350066222137,0.002458351521909507
3341.0,20.0,0.5556763285024072,13.039014385898223,0.5556763285024072,13.038083249201222,0.0004747141530341611,0.0024564225439677985
3342.0,20.0,0.5556360708534539,13.03900012528989,0.5556360708534539,13.038059927038137,0.00048570147344252905,0.0024544967783116777
3343.0,20.0,0.5555958132045006,13.038985864681557,0.5555958132045006,13.038037137526054,0.000496152935911386,0.0024525742195917947
3344.0,20.0,0.5555555555555473,13.038971604073224,0.5555555555555473,13.038014854536213,0.0005060946745408275,0.002450654862467707
3345.0,20.0,0.5555152979065939,13.038957343464888,0.5555152979065939,13.037993053214425,0.0005155515488558476,0.002448738701607866
3346.0,20.0,0.5554750402576406,13.038943082856555,0.5554750402576406,13.037971709918898,0.0005245472059680999,0.002446825731689602
3347.0,20.0,0.5554347826086873,13.038928822248222,0.5554347826086873,13.037950802161117,0.0005331041397059933,0.0024449159473991073
3348.0,20.0,0.555394524959734,13.038914561639887,0.555394524959734,13.037930308549594,0.0005412437468609803,0.002443009343431425
3349.0,20.0,0.5553542673107806,13.038900301031553,0.5553542673107806,13.037910208736372,0.0005489863806906806,0.002441105914490432
3350.0,20.0,0.5553140096618273,13.03888604042322,0.5553140096618273,13.037890483366118,0.0005563514018126261,0.002439205655288824
3351.0,20.0,0.555273752012874,13.038871779814887,0.555273752012874,13.037871114027721,0.00056335722661589,0.002437308560548102
3352.0,20.0,0.5552334943639207,13.038857519206552,0.5552334943639207,13.037852083208241,0.0005700213733116515,0.002435414624998557
3353.0,20.0,0.5551932367149673,13.038843258598218,0.5551932367149673,13.037833374249102,0.0005763605057378491,0.0024335238433792566
3354.0,20.0,0.555152979066014,13.038828997989885,0.555152979066014,13.037814971304417,0.0005823904750274549,0.0024316362104380273
3355.0,20.0,0.5551127214170607,13.03881473738155,0.5551127214170607,13.037796859301373,0.0005881263592445635,0.002429751720931444
3356.0,20.0,0.5550724637681074,13.038800476773217,0.5550724637681074,13.037779023902505,0.0005935825010874064,0.0024278703696248116
3357.0,20.0,0.555032206119154,13.038786216164883,0.555032206119154,13.037761451469839,0.0005987725437525683,0.0024259921512921534
3358.0,20.0,0.5549919484702007,13.03877195555655,0.5549919484702007,13.037744129030784,0.0006037094650500843,0.002424117060716195
3359.0,20.0,0.5549516908212474,13.038757694948217,0.5549516908212474,13.037727044245674,0.0006084056098547258,0.0024222450926883504
3360.0,20.0,0.5549114331722941,13.038743434339883,0.5549114331722941,13.037710185376898,0.0006128727209746169,0.002420376242008707
3361.0,20.0,0.5548711755233408,13.03872917373155,0.5548711755233408,13.03769354125955,0.0006171219685143717,0.002418510503486012
3362.0,20.0,0.5548309178743874,13.038714913123215,0.5548309178743874,13.037677101273472,0.0006211639778061737,0.0024166478719376567
3363.0,20.0,0.5547906602254341,13.038700652514882,0.5547906602254341,13.037660855316714,0.0006250088559786411,0.002414788342189664
3364.0,20.0,0.5547504025764808,13.038686391906548,0.5547504025764808,13.03764479378024,0.0006286662172299126,0.0024129319090766717
3365.0,20.0,0.5547101449275275,13.038672131298213,0.5547101449275275,13.037628907523903,0.0006321452068681508,0.0024110785674419204
3366.0,20.0,0.5546698872785741,13.03865787068988,0.5546698872785741,13.037613187853564,0.0006354545241795761,0.0024092283121372373
3367.0,20.0,0.5546296296296208,13.038643610081547,0.5546296296296208,13.037597626499341,0.0006386024441812133,0.0024073811380230237
3368.0,20.0,0.5545893719806675,13.038629349473212,0.5545893719806675,13.037582215594933,0.0006415968383127451,0.0024055370399682385
3369.0,20.0,0.5545491143317142,13.038615088864878,0.5545491143317142,13.03756694765791,0.0006444451941192103,0.0024036960128503864
3370.0,20.0,0.5545088566827608,13.038600828256545,0.5545088566827608,13.037551815571016,0.0006471546339737675,0.002401858051555502
3371.0,20.0,0.5544685990338075,13.038586567648212,0.5544685990338075,13.037536812564346,0.0006497319328873372,0.0024000231509781356
3372.0,20.0,0.5544283413848542,13.038572307039876,0.5544283413848542,13.037521932198405,0.0006521835354496584,0.0023981913060213407
3373.0,20.0,0.5543880837359009,13.038558046431543,0.5543880837359009,13.037507168348004,0.0006545155719441197,0.0023963625115966574
3374.0,20.0,0.5543478260869475,13.03854378582321,0.5543478260869475,13.037492515186909,0.0006567338736766608,0.0023945367626241
3375.0,20.0,0.5543075684379942,13.038529525214875,0.5543075684379942,13.037477967173286,0.0006588439875570748,0.002392714054032143
3376.0,20.0,0.5542673107890409,13.038515264606541,0.5542673107890409,13.037463519035814,0.0006608511899691721,0.0023908943807577055
3377.0,20.0,0.5542270531400876,13.038501003998208,0.5542270531400876,13.037449165760497,0.0006627604999644878,0.002389077737746138
3378.0,20.0,0.5541867954911343,13.038486743389877,0.5541867954911343,13.037434902578111,0.0006645766918125253,0.0023872641199512087
3379.0,20.0,0.5541465378421809,13.038472482781541,0.5541465378421809,13.037420724952268,0.0006663043069389169,0.0023854535223350897
3380.0,20.0,0.5541062801932276,13.038458222173208,0.5541062801932276,13.037406628568059,0.0006679476652813532,0.0023836459398683418
3381.0,20.0,0.5540660225442743,13.038443961564875,0.5540660225442743,13.037392609321252,0.0006695108760916774,0.0023818413675299015
3382.0,20.0,0.554025764895321,13.03842970095654,0.554025764895321,13.037378663308022,0.0006709978482111553,0.0023800398003070667
3383.0,20.0,0.5539855072463676,13.038415440348206,0.5539855072463676,13.037364786815168,0.0006724122998446149,0.0023782412331954826
3384.0,20.0,0.5539452495974143,13.038401179739873,0.5539452495974143,13.037350976310815,0.0006737577678578948,0.0023764456611991285
3385.0,20.0,0.553904991948461,13.038386919131538,0.553904991948461,13.037337228435586,0.0006750376166218511,0.002374653079330303
3386.0,20.0,0.5538647342995077,13.038372658523205,0.5538647342995077,13.037323539994171,0.0006762550464250372,0.002372863482609612
3387.0,20.0,0.5538244766505543,13.038358397914871,0.5538244766505543,13.037309907947328,0.0006774131014760919,0.0023710768660659505
3388.0,20.0,0.553784219001601,13.038344137306538,0.553784219001601,13.037296329404285,0.0006785146775158469,0.002369293224736495
3389.0,20.0,0.5537439613526477,13.038329876698203,0.5537439613526477,13.03728280161548,0.0006795625290581868,0.0023675125536666846
3390.0,20.0,0.5537037037036944,13.03831561608987,0.5537037037036944,13.037269321965683,0.000680559276277769,0.0023657348479102095
3391.0,20.0,0.553663446054741,13.038301355481536,0.553663446054741,13.037255887967444,0.0006815074115618248,0.0023639601025289975
3392.0,20.0,0.5536231884057877,13.038287094873201,0.5536231884057877,13.037242497254866,0.000682409305742426,0.0023621883125931986
3393.0,20.0,0.5535829307568344,13.038272834264868,0.5535829307568344,13.037229147577662,0.0006832672140247998,0.0023604194731811734
3394.0,20.0,0.5535426731078811,13.038258573656535,0.5535426731078811,13.037215836795527,0.0006840832816265166,0.0023586535793794776
3395.0,20.0,0.5535024154589278,13.0382443130482,0.5535024154589278,13.037202562872777,0.0006848595491416514,0.0023568906262828497
3396.0,20.0,0.5534621578099744,13.038230052439866,0.5534621578099744,13.03718932387323,0.0006855979576433317,0.0023551306089941966
3397.0,20.0,0.5534219001610211,13.038215791831535,0.5534219001610211,13.037176117955374,0.0006863003535374315,0.0023533735226245805
3398.0,20.0,0.5533816425120678,13.038201531223201,0.5533816425120678,13.037162943367727,0.0006869684931795477,0.0023516193622932047
3399.0,20.0,0.5533413848631145,13.038187270614866,0.5533413848631145,13.037149798444473,0.0006876040472668039,0.0023498681231274
3400.0,20.0,0.5533011272141611,13.038173010006533,0.5533011272141611,13.037136681601256,0.0006882086050154638,0.0023481198002626123
3401.0,20.0,0.5532608695652078,13.0381587493982,0.5532608695652078,13.037123591331222,0.000688783678134799,0.0023463743888423884
3402.0,20.0,0.5532206119162545,13.038144488789865,0.5532206119162545,13.037110526201241,0.00068933070460715,0.002344631884018362
3403.0,20.0,0.5531803542673012,13.038130228181531,0.5531803542673012,13.037097484848298,0.0006898510522836312,0.00234289228095024
3404.0,20.0,0.5531400966183478,13.038115967573198,0.5531400966183478,13.037084465976086,0.0006903460223044707,0.002341155574805792
3405.0,20.0,0.5530998389693945,13.038101706964865,0.5530998389693945,13.03707146835175,0.0006908168523525388,0.0023394217607608323
3406.0,20.0,0.5530595813204412,13.03808744635653,0.5530595813204412,13.037058490802783,0.0006912647197482004,0.0023376908339992094
3407.0,20.0,0.5530193236714879,13.038073185748196,0.5530193236714879,13.03704553221409,0.0006916907443932282,0.002335962789712793
3408.0,20.0,0.5529790660225345,13.038058925139863,0.5529790660225345,13.03703259152519,0.000692095991571141,0.0023342376231014583
3409.0,20.0,0.5529388083735812,13.038044664531528,0.5529388083735812,13.037019667727545,0.0006924814746109677,0.002332515329373075
3410.0,20.0,0.5528985507246279,13.038030403923194,0.5528985507246279,13.037006759862031,0.0006928481574210968,0.002330795903743493
3411.0,20.0,0.5528582930756746,13.038016143314861,0.5528582930756746,13.036993867016525,0.0006931969568995501,0.0023290793414365283
3412.0,20.0,0.5528180354267213,13.038001882706526,0.5528180354267213,13.036980988323615,0.0006935287452267055,0.0023273656376839517
3413.0,20.0,0.5527777777777679,13.037987622098193,0.5527777777777679,13.036968122958422,0.0006938443520462015,0.0023256547877254737
3414.0,20.0,0.5527375201288146,13.03797336148986,0.5527375201288146,13.03695527013651,0.0006941445665394792,0.0023239467868087322
3415.0,20.0,0.5526972624798613,13.037959100881526,0.5526972624798613,13.036942429111937,0.0006944301393991465,0.0023222416301892793
3416.0,20.0,0.552657004830908,13.037944840273191,0.552657004830908,13.036929599175355,0.0006947017847061009,0.0023205393131305674
3417.0,20.0,0.5526167471819546,13.03793057966486,0.5526167471819546,13.036916779652241,0.0006949601817151035,0.0023188398309039373
3418.0,20.0,0.5525764895330013,13.037916319056526,0.5525764895330013,13.036903969901182,0.0006952059765532696,0.0023171431787886035
3419.0,20.0,0.552536231884048,13.037902058448191,0.552536231884048,13.036891169312284,0.0006954397838357237,0.0023154493520716425
3420.0,20.0,0.5524959742350947,13.037887797839858,0.5524959742350947,13.036878377305607,0.0006956621882024565,0.0023137583460479793
3421.0,20.0,0.5524557165861413,13.037873537231524,0.5524557165861413,13.036865593329724,0.0006958737457802303,0.0023120701560203735
3422.0,20.0,0.552415458937188,13.03785927662319,0.552415458937188,13.036852816860318,0.0006960749855731848,0.0023103847772994075
3423.0,20.0,0.5523752012882347,13.037845016014856,0.5523752012882347,13.036840047398867,0.0006962664107856236,0.0023087022052034724
3424.0,20.0,0.5523349436392814,13.037830755406523,0.5523349436392814,13.036827284471384,0.0006964485000802867,0.002307022435058756
3425.0,20.0,0.552294685990328,13.03781649479819,0.552294685990328,13.036814527627214,0.0006966217087752567,0.0023053454621992293
3426.0,20.0,0.5522544283413747,13.037802234189854,0.5522544283413747,13.036801776437906,0.0006967864699824916,0.0023036712819666325
3427.0,20.0,0.5522141706924214,13.037787973581521,0.5522141706924214,13.036789030496122,0.0006969431956908297,0.0023019998897104645
3428.0,20.0,0.5521739130434681,13.037773712973188,0.5521739130434681,13.036776289414602,0.0006970922777961766,0.0023003312807879676
3429.0,20.0,0.5521336553945148,13.037759452364853,0.5521336553945148,13.036763552825208,0.0006972340890814492,0.002298665450564116
3430.0,20.0,0.5520933977455614,13.03774519175652,0.5520933977455614,13.036750820377959,0.0006973689841487266,0.002297002394411603
3431.0,20.0,0.5520531400966081,13.037730931148186,0.5520531400966081,13.036738091740167,0.0006974973003059409,0.0022953421077108265
3432.0,20.0,0.5520128824476548,13.037716670539853,0.5520128824476548,13.036725366595592,0.000697619358410322,0.002293684585849878
3433.0,20.0,0.5519726247987015,13.037702409931518,0.5519726247987015,13.036712644643623,0.0006977354636707081,0.002292029824224529
3434.0,20.0,0.5519323671497481,13.037688149323184,0.5519323671497481,13.036699925598537,0.0006978459064107266,0.0022903778182382186
3435.0,20.0,0.5518921095007948,13.037673888714851,0.5518921095007948,13.036687209188752,0.0006979509627947548,0.0022887285633020403
3436.0,20.0,0.5518518518518415,13.037659628106518,0.5518518518518415,13.036674495156165,0.000698050895518474,0.002287082054834729
3437.0,20.0,0.5518115942028882,13.037645367498184,0.5518115942028882,13.036661783255456,0.0006981459544657463,0.0022854382882626493
3438.0,20.0,0.5517713365539348,13.037631106889851,0.5517713365539348,13.036649073253496,0.0006982363773334537,0.0022837972590197815
3439.0,20.0,0.5517310789049815,13.037616846281516,0.5517310789049815,13.036636364928743,0.0006983223902258648,0.00228215896254771
3440.0,20.0,0.5516908212560282,13.037602585673183,0.5516908212560282,13.036623658070667,0.0006984042082200125,0.002280523394295611
3441.0,20.0,0.5516505636070749,13.03758832506485,0.5516505636070749,13.036610952479226,0.0006984820359034995,0.0022788905497202376
3442.0,20.0,0.5516103059581215,13.037574064456516,0.5516103059581215,13.036598247964342,0.0006985560678860731,0.0022772604242859095
3443.0,20.0,0.5515700483091682,13.03755980384818,0.5515700483091682,13.03658554434543,0.0006986264892862512,0.0022756330134644995
3444.0,20.0,0.5515297906602149,13.037545543239847,0.5515297906602149,13.03657284145092,0.0006986934761942151,0.002274008312735421
3445.0,20.0,0.5514895330112616,13.037531282631514,0.5514895330112616,13.036560139117816,0.0006987571961121268,0.0022723863175856153
3446.0,20.0,0.5514492753623083,13.037517022023179,0.5514492753623083,13.036547437191297,0.0006988178083729711,0.0022707670235095393
3447.0,20.0,0.5514090177133549,13.037502761414846,0.5514090177133549,13.036534735524297,0.0006988754645389717,0.0022691504260091526
3448.0,20.0,0.5513687600644016,13.037488500806512,0.5513687600644016,13.036522033977137,0.0006989303087805754,0.0022675365205939058
3449.0,20.0,0.5513285024154483,13.037474240198177,0.5513285024154483,13.03650933241716,0.0006989824782369532,0.0022659253027807274
3450.0,20.0,0.551288244766495,13.037459979589844,0.551288244766495,13.036496630718391,0.00069903210335892,0.002264316768094011
3451.0,20.0,0.5512479871175416,13.03744571898151,0.5512479871175416,13.03648392876121,0.0006990793082351293,0.0022627109120656034
3452.0,20.0,0.5512077294685883,13.037431458373177,0.5512077294685883,13.03647122643204,0.0006991242109023595,0.0022611077302347933
3453.0,20.0,0.551167471819635,13.037417197764842,0.551167471819635,13.036458523623054,0.0006991669236406674,0.002259507218148296
3454.0,20.0,0.5511272141706817,13.037402937156509,0.5511272141706817,13.036445820231895,0.0006992075532541469,0.002257909371360244
3455.0,20.0,0.5510869565217283,13.037388676548176,0.5510869565217283,13.036433116161405,0.0006992462013379946,0.002256314185432173
3456.0,20.0,0.551046698872775,13.037374415939842,0.551046698872775,13.036420411319376,0.0006992829645325511,0.002254721655933009
3457.0,20.0,0.5510064412238217,13.037360155331509,0.5510064412238217,13.036407705618306,0.0006993179347649519,0.0022531317784390595
3458.0,20.0,0.5509661835748684,13.037345894723176,0.5509661835748684,13.036394998975162,0.0006993511994789933,0.0022515445485339963
3459.0,20.0,0.550925925925915,13.037331634114842,0.550925925925915,13.03638229131118,0.000699382841853787,0.0022499599618088463
3460.0,20.0,0.5508856682769617,13.037317373506507,0.5508856682769617,13.036369582551634,0.0006994129410117519,0.002248378013861979
3461.0,20.0,0.5508454106280084,13.037303112898174,0.5508454106280084,13.03635687262566,0.0006994415722164607,0.002246798700299093
3462.0,20.0,0.5508051529790551,13.03728885228984,0.5508051529790551,13.036344161466046,0.0006994688070608387,0.0022452220167332054
3463.0,20.0,0.5507648953301018,13.037274591681506,0.5507648953301018,13.036331449009074,0.0006994947136461827,0.002243647958784639
3464.0,20.0,0.5507246376811484,13.037260331073172,0.5507246376811484,13.036318735194339,0.0006995193567524503,0.0022420765220810095
3465.0,20.0,0.5506843800321951,13.037246070464839,0.5506843800321951,13.03630601996458,0.0006995427980002431,0.0022405077022572134
3466.0,20.0,0.5506441223832418,13.037231809856504,0.5506441223832418,13.036293303265545,0.0006995650960048906,0.0022389414949554173
3467.0,20.0,0.5506038647342885,13.03721754924817,0.5506038647342885,13.036280585045823,0.0006995863065230191,0.0022373778958250444
3468.0,20.0,0.5505636070853351,13.037203288639837,0.5505636070853351,13.036267865256722,0.0006996064825919717,0.0022358169005227625
3469.0,20.0,0.5505233494363818,13.037189028031504,0.5505233494363818,13.036255143852127,0.0006996256746624301,0.0022342585047124726
3470.0,20.0,0.5504830917874285,13.037174767423169,0.5504830917874285,13.03624242078838,0.0006996439307245673,0.0022327027040652966
3471.0,20.0,0.5504428341384752,13.037160506814836,0.5504428341384752,13.036229696024149,0.0006996612964280478,0.002231149494259565
3472.0,20.0,0.5504025764895218,13.037146246206502,0.5504025764895218,13.036216969520323,0.0006996778151961755,0.002229598870980805
3473.0,20.0,0.5503623188405685,13.037131985598167,0.5503623188405685,13.036204241239911,0.0006996935283344752,0.002228050829921729
3474.0,20.0,0.5503220611916152,13.037117724989834,0.5503220611916152,13.03619151114792,0.000699708475133977,0.0022265053667822215
3475.0,20.0,0.5502818035426619,13.037103464381502,0.5502818035426619,13.036178779211262,0.0006997226929694653,0.0022249624772693287
3476.0,20.0,0.5502415458937086,13.037089203773167,0.5502415458937086,13.036166045398677,0.0006997362173929344,0.0022234221570972454
3477.0,20.0,0.5502012882447552,13.037074943164834,0.5502012882447552,13.036153309680625,0.0006997490822224877,0.002221884401987303
3478.0,20.0,0.5501610305958019,13.0370606825565,0.5501610305958019,13.036140572029204,0.0006997613196269,0.002220349207667959
3479.0,20.0,0.5501207729468486,13.037046421948167,0.5501207729468486,13.036127832418087,0.0006997729602060564,0.002218816569874784
3480.0,20.0,0.5500805152978953,13.037032161339832,0.5500805152978953,13.036115090822415,0.0006997840330674682,0.0022172864843504492
3481.0,20.0,0.5500402576489419,13.037017900731499,0.5500402576489419,13.036102347218756,0.0006997945658990566,0.0022157589468447163
3482.0,20.0,0.5499999999999886,13.037003640123165,0.5499999999999886,13.036089601585012,0.0006998045850383867,0.0022142339531144245
3483.0,20.0,0.5499597423510353,13.036990352251143,0.5499597423510353,13.03607782663668,0.0006998141155385257,0.0022127114989234794
3484.0,20.0,0.549919484702082,13.03697706437912,0.549919484702082,13.036066049617846,0.0006998231812306881,0.0022111915800428405
3485.0,20.0,0.5498792270531286,13.036963776507097,0.5498792270531286,13.036054270510062,0.0006998318047838265,0.00220967419225051
3486.0,20.0,0.5498389694041753,13.036950488635075,0.5498389694041753,13.036042489295982,0.0006998400077613155,0.0022081593313315203
3487.0,20.0,0.549798711755222,13.036937200763052,0.549798711755222,13.036030705959302,0.0006998478106748716,0.0022066469930779238
3488.0,20.0,0.5497584541062687,13.03692391289103,0.5497584541062687,13.036018920484706,0.0006998552330358429,0.00220513717328878
3489.0,20.0,0.5497181964573153,13.036910625019008,0.5497181964573153,13.036007132857835,0.0006998622934039981,0.002203629867770144
3490.0,20.0,0.549677938808362,13.036897337146986,0.549677938808362,13.035995343065215,0.0006998690094339352,0.002202125072335055
3491.0,20.0,0.5496376811594087,13.036884049274963,0.5496376811594087,13.03598355109424,0.0006998753979192271,0.002200622782803525
3492.0,20.0,0.5495974235104554,13.036870761402941,0.5495974235104554,13.035971756933105,0.0006998814748344147,0.002199122995002526
3493.0,20.0,0.549557165861502,13.036857473530917,0.549557165861502,13.035959960570779,0.0006998872553749514,0.0021976257047659803
3494.0,20.0,0.5495169082125487,13.036844185658895,0.5495169082125487,13.035948161996965,0.0006998927539951994,0.0021961309079347475
3495.0,20.0,0.5494766505635954,13.036830897786873,0.5494766505635954,13.035936361202072,0.0006998979844445735,0.0021946386003566126
3496.0,20.0,0.5494363929146421,13.03681760991485,0.5494363929146421,13.035924558177163,0.0006999029598019215,0.0021931487778862765
3497.0,20.0,0.5493961352656888,13.036804322042828,0.5493961352656888,13.035912752913935,0.0006999076925082283,0.002191661436385342
3498.0,20.0,0.5493558776167354,13.036791034170806,0.5493558776167354,13.035900945404686,0.0006999121943977249,0.0021901765717223043
3499.0,20.0,0.5493156199677821,13.036777746298783,0.5493156199677821,13.035889135642282,0.00069991647672748,0.002188694179772538
3500.0,20.0,0.5492753623188288,13.036764458426761,0.5492753623188288,13.035877323620136,0.0006999205502055483,0.002187214256418287
3501.0,20.0,0.5492351046698755,13.036751170554739,0.5492351046698755,13.035865509332172,0.0006999244250177469,0.0021857367975486523
3502.0,20.0,0.5491948470209221,13.036737882682717,0.5491948470209221,13.035853692772802,0.0006999281108531247,0.00218426179905958
3503.0,20.0,0.5491545893719688,13.036724594810693,0.5491545893719688,13.035841873936912,0.00069993161692819,0.0021827892568538516
3504.0,20.0,0.5491143317230155,13.03671130693867,0.5491143317230155,13.03583005281982,0.0006999349520099565,0.002181319166841071
3505.0,20.0,0.5490740740740622,13.036698019066648,0.5490740740740622,13.035818229417274,0.0006999381244378659,0.0021798515249376537
3506.0,20.0,0.5490338164251088,13.036684731194626,0.5490338164251088,13.035806403725415,0.0006999411421446405,0.002178386327066816
3507.0,20.0,0.5489935587761555,13.036671443322604,0.5489935587761555,13.035794575740768,0.000699944012676119,0.0021769235691585626
3508.0,20.0,0.5489533011272022,13.036658155450581,0.5489533011272022,13.03578274546022,0.0006999467432101253,0.0021754632471496765
3509.0,20.0,0.5489130434782489,13.03664486757856,0.5489130434782489,13.035770912880999,0.0006999493405744167,0.002174005356983706
3510.0,20.0,0.5488727858292956,13.036631579706537,0.5488727858292956,13.03575907800066,0.0006999518112637568,0.0021725498946109562
3511.0,20.0,0.5488325281803422,13.036618291834515,0.5488325281803422,13.035747240817068,0.0006999541614561559,0.002171096855988475
3512.0,20.0,0.5487922705313889,13.036605003962492,0.5487922705313889,13.035735401328383,0.0006999563970283191,0.0021696462370800426
3513.0,20.0,0.5487520128824356,13.036591716090468,0.5487520128824356,13.035723559533041,0.0006999585235703415,0.002168198033856161
3514.0,20.0,0.5487117552334823,13.036578428218446,0.5487117552334823,13.035711715429754,0.0006999605463996855,0.002166752242294043
3515.0,20.0,0.5486714975845289,13.036565140346424,0.5486714975845289,13.035699869017472,0.0006999624705744783,0.0021653088583776
3516.0,20.0,0.5486312399355756,13.036551852474402,0.5486312399355756,13.035688020295398,0.0006999643009061591,0.0021638678780974306
3517.0,20.0,0.5485909822866223,13.03653856460238,0.5485909822866223,13.035676169262958,0.0006999660419715105,0.002162429297450812
3518.0,20.0,0.548550724637669,13.036525276730357,0.548550724637669,13.03566431591979,0.0006999676981241027,0.002160993112441685
3519.0,20.0,0.5485104669887156,13.036511988858335,0.5485104669887156,13.035652460265748,0.0006999692735051799,0.002159559319080646
3520.0,20.0,0.5484702093397623,13.036498700986312,0.5484702093397623,13.035640602300873,0.0006999707720540153,0.002158127913384935
3521.0,20.0,0.548429951690809,13.03648541311429,0.548429951690809,13.035628742025393,0.0006999721975177616,0.002156698891378424
3522.0,20.0,0.5483896940418557,13.036472125242266,0.5483896940418557,13.035616879439715,0.0006999735534608206,0.002155272249091607
3523.0,20.0,0.5483494363929023,13.036458837370244,0.5483494363929023,13.035605014544409,0.0006999748432737563,0.002153847982561587
3524.0,20.0,0.548309178743949,13.036445549498222,0.548309178743949,13.035593147340208,0.0006999760701817729,0.002152426087832068
3525.0,20.0,0.5482689210949957,13.0364322616262,0.5482689210949957,13.035581277827994,0.0006999772372527793,0.0021510065609533406
3526.0,20.0,0.5482286634460424,13.036418973754177,0.5482286634460424,13.03556940600879,0.0006999783474050612,0.0021495893979822742
3527.0,20.0,0.548188405797089,13.036405685882155,0.548188405797089,13.035557531883759,0.0006999794034145773,0.0021481745949823044
3528.0,20.0,0.5481481481481357,13.036392398010133,0.5481481481481357,13.035545655454188,0.0006999804079219017,0.0021467621480234216
3529.0,20.0,0.5481078904991824,13.03637911013811,0.5481078904991824,13.035533776721488,0.0006999813634388257,0.002145352053182161
3530.0,20.0,0.5480676328502291,13.036365822266088,0.5480676328502291,13.035521895687191,0.0006999822723546395,0.0021439443065415916
3531.0,20.0,0.5480273752012758,13.036352534394066,0.5480273752012758,13.035510012352931,0.0006999831369421059,0.0021425389041913054
3532.0,20.0,0.5479871175523224,13.036339246522042,0.5479871175523224,13.035498126720451,0.0006999839593631441,0.002141135842227406
3533.0,20.0,0.5479468599033691,13.03632595865002,0.5479468599033691,13.035486238791593,0.0006999847416742349,0.002139735116752498
3534.0,20.0,0.5479066022544158,13.036312670777997,0.5479066022544158,13.035474348568291,0.0006999854858315635,0.0021383367238756766
3535.0,20.0,0.5478663446054625,13.036299382905975,0.5478663446054625,13.035462456052567,0.0006999861936959111,0.002136940659712516
3536.0,20.0,0.5478260869565091,13.036286095033953,0.5478260869565091,13.035450561246531,0.000699986867037307,0.0021355469203850593
3537.0,20.0,0.5477858293075558,13.03627280716193,0.5477858293075558,13.035438664152368,0.0006999875075394555,0.002134155502021808
3538.0,20.0,0.5477455716586025,13.036259519289908,0.5477455716586025,13.035426764772346,0.0006999881168039456,0.002132766400757709
3539.0,20.0,0.5477053140096492,13.036246231417886,0.5477053140096492,13.035414863108796,0.0006999886963542559,0.0021313796127341482
3540.0,20.0,0.5476650563606958,13.036232943545864,0.5476650563606958,13.035402959164124,0.0006999892476395641,0.002129995134098935
3541.0,20.0,0.5476247987117425,13.03621965567384,0.5476247987117425,13.035391052940797,0.0006999897720383704,0.0021286129610062947
3542.0,20.0,0.5475845410627892,13.036206367801817,0.5475845410627892,13.03537914444134,0.0006999902708619452,0.0021272330896168565
3543.0,20.0,0.5475442834138359,13.036193079929795,0.5475442834138359,13.03536723366834,0.0006999907453576073,0.0021258555160976436
3544.0,20.0,0.5475040257648826,13.036179792057773,0.5475040257648826,13.03535532062444,0.0006999911967118427,0.002124480236622062
3545.0,20.0,0.5474637681159292,13.03616650418575,0.5474637681159292,13.035343405312329,0.0006999916260532724,0.00212310724736989
3546.0,20.0,0.5474235104669759,13.036153216313728,0.5474235104669759,13.035331487734746,0.0006999920344554735,0.002121736544527268
3547.0,20.0,0.5473832528180226,13.036139928441706,0.5473832528180226,13.03531956789448,0.0006999924229396642,0.0021203681242866865
3548.0,20.0,0.5473429951690693,13.036126640569684,0.5473429951690693,13.03530764579436,0.0006999927924772573,0.002119001982846978
3549.0,20.0,0.5473027375201159,13.036113352697662,0.5473027375201159,13.035295721437254,0.0006999931439922893,0.002117638116413304
3550.0,20.0,0.5472624798711626,13.03610006482564,0.5472624798711626,13.035283794826077,0.000699993478363731,0.002116276521197146
3551.0,20.0,0.5472222222222093,13.036086776953615,0.5472222222222093,13.035271865963772,0.000699993796427685,0.002114917193416294
3552.0,20.0,0.547181964573256,13.036073489081593,0.547181964573256,13.035259934853318,0.0006999940989794769,0.002113560129294836
3553.0,20.0,0.5471417069243026,13.03606020120957,0.5471417069243026,13.035248001497731,0.0006999943867756437,0.00211220532506315
3554.0,20.0,0.5471014492753493,13.036046913337549,0.5471014492753493,13.035236065900055,0.000699994660535826,0.0021108527769578885
3555.0,20.0,0.547061191626396,13.036033625465526,0.547061191626396,13.03522412806336,0.0006999949209445666,0.0021095024812219734
3556.0,20.0,0.5470209339774427,13.036020337593504,0.5470209339774427,13.035212187990746,0.000699995168653023,0.0021081544341045822
3557.0,20.0,0.5469806763284893,13.036007049721482,0.5469806763284893,13.035200245685338,0.0006999954042805955,0.002106808631861139
3558.0,20.0,0.546940418679536,13.03599376184946,0.546940418679536,13.035188301150288,0.0006999956284164757,0.002105465070753303
3559.0,20.0,0.5469001610305827,13.035980473977437,0.5469001610305827,13.035176354388765,0.0006999958416211199,0.002104123747048959
3560.0,20.0,0.5468599033816294,13.035967186105413,0.5468599033816294,13.035164405403963,0.000699996044427651,0.0021027846570222074
3561.0,20.0,0.546819645732676,13.035953898233391,0.546819645732676,13.035152454199096,0.0006999962373431909,0.0021014477969533525
3562.0,20.0,0.5467793880837227,13.035940610361369,0.5467793880837227,13.03514050077739,0.0006999964208501289,0.0021001131631288934
3563.0,20.0,0.5467391304347694,13.035927322489346,0.5467391304347694,13.035128545142097,0.0006999965954073279,0.0020987807518415133
3564.0,20.0,0.5466988727858161,13.035914034617324,0.5466988727858161,13.035116587296484,0.0006999967614512718,0.0020974505593900684
3565.0,20.0,0.5466586151368628,13.035900746745302,0.5466586151368628,13.035104627243825,0.000699996919397157,0.002096122582079579
3566.0,20.0,0.5466183574879094,13.03588745887328,0.5466183574879094,13.035092664987417,0.0006999970696399305,0.0020947968162212185
3567.0,20.0,0.5465780998389561,13.035874171001257,0.5465780998389561,13.03508070053057,0.0006999972125552775,0.002093473258132303
3568.0,20.0,0.5465378421900028,13.035860883129235,0.5465378421900028,13.035068733876598,0.0006999973485005607,0.0020921519041362815
3569.0,20.0,0.5464975845410495,13.035847595257213,0.5464975845410495,13.035056765028834,0.0006999974778157142,0.002090832750562725
3570.0,20.0,0.5464573268920961,13.035834307385189,0.5464573268920961,13.035044793990618,0.0006999976008240933,0.0020895157937473176
3571.0,20.0,0.5464170692431428,13.035821019513167,0.5464170692431428,13.035032820765302,0.000699997717833283,0.0020882010300318447
3572.0,20.0,0.5463768115941895,13.035807731641144,0.5463768115941895,13.035020845356245,0.0006999978291358671,0.0020868884557641845
3573.0,20.0,0.5463365539452362,13.035794443769122,0.5463365539452362,13.035008867766814,0.0006999979350101602,0.002085578067298296
3574.0,20.0,0.5462962962962828,13.0357811558971,0.5462962962962828,13.034996888000386,0.000699998035720903,0.002084269860994211
3575.0,20.0,0.5462560386473295,13.035767868025077,0.5462560386473295,13.034984906060341,0.0006999981315199249,0.0020829638332180217
3576.0,20.0,0.5462157809983762,13.035754580153055,0.5462157809983762,13.034972921950066,0.0006999982226467735,0.002081659980341873
3577.0,20.0,0.5461755233494229,13.035741292281033,0.5461755233494229,13.034960935672958,0.0006999983093293132,0.0020803582987439498
3578.0,20.0,0.5461352657004696,13.03572800440901,0.5461352657004696,13.034948947232417,0.0006999983917842955,0.0020790587848084695
3579.0,20.0,0.5460950080515162,13.035714716536987,0.5460950080515162,13.034936956631844,0.0006999984702179009,0.00207776143492567
3580.0,20.0,0.5460547504025629,13.035701428664964,0.5460547504025629,13.034924963874646,0.0006999985448262543,0.0020764662454918013
3581.0,20.0,0.5460144927536096,13.035688140792942,0.5460144927536096,13.034912968964239,0.0006999986157959153,0.0020751732129091136
3582.0,20.0,0.5459742351046563,13.03567485292092,0.5459742351046563,13.034900971904031,0.0006999986833043451,0.002073882333585849
3583.0,20.0,0.5459339774557029,13.035661565048898,0.5459339774557029,13.034888972697441,0.0006999987475203499,0.0020725936039362306
3584.0,20.0,0.5458937198067496,13.035648277176875,0.5458937198067496,13.034876971347892,0.0006999988086045032,0.0020713070203804535
3585.0,20.0,0.5458534621577963,13.035634989304853,0.5458534621577963,13.034864967858798,0.0006999988667095472,0.0020700225793446733
3586.0,20.0,0.545813204508843,13.03562170143283,0.545813204508843,13.034852962233588,0.0006999989219807748,0.0020687402772609975
3587.0,20.0,0.5457729468598896,13.035608413560809,0.5457729468598896,13.034840954475685,0.0006999989745563928,0.002067460110567475
3588.0,20.0,0.5457326892109363,13.035595125688786,0.5457326892109363,13.03482894458851,0.0006999990245678677,0.0020661820757080867
3589.0,20.0,0.545692431561983,13.035581837816762,0.545692431561983,13.03481693257549,0.0006999990721402541,0.0020649061691327348
3590.0,20.0,0.5456521739130297,13.03556854994474,0.5456521739130297,13.03480491844005,0.0006999991173925079,0.002063632387297233
3591.0,20.0,0.5456119162640763,13.035555262072718,0.5456119162640763,13.034792902185618,0.0006999991604377832,0.002062360726663298
3592.0,20.0,0.545571658615123,13.035541974200695,0.545571658615123,13.034780883815614,0.0006999992013837156,0.0020610911836985387
3593.0,20.0,0.5455314009661697,13.035528686328673,0.5455314009661697,13.034768863333465,0.0006999992403326913,0.0020598237548764458
3594.0,20.0,0.5454911433172164,13.035515398456651,0.5454911433172164,13.034756840742594,0.0006999992773821032,0.002058558436676383
3595.0,20.0,0.545450885668263,13.035502110584629,0.545450885668263,13.03474481604642,0.0006999993126245938,0.002057295225583576
3596.0,20.0,0.5454106280193097,13.035488822712606,0.5454106280193097,13.034732789248368,0.000699999346148288,0.002056034118089105
3597.0,20.0,0.5453703703703564,13.035475534840584,0.5453703703703564,13.034720760351856,0.0006999993780370123,0.0020547751106898926
3598.0,20.0,0.5453301127214031,13.03546224696856,0.5453301127214031,13.034708729360302,0.000699999408370505,0.0020535181998886953
3599.0,20.0,0.5452898550724498,13.035448959096538,0.5452898550724498,13.03469669627712,0.000699999437224616,0.002052263382194093
3600.0,20.0,0.5452495974234964,13.035435671224516,0.5452495974234964,13.034684661105723,0.0006999994646714953,0.0020510106541204807
